$ date -R
Mon, 06 Jul 2026 12:50:32 +0100
$ git checkout master
Already on 'master'
$ git reset --hard stable
HEAD is now at d2c9a99135da9 Merge tag 'device-id-rework' of git://git.kernel.org/pub/scm/linux/kernel/git/ukleinek/linux
Merging origin/master (8cdeaa50eae8d Linux 7.2-rc2)
$ git merge -m Merge branch 'master' of https://git.kernel.org/pub/scm/linux/kernel/git/torvalds/linux.git origin/master
Updating d2c9a99135da9..8cdeaa50eae8d
Fast-forward (no commit created; -m option ignored)
 .../devicetree/bindings/spi/snps,dw-apb-ssi.yaml   |   4 +-
 Documentation/filesystems/smb/ksmbd.rst            |   4 +-
 Documentation/sound/codecs/tas675x.rst             |  11 +-
 MAINTAINERS                                        |   3 +-
 Makefile                                           |   2 +-
 arch/mips/configs/cu1000-neo_defconfig             |   2 +-
 arch/mips/configs/cu1830-neo_defconfig             |   2 +-
 arch/mips/configs/gcw0_defconfig                   |   2 +-
 arch/mips/dec/platform.c                           |   6 +-
 arch/mips/include/asm/irq_work.h                   |   9 +
 arch/mips/include/asm/smp.h                        |   2 +
 arch/mips/loongson64/smp.c                         |  10 ++
 arch/mips/mm/init.c                                |   5 +-
 arch/mips/vdso/elf.S                               |   3 +
 arch/riscv/Kconfig                                 |   3 +-
 arch/riscv/kernel/asm-offsets.c                    |   4 +-
 arch/riscv/kernel/entry.S                          |   8 +-
 arch/riscv/kernel/probes/rethook_trampoline.S      |   3 +
 arch/riscv/kernel/smpboot.c                        |   5 +-
 arch/riscv/kernel/vdso/note.S                      |   3 +
 arch/x86/kernel/cpu/resctrl/monitor.c              |   5 +
 arch/x86/kernel/uprobes.c                          |  26 ++-
 arch/x86/xen/mmu_pv.c                              |  15 +-
 drivers/accel/amdxdna/aie2_ctx.c                   |  68 ++++++--
 drivers/accel/amdxdna/amdxdna_ctx.h                |   1 +
 drivers/accel/amdxdna/amdxdna_iommu.c              |  43 +++--
 drivers/accel/amdxdna/amdxdna_pci_drv.c            |  38 ++---
 drivers/accel/amdxdna/amdxdna_pci_drv.h            |   1 +
 drivers/acpi/acpi_tad.c                            |   2 +-
 drivers/acpi/acpica/acutils.h                      |   2 -
 drivers/acpi/acpica/utnonansi.c                    |  16 --
 drivers/acpi/riscv/rimt.c                          |   7 +-
 drivers/dma-buf/dma-fence-unwrap.c                 |   3 +
 drivers/dma-buf/dma-fence.c                        |   6 +-
 drivers/gpio/gpio-f7188x.c                         |   6 +-
 drivers/gpio/gpio-htc-egpio.c                      |   6 +-
 drivers/gpio/gpio-mt7621.c                         |  27 +--
 drivers/gpio/gpio-mvebu.c                          |   5 +-
 drivers/gpio/gpio-shared-proxy.c                   |  76 ++++-----
 drivers/gpio/gpio-timberdale.c                     |   2 +-
 drivers/gpio/gpiolib-shared.c                      |   9 +-
 drivers/gpio/gpiolib-shared.h                      |  28 +--
 drivers/gpu/drm/amd/amdgpu/amdgpu_acp.c            |  13 +-
 drivers/gpu/drm/amd/amdgpu/amdgpu_cs.c             |   2 +-
 drivers/gpu/drm/amd/amdgpu/amdgpu_device.c         |   2 -
 drivers/gpu/drm/amd/amdgpu/amdgpu_discovery.c      |  12 ++
 drivers/gpu/drm/amd/amdgpu/amdgpu_drv.c            |   8 +
 drivers/gpu/drm/amd/amdgpu/amdgpu_gem.c            |   1 +
 drivers/gpu/drm/amd/amdgpu/amdgpu_gmc.c            |   2 +
 drivers/gpu/drm/amd/amdgpu/amdgpu_hmm.c            |   3 +-
 drivers/gpu/drm/amd/amdgpu/amdgpu_mes.h            |   2 +
 drivers/gpu/drm/amd/amdgpu/amdgpu_ttm.c            |  46 +++--
 drivers/gpu/drm/amd/amdgpu/amdgpu_ttm.h            |   2 +-
 drivers/gpu/drm/amd/amdgpu/amdgpu_userq.c          |   4 +-
 drivers/gpu/drm/amd/amdgpu/amdgpu_uvd.c            |   8 +
 drivers/gpu/drm/amd/amdgpu/amdgpu_vce.c            |  17 +-
 drivers/gpu/drm/amd/amdgpu/amdgpu_vm.c             |  58 ++++---
 drivers/gpu/drm/amd/amdgpu/amdgpu_vm.h             |   9 +-
 drivers/gpu/drm/amd/amdgpu/gfx_v10_0.c             |  13 +-
 drivers/gpu/drm/amd/amdgpu/gfx_v11_0.c             |  78 ++++++---
 drivers/gpu/drm/amd/amdgpu/gfx_v12_0.c             |  69 +++++---
 drivers/gpu/drm/amd/amdgpu/gfx_v12_1.c             |  24 ++-
 drivers/gpu/drm/amd/amdgpu/gfx_v8_0.c              |   3 -
 drivers/gpu/drm/amd/amdgpu/gfx_v9_0.c              |  10 +-
 drivers/gpu/drm/amd/amdgpu/gfx_v9_4_3.c            |  11 +-
 drivers/gpu/drm/amd/amdgpu/gmc_v11_0.c             |   4 +
 drivers/gpu/drm/amd/amdgpu/imu_v11_0.c             |   2 +
 drivers/gpu/drm/amd/amdgpu/jpeg_v4_0_3.c           |   2 +-
 drivers/gpu/drm/amd/amdgpu/jpeg_v5_0_1.c           |   2 +-
 drivers/gpu/drm/amd/amdgpu/mes_v11_0.c             |   6 +
 drivers/gpu/drm/amd/amdgpu/mes_v12_0.c             |   2 +
 drivers/gpu/drm/amd/amdgpu/mes_v12_1.c             |   2 +
 drivers/gpu/drm/amd/amdgpu/psp_v15_0.c             |   2 +
 drivers/gpu/drm/amd/amdgpu/sdma_v4_4_2.c           |   4 +-
 drivers/gpu/drm/amd/amdgpu/sdma_v5_0.c             |   4 +-
 drivers/gpu/drm/amd/amdgpu/sdma_v5_2.c             |   4 +-
 drivers/gpu/drm/amd/amdgpu/sdma_v6_0.c             |   4 +-
 drivers/gpu/drm/amd/amdgpu/sdma_v7_0.c             |   4 +-
 drivers/gpu/drm/amd/amdgpu/sdma_v7_1.c             |   4 +-
 drivers/gpu/drm/amd/amdgpu/soc21.c                 |  56 ++++++
 drivers/gpu/drm/amd/amdgpu/soc24.c                 |  28 +++
 drivers/gpu/drm/amd/amdgpu/vcn_v4_0.c              |  15 +-
 drivers/gpu/drm/amd/amdkfd/kfd_chardev.c           |  12 +-
 drivers/gpu/drm/amd/amdkfd/kfd_crat.c              |   2 +
 drivers/gpu/drm/amd/amdkfd/kfd_device.c            |  10 ++
 drivers/gpu/drm/amd/amdkfd/kfd_migrate.c           |   2 +-
 drivers/gpu/drm/amd/amdkfd/kfd_mqd_manager.h       |   1 +
 drivers/gpu/drm/amd/amdkfd/kfd_mqd_manager_v10.c   |   4 +-
 drivers/gpu/drm/amd/amdkfd/kfd_mqd_manager_v11.c   |   4 +-
 drivers/gpu/drm/amd/amdkfd/kfd_mqd_manager_v12.c   |   4 +-
 drivers/gpu/drm/amd/amdkfd/kfd_mqd_manager_v12_1.c |   4 +-
 drivers/gpu/drm/amd/amdkfd/kfd_mqd_manager_v9.c    |  25 ++-
 drivers/gpu/drm/amd/amdkfd/kfd_mqd_manager_vi.c    |   4 +-
 drivers/gpu/drm/amd/display/amdgpu_dm/amdgpu_dm.c  |  10 +-
 drivers/gpu/drm/amd/display/dc/core/dc.c           |  16 +-
 .../gpu/drm/amd/display/dc/dccg/dcn42/dcn42_dccg.h |  62 ++++---
 .../drm/amd/display/dc/dce/dce_stream_encoder.c    |  15 +-
 .../drm/amd/display/dc/dce/dce_stream_encoder.h    |   3 +-
 .../gpu/drm/amd/display/dc/link/link_detection.c   |   5 +-
 .../gpu/drm/amd/display/modules/hdcp/hdcp_log.c    |  30 ++--
 drivers/gpu/drm/amd/include/mes_v11_api_def.h      |   2 +
 drivers/gpu/drm/amd/pm/amdgpu_pm.c                 |  26 ++-
 .../gpu/drm/amd/pm/swsmu/smu13/smu_v13_0_0_ppt.c   |  11 +-
 .../gpu/drm/amd/pm/swsmu/smu13/smu_v13_0_7_ppt.c   |  15 +-
 drivers/gpu/drm/arm/display/komeda/komeda_dev.c    |   6 +-
 drivers/gpu/drm/arm/display/komeda/komeda_drv.c    |  14 +-
 drivers/gpu/drm/arm/malidp_drv.c                   |  22 ++-
 drivers/gpu/drm/display/drm_dp_mst_topology.c      |   4 +-
 drivers/gpu/drm/i915/display/intel_bios.c          |  36 +++-
 drivers/gpu/drm/i915/display/intel_hdcp.c          |  12 +-
 drivers/gpu/drm/i915/display/intel_vrr.c           |   4 +
 drivers/gpu/drm/i915/i915_active.c                 |   7 +-
 drivers/gpu/drm/imagination/pvr_context.c          |  18 +-
 drivers/gpu/drm/imagination/pvr_drv.c              |  19 ++-
 drivers/gpu/drm/imagination/pvr_queue.c            |   6 +-
 drivers/gpu/drm/imagination/pvr_queue.h            |   2 +-
 drivers/gpu/drm/imagination/pvr_vm.c               |   6 +-
 drivers/gpu/drm/panthor/panthor_device.c           |   4 +
 drivers/gpu/drm/panthor/panthor_device.h           |  17 +-
 drivers/gpu/drm/panthor/panthor_fw.c               |   6 +-
 drivers/gpu/drm/panthor/panthor_gpu.c              |   3 +-
 drivers/gpu/drm/panthor/panthor_mmu.c              |   9 +-
 drivers/gpu/drm/panthor/panthor_pwr.c              |  10 +-
 drivers/gpu/drm/panthor/panthor_sched.c            | 108 ++++++------
 drivers/gpu/drm/virtio/virtgpu_vq.c                |   3 +-
 drivers/gpu/drm/xe/display/xe_display_bo.c         |   3 +-
 drivers/gpu/drm/xe/display/xe_fb_pin.c             |   3 +-
 drivers/gpu/drm/xe/tests/xe_rtp_test.c             | 103 +++++------
 drivers/gpu/drm/xe/xe_drm_client.c                 |  12 +-
 drivers/gpu/drm/xe/xe_gt_debugfs.c                 |   4 +-
 drivers/gpu/drm/xe/xe_guc_relay.c                  |  13 +-
 drivers/gpu/drm/xe/xe_guc_submit.c                 |   9 +-
 drivers/gpu/drm/xe/xe_hw_engine.c                  |  20 +--
 drivers/gpu/drm/xe/xe_hw_engine_types.h            |   8 +
 drivers/gpu/drm/xe/xe_oa.c                         |   7 +
 drivers/gpu/drm/xe/xe_oa_types.h                   |   3 +
 drivers/gpu/drm/xe/xe_pt.c                         |  67 ++++++--
 drivers/gpu/drm/xe/xe_reg_whitelist.c              | 102 +++++++++--
 drivers/gpu/drm/xe/xe_reg_whitelist.h              |   4 +
 drivers/gpu/drm/xe/xe_rtp.c                        |  31 ++--
 drivers/gpu/drm/xe/xe_rtp.h                        |  24 ++-
 drivers/gpu/drm/xe/xe_rtp_types.h                  |  10 ++
 drivers/gpu/drm/xe/xe_svm.c                        |   6 +-
 drivers/gpu/drm/xe/xe_svm.h                        |  15 +-
 drivers/gpu/drm/xe/xe_tuning.c                     |  45 +++--
 drivers/gpu/drm/xe/xe_userptr.c                    |   2 +-
 drivers/gpu/drm/xe/xe_wa.c                         |  89 +++++-----
 drivers/irqchip/irq-gic-v3-its.c                   |   6 +-
 drivers/irqchip/irq-riscv-imsic-early.c            |  15 +-
 drivers/irqchip/irq-ts4800.c                       |  10 ++
 drivers/pinctrl/meson/pinctrl-meson.c              |   2 +-
 drivers/s390/char/monwriter.c                      |   3 +
 drivers/s390/crypto/pkey_api.c                     |  11 +-
 drivers/spi/spi-dw-core.c                          |   2 +-
 drivers/spi/spi-dw-dma.c                           |   3 +-
 drivers/spi/spi-rzv2h-rspi.c                       |   4 +-
 drivers/spi/spi-sh-msiof.c                         |  10 +-
 drivers/spi/spi.c                                  |   3 +
 drivers/xen/gntalloc.c                             |  19 ++-
 drivers/xen/gntdev.c                               |   8 +-
 drivers/xen/pvcalls-front.c                        |  88 ++++++++--
 drivers/xen/xen-front-pgdir-shbuf.c                |  12 +-
 drivers/xen/xenbus/xenbus_xs.c                     |   6 +
 fs/afs/callback.c                                  |  17 +-
 fs/afs/cell.c                                      |  27 ++-
 fs/afs/cmservice.c                                 |   7 +-
 fs/afs/dir.c                                       |  40 +++--
 fs/afs/dynroot.c                                   |   2 +-
 fs/afs/fs_operation.c                              |   2 +-
 fs/afs/inode.c                                     |  15 +-
 fs/afs/internal.h                                  |   3 +-
 fs/afs/super.c                                     |   5 +-
 fs/afs/symlink.c                                   |   4 +-
 fs/afs/vl_list.c                                   |  24 ++-
 fs/afs/volume.c                                    |   2 +-
 fs/bpf_fs_kfuncs.c                                 |  23 ++-
 fs/cachefiles/namei.c                              |   4 +-
 fs/exec.c                                          |   2 +-
 fs/exfat/iomap.c                                   |   5 +-
 fs/fat/dir.c                                       |  44 ++++-
 fs/fhandle.c                                       |   2 +-
 fs/freevxfs/vxfs_bmap.c                            |   3 +-
 fs/fuse/file.c                                     |  14 +-
 fs/iomap/bio.c                                     |  15 +-
 fs/iomap/buffered-io.c                             |  16 +-
 fs/iomap/direct-io.c                               |   7 +-
 fs/iomap/ioend.c                                   |   8 +-
 fs/minix/minix.h                                   |   2 +-
 fs/namei.c                                         |   4 +
 fs/netfs/buffered_read.c                           |   2 +-
 fs/netfs/buffered_write.c                          |   2 +-
 fs/netfs/direct_write.c                            |  18 +-
 fs/netfs/internal.h                                |  12 ++
 fs/netfs/locking.c                                 |  95 +++++++++++
 fs/netfs/read_retry.c                              |   7 +-
 fs/netfs/write_collect.c                           |  10 ++
 fs/netfs/write_issue.c                             |  55 +++---
 fs/netfs/write_retry.c                             |   7 +-
 fs/ntfs/aops.c                                     |   6 +-
 fs/ntfs3/inode.c                                   |   5 +-
 fs/orangefs/dir.c                                  |   7 +-
 fs/overlayfs/copy_up.c                             |  12 +-
 fs/overlayfs/inode.c                               |   4 +-
 fs/proc/generic.c                                  |   9 +-
 fs/resctrl/monitor.c                               |  37 ++--
 fs/smb/client/cifsfs.h                             |   4 +-
 fs/smb/client/file.c                               |   1 +
 fs/smb/client/smb2pdu.c                            |   8 +-
 fs/smb/server/ksmbd_work.h                         |   7 +
 fs/smb/server/oplock.c                             | 109 ++++++++++--
 fs/smb/server/server.c                             |  14 ++
 fs/smb/server/smb2misc.c                           |  18 +-
 fs/smb/server/smb2pdu.c                            |  17 +-
 fs/smb/server/smbacl.c                             |  15 +-
 fs/smb/server/vfs.c                                |  14 +-
 fs/smb/server/vfs_cache.c                          |  79 ++++++---
 fs/xfs/libxfs/xfs_dquot_buf.c                      |  14 +-
 fs/xfs/scrub/agheader_repair.c                     |   2 +-
 fs/xfs/xfs_aops.c                                  |   3 +-
 fs/xfs/xfs_buf.c                                   | 190 +++++++++++----------
 fs/xfs/xfs_buf.h                                   |   2 +-
 fs/xfs/xfs_buf_item.c                              |   3 +-
 fs/xfs/xfs_inode.c                                 |   3 +-
 fs/xfs/xfs_log_recover.c                           |   6 +-
 fs/xfs/xfs_qm.c                                    |   5 +-
 fs/xfs/xfs_super.c                                 |   3 +
 include/acpi/platform/aclinuxex.h                  |   1 +
 include/drm/display/drm_dp_helper.h                |   1 +
 include/drm/drm_fixed.h                            |   3 +-
 include/drm/drm_ras.h                              |   2 +
 include/linux/iomap.h                              |   2 +
 include/linux/netfs.h                              |  13 +-
 include/xen/interface/xen-mca.h                    |   4 +-
 include/xen/interface/xen.h                        |   8 +-
 kernel/events/core.c                               |  17 +-
 kernel/futex/requeue.c                             |   6 -
 lib/iov_iter.c                                     |  20 ++-
 lib/raid/raid6/riscv/recov_rvv.c                   |   1 +
 lib/raid/raid6/riscv/rvv.c                         |   1 +
 lib/scatterlist.c                                  |   1 +
 lib/tests/kunit_iov_iter.c                         |   5 +-
 scripts/sorttable.c                                |  11 +-
 sound/hda/codecs/realtek/alc269.c                  |   1 +
 sound/soc/amd/yc/acp6x-mach.c                      |   7 +
 sound/soc/codecs/lpass-va-macro.c                  |   7 +-
 sound/soc/codecs/tas675x.c                         |  14 +-
 sound/soc/renesas/rcar/adg.c                       |  29 +++-
 sound/soc/renesas/rcar/src.c                       |   2 +
 sound/soc/sof/sof-client-probes-ipc3.c             |  23 ++-
 sound/soc/sof/sof-client-probes-ipc4.c             |  11 +-
 sound/usb/usx2y/us144mkii.c                        |  17 +-
 sound/usb/usx2y/us144mkii_capture.c                |   2 +-
 tools/testing/selftests/filesystems/.gitignore     |   1 +
 tools/testing/selftests/filesystems/Makefile       |   4 +
 .../selftests/filesystems/idmapped_tmpfile.c       | 168 ++++++++++++++++++
 tools/testing/selftests/x86/test_shadow_stack.c    |  86 ++++++++++
 256 files changed, 2699 insertions(+), 1261 deletions(-)
 create mode 100644 arch/mips/include/asm/irq_work.h
 create mode 100644 tools/testing/selftests/filesystems/idmapped_tmpfile.c
Merging ext4-fixes/fixes (981fcc5674e67 jbd2: fix deadlock in jbd2_journal_cancel_revoke())
$ git merge -m Merge branch 'fixes' of https://git.kernel.org/pub/scm/linux/kernel/git/tytso/ext4.git ext4-fixes/fixes
Already up to date.
Merging vfs-brauner-fixes/vfs.fixes (24dddc384fb9a Merge patch series "iomap: consolidate bio submission")
$ git merge -m Merge branch 'vfs.fixes' of https://git.kernel.org/pub/scm/linux/kernel/git/vfs/vfs.git vfs-brauner-fixes/vfs.fixes
Already up to date.
Merging fscrypt-current/for-current (dc59e4fea9d83 Linux 7.2-rc1)
$ git merge -m Merge branch 'for-current' of https://git.kernel.org/pub/scm/fs/fscrypt/linux.git fscrypt-current/for-current
Already up to date.
Merging fsverity-current/for-current (dc59e4fea9d83 Linux 7.2-rc1)
$ git merge -m Merge branch 'for-current' of https://git.kernel.org/pub/scm/fs/fsverity/linux.git fsverity-current/for-current
Already up to date.
Merging btrfs-fixes/next-fixes (6c893b948351d Merge branch 'misc-7.2' into next-fixes)
$ git merge -m Merge branch 'next-fixes' of https://git.kernel.org/pub/scm/linux/kernel/git/kdave/linux.git btrfs-fixes/next-fixes
Merge made by the 'ort' strategy.
 fs/btrfs/file-item.c        | 26 +++++++++++++++++++++++++-
 fs/btrfs/free-space-cache.c |  3 +++
 fs/btrfs/ioctl.c            | 18 ++++++++++++------
 fs/btrfs/lzo.c              | 15 ++++++++++++---
 fs/btrfs/print-tree.c       |  8 ++++----
 fs/btrfs/props.c            | 16 +++++++++++++---
 fs/btrfs/relocation.c       | 15 +++++++--------
 fs/btrfs/tree-checker.c     |  6 ++++++
 8 files changed, 82 insertions(+), 25 deletions(-)
Merging vfs-fixes/fixes (49c5d168a3a8f udf: fix nls leak on udf_fill_super() failure)
$ git merge -m Merge branch 'fixes' of https://git.kernel.org/pub/scm/linux/kernel/git/viro/vfs.git vfs-fixes/fixes
Auto-merging fs/udf/super.c
Merge made by the 'ort' strategy.
Merging erofs-fixes/fixes (1006b2f57f773 erofs: use more informative s_id for file-backed mounts)
$ git merge -m Merge branch 'fixes' of https://git.kernel.org/pub/scm/linux/kernel/git/xiang/erofs.git erofs-fixes/fixes
Merge made by the 'ort' strategy.
 fs/erofs/super.c | 17 ++++-------------
 1 file changed, 4 insertions(+), 13 deletions(-)
Merging nfsd-fixes/nfsd-fixes (92ea163c773cb NFSD: Prevent post-shutdown use-after-free in NFSD_CMD_UNLOCK_FILESYSTEM)
$ git merge -m Merge branch 'nfsd-fixes' of https://git.kernel.org/pub/scm/linux/kernel/git/cel/linux nfsd-fixes/nfsd-fixes
Merge made by the 'ort' strategy.
 fs/nfsd/nfsctl.c | 7 ++++---
 1 file changed, 4 insertions(+), 3 deletions(-)
Merging v9fs-fixes/fixes/next (028ef9c96e961 Linux 7.0)
$ git merge -m Merge branch 'fixes/next' of https://git.kernel.org/pub/scm/linux/kernel/git/ericvh/v9fs.git v9fs-fixes/fixes/next
Already up to date.
Merging overlayfs-fixes/ovl-fixes (4549871118cf6 Linux 7.1-rc7)
$ git merge -m Merge branch 'ovl-fixes' of https://git.kernel.org/pub/scm/linux/kernel/git/overlayfs/vfs.git overlayfs-fixes/ovl-fixes
Already up to date.
Merging fscrypt/for-next (2d0afaac9137e fscrypt: Remove workaround for bug in gcc 7 and earlier)
$ git merge -m Merge branch 'for-next' of https://git.kernel.org/pub/scm/fs/fscrypt/linux.git fscrypt/for-next
Merge made by the 'ort' strategy.
 fs/crypto/crypto.c                 | 40 ++++++++------------------------------
 fs/crypto/fscrypt_private.h        |  5 +----
 fs/crypto/keyring.c                | 21 +++++++++-----------
 fs/crypto/keysetup.c               | 26 ++++++++++---------------
 fs/crypto/policy.c                 | 17 ++--------------
 include/uapi/linux/fscrypt.h       |  1 -
 tools/include/uapi/linux/fscrypt.h |  1 -
 7 files changed, 30 insertions(+), 81 deletions(-)
Merging btrfs/for-next (0542d886e45d5 Merge branch 'for-next-current-v7.1-20260630' into for-next-20260630)
$ git merge -m Merge branch 'for-next' of https://git.kernel.org/pub/scm/linux/kernel/git/kdave/linux.git btrfs/for-next
Merge made by the 'ort' strategy.
Merging ceph/master (1397040896280 selftests: ceph: wire up Ceph reset kselftests and documentation)
$ git merge -m Merge branch 'master' of https://github.com/ceph/ceph-client.git ceph/master
Auto-merging MAINTAINERS
Auto-merging tools/testing/selftests/Makefile
Merge made by the 'ort' strategy.
 MAINTAINERS                                        |   1 +
 tools/testing/selftests/Makefile                   |   1 +
 tools/testing/selftests/filesystems/ceph/Makefile  |   7 +
 tools/testing/selftests/filesystems/ceph/README    |  84 +++
 .../filesystems/ceph/reset_corner_cases.sh         | 646 +++++++++++++++++++
 .../selftests/filesystems/ceph/reset_stress.sh     | 694 +++++++++++++++++++++
 .../selftests/filesystems/ceph/run_validation.sh   | 350 +++++++++++
 tools/testing/selftests/filesystems/ceph/settings  |   1 +
 .../filesystems/ceph/validate_consistency.py       | 297 +++++++++
 9 files changed, 2081 insertions(+)
 create mode 100644 tools/testing/selftests/filesystems/ceph/Makefile
 create mode 100644 tools/testing/selftests/filesystems/ceph/README
 create mode 100755 tools/testing/selftests/filesystems/ceph/reset_corner_cases.sh
 create mode 100755 tools/testing/selftests/filesystems/ceph/reset_stress.sh
 create mode 100755 tools/testing/selftests/filesystems/ceph/run_validation.sh
 create mode 100644 tools/testing/selftests/filesystems/ceph/settings
 create mode 100755 tools/testing/selftests/filesystems/ceph/validate_consistency.py
Merging cifs/for-next (816059941cb64 smb: client: fix busy dentry warning on unmount after DIO)
$ git merge -m Merge branch 'for-next' of git://git.samba.org/sfrench/cifs-2.6.git cifs/for-next
Merge made by the 'ort' strategy.
 fs/smb/client/cifs_fs_sb.h |  1 +
 fs/smb/client/cifsfs.c     | 12 ++++++++++++
 fs/smb/client/connect.c    |  1 +
 fs/smb/client/file.c       |  5 +++++
 fs/smb/client/inode.c      |  4 +---
 fs/smb/client/reparse.c    | 17 ++++++++++++++++-
 6 files changed, 36 insertions(+), 4 deletions(-)
Merging configfs/configfs-next (6363844fdbbb7 samples: configfs: Constify struct configfs_item_operations and configfs_group_operations)
$ git merge -m Merge branch 'configfs-next' of https://git.kernel.org/pub/scm/linux/kernel/git/a.hindborg/linux.git configfs/configfs-next
Already up to date.
Merging ecryptfs/next (95ce5ffd54cf6 ecryptfs: use kasprintf in ecryptfs_crypto_api_algify_cipher_name)
$ git merge -m Merge branch 'next' of https://git.kernel.org/pub/scm/linux/kernel/git/tyhicks/ecryptfs.git ecryptfs/next
Already up to date.
Merging dlm/next (e61113cfcaf71 dlm: init per node debugfs before add to node hash)
$ git merge -m Merge branch 'next' of https://git.kernel.org/pub/scm/linux/kernel/git/teigland/linux-dlm.git dlm/next
Already up to date.
Merging erofs/dev (dc59e4fea9d83 Linux 7.2-rc1)
$ git merge -m Merge branch 'dev' of https://git.kernel.org/pub/scm/linux/kernel/git/xiang/erofs.git erofs/dev
Already up to date.
Merging exfat/dev (5362e7aedd113 exfat: fix mmap data loss when extending valid_size over a shared mapping)
$ git merge -m Merge branch 'dev' of https://git.kernel.org/pub/scm/linux/kernel/git/linkinjeon/exfat.git exfat/dev
Auto-merging fs/exfat/iomap.c
Merge made by the 'ort' strategy.
 fs/exfat/exfat_fs.h |   2 +-
 fs/exfat/file.c     | 219 +++++++++++++++++++++++++++++++++++++++++++---------
 fs/exfat/iomap.c    |  22 +++++-
 3 files changed, 205 insertions(+), 38 deletions(-)
Merging ext3/for_next (b0961edc5667d Pull fsnotify watchdog fix.)
$ git merge -m Merge branch 'for_next' of https://git.kernel.org/pub/scm/linux/kernel/git/jack/linux-fs.git ext3/for_next
Merge made by the 'ort' strategy.
 fs/notify/fanotify/fanotify.c |  1 +
 fs/udf/balloc.c               | 12 ++++++++++--
 fs/udf/inode.c                | 25 ++++++++++++++++++++++---
 fs/udf/super.c                | 23 ++++++++++++++---------
 fs/udf/truncate.c             |  2 +-
 fs/udf/udfdecl.h              |  3 ++-
 6 files changed, 50 insertions(+), 16 deletions(-)
$ git reset --hard HEAD^
HEAD is now at 6b845f61b85ac Merge branch 'dev' of https://git.kernel.org/pub/scm/linux/kernel/git/linkinjeon/exfat.git
Merging next-20260703 version of ext3
$ git merge -m next-20260703/ext3 42093d1948d2de3991a8b20ac5d12df13b941aad
Merge made by the 'ort' strategy.
Merging ext4/dev (c143957520c6c ext4: validate donor file superblock early in EXT4_IOC_MOVE_EXT)
$ git merge -m Merge branch 'dev' of https://git.kernel.org/pub/scm/linux/kernel/git/tytso/ext4.git ext4/dev
Already up to date.
Merging f2fs/dev (dc59e4fea9d83 Linux 7.2-rc1)
$ git merge -m Merge branch 'dev' of https://git.kernel.org/pub/scm/linux/kernel/git/jaegeuk/f2fs.git f2fs/dev
Already up to date.
Merging fsverity/for-next (dc59e4fea9d83 Linux 7.2-rc1)
$ git merge -m Merge branch 'for-next' of https://git.kernel.org/pub/scm/fs/fsverity/linux.git fsverity/for-next
Already up to date.
Merging fuse/for-next (7d87a5a284bb3 fuse-uring: clear ent->fuse_req in commit_fetch error path)
$ git merge -m Merge branch 'for-next' of https://git.kernel.org/pub/scm/linux/kernel/git/mszeredi/fuse.git fuse/for-next
Already up to date.
Merging gfs2/for-next (5f80d9113360c Merge tag 'gfs2-for-7.2' of git://git.kernel.org/pub/scm/linux/kernel/git/gfs2/linux-gfs2)
$ git merge -m Merge branch 'for-next' of https://git.kernel.org/pub/scm/linux/kernel/git/gfs2/linux-gfs2.git gfs2/for-next
Already up to date.
Merging jfs/jfs-next (dad98c5b2a05e jfs: avoid -Wtautological-constant-out-of-range-compare warning again)
$ git merge -m Merge branch 'jfs-next' of https://github.com/kleikamp/linux-shaggy.git jfs/jfs-next
Already up to date.
Merging ksmbd/ksmbd-for-next (8cdeaa50eae8d Linux 7.2-rc2)
$ git merge -m Merge branch 'ksmbd-for-next' of https://github.com/smfrench/smb3-kernel.git ksmbd/ksmbd-for-next
Already up to date.
$ git am -3 ../patches/0001-ntfs3-Fix-up-merge-with-Linus.patch
Applying: ntfs3: Fix up merge with Linus
Using index info to reconstruct a base tree...
M	fs/ntfs3/file.c
Falling back to patching base and 3-way merge...
No changes -- Patch already applied.
Merging nfs/linux-next (dc59e4fea9d83 Linux 7.2-rc1)
$ git merge -m Merge branch 'linux-next' of git://git.linux-nfs.org/projects/trondmy/nfs-2.6.git nfs/linux-next
Already up to date.
Merging nfs-anna/linux-next (284ea3fb4f671 NFS: Use common error handling code in nfs_alloc_server())
$ git merge -m Merge branch 'linux-next' of git://git.linux-nfs.org/projects/anna/linux-nfs.git nfs-anna/linux-next
Already up to date.
Merging nfsd/nfsd-next (26ddc8a26f00b NFSD: Annotate caller preconditions for the state-table walkers)
$ git merge -m Merge branch 'nfsd-next' of https://git.kernel.org/pub/scm/linux/kernel/git/cel/linux nfsd/nfsd-next
Auto-merging fs/nfsd/nfsctl.c
Merge made by the 'ort' strategy.
 fs/lockd/svc.c                           |   4 +-
 fs/lockd/svc4proc.c                      |   4 +-
 fs/lockd/svclock.c                       |  42 +---
 fs/lockd/svcproc.c                       |   4 +-
 fs/lockd/svcsubs.c                       | 105 +++++++---
 fs/nfs/callback.c                        |   4 +-
 fs/nfs_common/nfslocalio.c               |  16 +-
 fs/nfsd/filecache.c                      | 143 +++++++-------
 fs/nfsd/flexfilelayoutxdr.c              |  20 +-
 fs/nfsd/localio.c                        |   8 +-
 fs/nfsd/lockd.c                          |   6 +-
 fs/nfsd/netns.h                          |  29 ++-
 fs/nfsd/nfs2acl.c                        |  21 +-
 fs/nfsd/nfs3acl.c                        |  17 +-
 fs/nfsd/nfs4callback.c                   | 113 +++++++++--
 fs/nfsd/nfs4layouts.c                    |  39 ++--
 fs/nfsd/nfs4proc.c                       |  84 ++++++--
 fs/nfsd/nfs4recover.c                    |  48 +++--
 fs/nfsd/nfs4state.c                      | 330 ++++++++++++++++++++++---------
 fs/nfsd/nfs4xdr.c                        |  27 ++-
 fs/nfsd/nfscache.c                       |   4 +-
 fs/nfsd/nfsctl.c                         |  79 +++++---
 fs/nfsd/nfsfh.c                          |  12 +-
 fs/nfsd/nfsproc.c                        |   7 +
 fs/nfsd/nfssvc.c                         |  61 +++---
 fs/nfsd/state.h                          |   4 +-
 fs/nfsd/trace.h                          |  18 +-
 fs/nfsd/vfs.c                            |  48 +++--
 include/linux/lockd/bind.h               |  12 +-
 include/linux/sunrpc/bc_xprt.h           |   5 +
 include/linux/sunrpc/svc.h               |   1 +
 include/linux/sunrpc/svc_rdma_pcl.h      |   4 +-
 net/sunrpc/auth_gss/auth_gss.c           |   6 +-
 net/sunrpc/auth_gss/gss_krb5_unseal.c    |   3 +
 net/sunrpc/auth_gss/gss_krb5_wrap.c      |  13 +-
 net/sunrpc/auth_gss/gss_rpc_upcall.c     |   6 -
 net/sunrpc/auth_gss/gss_rpc_upcall.h     |   1 -
 net/sunrpc/auth_gss/gss_rpc_xdr.c        |  15 +-
 net/sunrpc/auth_gss/svcauth_gss.c        |   8 +-
 net/sunrpc/backchannel_rqst.c            |  38 +++-
 net/sunrpc/cache.c                       |   7 +-
 net/sunrpc/sunrpc_syms.c                 |   1 +
 net/sunrpc/svc.c                         |  81 +++++++-
 net/sunrpc/svcauth_unix.c                |   4 +-
 net/sunrpc/xdr.c                         |   2 +-
 net/sunrpc/xprtrdma/ib_client.c          |  42 +++-
 net/sunrpc/xprtrdma/svc_rdma_pcl.c       |  63 +++++-
 net/sunrpc/xprtrdma/svc_rdma_recvfrom.c  |  24 ++-
 net/sunrpc/xprtrdma/svc_rdma_rw.c        |  52 +++--
 net/sunrpc/xprtrdma/svc_rdma_transport.c |  69 +++++--
 50 files changed, 1244 insertions(+), 510 deletions(-)
$ git am -3 ../patches/0001-Revert-smb-client-implement-fileattr_get-to-support-.patch
Applying: Revert "smb: client: implement fileattr_get to support FS_IOC_GETFLAGS"
Using index info to reconstruct a base tree...
M	fs/smb/client/cifsfs.c
M	fs/smb/client/cifsfs.h
M	fs/smb/client/inode.c
Falling back to patching base and 3-way merge...
Auto-merging fs/smb/client/inode.c
Auto-merging fs/smb/client/cifsfs.h
Auto-merging fs/smb/client/cifsfs.c
No changes -- Patch already applied.
Merging ntfs/ntfs-next (c02bbc2556708 ntfs: dir: use kmemdup() instead of kmalloc() and memcpy())
$ git merge -m Merge branch 'ntfs-next' of https://git.kernel.org/pub/scm/linux/kernel/git/linkinjeon/ntfs.git ntfs/ntfs-next
Auto-merging fs/ntfs/aops.c
Merge made by the 'ort' strategy.
 fs/ntfs/aops.c     | 17 ++++++++++++++-
 fs/ntfs/attrib.c   | 36 ++++++++++++++++++++-----------
 fs/ntfs/attrlist.c |  9 ++++++++
 fs/ntfs/dir.c      | 20 ++++++++++++------
 fs/ntfs/index.c    |  5 ++++-
 fs/ntfs/inode.c    |  9 ++++++++
 fs/ntfs/mft.c      | 11 ++++++----
 fs/ntfs/namei.c    | 62 +++++++++++++++++++++++++++---------------------------
 fs/ntfs/reparse.c  |  6 ++----
 9 files changed, 116 insertions(+), 59 deletions(-)
Merging ntfs3/master (dc59e4fea9d83 Linux 7.2-rc1)
$ git merge -m Merge branch 'master' of https://github.com/Paragon-Software-Group/linux-ntfs3.git ntfs3/master
Already up to date.
Merging orangefs/for-next (e61bc5e4d8743    bufmap: manage as folios, V2.)
$ git merge -m Merge branch 'for-next' of https://git.kernel.org/pub/scm/linux/kernel/git/hubcap/linux.git orangefs/for-next
Already up to date.
Merging overlayfs/overlayfs-next (1f6ee9be92f8d ovl: make fsync after metadata copy-up opt-in mount option)
$ git merge -m Merge branch 'overlayfs-next' of https://git.kernel.org/pub/scm/linux/kernel/git/overlayfs/vfs.git overlayfs/overlayfs-next
Already up to date.
Merging ubifs/next (11efa98bcc0d0 ubi: ubi.h: fix kernel-doc warnings)
$ git merge -m Merge branch 'next' of https://git.kernel.org/pub/scm/linux/kernel/git/rw/ubifs.git ubifs/next
Auto-merging drivers/mtd/ubi/ubi.h
Merge made by the 'ort' strategy.
 drivers/mtd/ubi/ubi.h | 9 ++++++---
 1 file changed, 6 insertions(+), 3 deletions(-)
Merging v9fs/9p-next (aa88278693cbf 9p: Add missing read barrier in virtio zero-copy path)
$ git merge -m Merge branch '9p-next' of https://github.com/martinetd/linux v9fs/9p-next
Already up to date.
Merging v9fs-ericvh/ericvh/for-next (028ef9c96e961 Linux 7.0)
$ git merge -m Merge branch 'ericvh/for-next' of https://git.kernel.org/pub/scm/linux/kernel/git/ericvh/v9fs.git v9fs-ericvh/ericvh/for-next
Already up to date.
Merging xfs/for-next (e4281086ae6ca xfs: simplify __xfs_buf_ioend)
$ git merge -m Merge branch 'for-next' of https://git.kernel.org/pub/scm/fs/xfs/xfs-linux.git xfs/for-next
Already up to date.
Merging zonefs/for-next (3a8389d42bdf4 zonefs: handle integer overflow in zonefs_fname_to_fno)
$ git merge -m Merge branch 'for-next' of https://git.kernel.org/pub/scm/linux/kernel/git/dlemoal/zonefs.git zonefs/for-next
Already up to date.
Merging vfs-brauner/vfs.all (cf6f88615485a Merge branch 'vfs-7.3.errno' into vfs.all)
$ git merge -m Merge branch 'vfs.all' of https://git.kernel.org/pub/scm/linux/kernel/git/vfs/vfs.git vfs-brauner/vfs.all
Auto-merging MAINTAINERS
Auto-merging fs/btrfs/ioctl.c
Auto-merging fs/erofs/super.c
Auto-merging fs/ntfs/namei.c
Auto-merging fs/smb/client/cifsfs.h
Auto-merging fs/smb/client/inode.c
Auto-merging fs/smb/server/smb2pdu.c
Auto-merging fs/smb/server/vfs.c
Auto-merging fs/xfs/xfs_buf.c
Auto-merging kernel/fork.c
Merge made by the 'ort' strategy.
 Documentation/filesystems/locking.rst              |   2 +-
 Documentation/filesystems/overlayfs.rst            |  16 +
 Documentation/filesystems/porting.rst              |   8 +
 Documentation/filesystems/vfs.rst                  |   2 +-
 MAINTAINERS                                        |   5 -
 block/bdev.c                                       | 113 +++-
 drivers/base/devtmpfs.c                            |   2 +-
 drivers/block/rnbd/rnbd-srv.c                      |   4 +-
 drivers/char/misc_minor_kunit.c                    |  25 +-
 drivers/crypto/ccp/sev-dev.c                       |  12 +-
 drivers/target/target_core_alua.c                  |  11 +-
 drivers/target/target_core_pr.c                    |   4 +-
 fs/9p/vfs_inode.c                                  |   5 +-
 fs/9p/vfs_inode_dotl.c                             |   4 +-
 fs/Kconfig                                         |   1 -
 fs/Makefile                                        |   1 -
 fs/affs/affs.h                                     |   2 +-
 fs/affs/namei.c                                    |   4 +-
 fs/afs/dir.c                                       |   6 +-
 fs/autofs/root.c                                   |   2 +-
 fs/bad_inode.c                                     |   2 +-
 fs/bfs/dir.c                                       |   2 +-
 fs/bpf_fs_kfuncs.c                                 |  37 ++
 fs/btrfs/dev-replace.c                             |  65 ++-
 fs/btrfs/inode.c                                   |   4 +-
 fs/btrfs/ioctl.c                                   |   4 +-
 fs/btrfs/volumes.c                                 | 116 +++-
 fs/btrfs/volumes.h                                 |   6 +-
 fs/ceph/dir.c                                      |   3 +-
 fs/coda/dir.c                                      |   9 +-
 fs/coredump.c                                      |  11 +-
 fs/cramfs/inode.c                                  |   2 +-
 fs/ecryptfs/inode.c                                |   2 +-
 fs/efivarfs/inode.c                                |   2 +-
 fs/efs/Kconfig                                     |  16 -
 fs/efs/Makefile                                    |   8 -
 fs/efs/dir.c                                       | 105 ----
 fs/efs/efs.h                                       | 144 -----
 fs/efs/file.c                                      |  42 --
 fs/efs/inode.c                                     | 315 ----------
 fs/efs/namei.c                                     | 120 ----
 fs/efs/super.c                                     | 368 ------------
 fs/efs/symlink.c                                   |  50 --
 fs/erofs/super.c                                   |  35 +-
 fs/exfat/namei.c                                   |   2 +-
 fs/ext2/namei.c                                    |   4 +-
 fs/ext4/extents-test.c                             |   9 +-
 fs/ext4/mballoc-test.c                             |   9 +-
 fs/ext4/namei.c                                    |   4 +-
 fs/ext4/super.c                                    |  12 +-
 fs/f2fs/namei.c                                    |   4 +-
 fs/f2fs/super.c                                    |   6 +-
 fs/fat/namei_msdos.c                               |   5 +-
 fs/fat/namei_vfat.c                                |   2 +-
 fs/fs_struct.c                                     | 103 +++-
 fs/fuse/dir.c                                      |  10 +-
 fs/gfs2/inode.c                                    |   7 +-
 fs/hfs/dir.c                                       |   4 +-
 fs/hfsplus/dir.c                                   |   4 +-
 fs/hostfs/hostfs_kern.c                            |   2 +-
 fs/hpfs/namei.c                                    |   6 +-
 fs/hugetlbfs/inode.c                               |   4 +-
 fs/inode.c                                         |  23 +-
 fs/internal.h                                      |   1 +
 fs/iomap/buffered-io.c                             |   6 +-
 fs/iomap/direct-io.c                               | 293 +++++++++-
 fs/iomap/ioend.c                                   |  21 +-
 fs/jffs2/dir.c                                     |   6 +-
 fs/jfs/namei.c                                     |   4 +-
 fs/kernel_read_file.c                              |   9 +-
 fs/minix/namei.c                                   |   4 +-
 fs/namei.c                                         |  30 +-
 fs/namespace.c                                     |  25 +-
 fs/nfs/blocklayout/dev.c                           |  15 +-
 fs/nfs/dir.c                                       |   6 +-
 fs/nfs/internal.h                                  |   2 +-
 fs/nilfs2/namei.c                                  |   4 +-
 fs/ntfs/namei.c                                    |   4 +-
 fs/ntfs3/namei.c                                   |   4 +-
 fs/nullfs.c                                        |  14 +-
 fs/ocfs2/dlmfs/dlmfs.c                             |   5 +-
 fs/ocfs2/namei.c                                   |   5 +-
 fs/ocfs2/super.c                                   |   1 -
 fs/omfs/dir.c                                      |   4 +-
 fs/orangefs/namei.c                                |   5 +-
 fs/overlayfs/dir.c                                 |  18 +-
 fs/overlayfs/inode.c                               |  26 +-
 fs/overlayfs/overlayfs.h                           |   1 +
 fs/overlayfs/super.c                               |   2 +-
 fs/overlayfs/xattrs.c                              |   1 +
 fs/posix_acl.c                                     |   2 -
 fs/proc/array.c                                    |   4 +-
 fs/proc/base.c                                     |   8 +-
 fs/proc_namespace.c                                |   4 +-
 fs/ramfs/inode.c                                   |   4 +-
 fs/romfs/super.c                                   |   2 +-
 fs/smb/client/cifsfs.h                             |   2 +-
 fs/smb/client/dir.c                                |   2 +-
 fs/smb/client/inode.c                              |   7 +
 fs/smb/server/mgmt/share_config.c                  |   4 +-
 fs/smb/server/smb2pdu.c                            |   4 +-
 fs/smb/server/vfs.c                                |   9 +-
 fs/super.c                                         | 639 ++++++++++++++-------
 fs/ubifs/dir.c                                     |   4 +-
 fs/udf/namei.c                                     |   4 +-
 fs/ufs/namei.c                                     |   5 +-
 fs/vboxsf/dir.c                                    |   4 +-
 fs/xfs/xfs_buf.c                                   |   2 +-
 fs/xfs/xfs_iops.c                                  |   7 +-
 fs/xfs/xfs_super.c                                 |  10 +-
 include/linux/blk_types.h                          |   2 +-
 include/linux/blkdev.h                             |  12 +-
 include/linux/efs_vh.h                             |  54 --
 include/linux/fs.h                                 |   4 +-
 include/linux/fs/super.h                           |   8 +
 include/linux/fs/super_types.h                     |   4 +-
 include/linux/fs_struct.h                          |  34 ++
 include/linux/init_task.h                          |   1 +
 include/linux/net.h                                |   1 +
 include/linux/sched.h                              |   1 +
 include/linux/sched/task.h                         |   1 +
 include/linux/types.h                              |   2 +
 include/uapi/asm-generic/errno.h                   |   2 +-
 include/uapi/linux/efs_fs_sb.h                     |  63 --
 init/init_task.c                                   |   1 +
 init/initramfs.c                                   |  14 +-
 init/initramfs_test.c                              | 220 +++----
 init/main.c                                        |  10 +-
 ipc/mqueue.c                                       |   7 +-
 kernel/exit.c                                      |   2 +-
 kernel/fork.c                                      |  53 +-
 kernel/kcmp.c                                      |   2 +-
 kernel/umh.c                                       |   6 +-
 mm/shmem.c                                         |   2 +-
 net/socket.c                                       |  25 +
 net/unix/af_unix.c                                 |  17 +-
 tools/testing/selftests/bpf/bpf_experimental.h     |   3 +
 .../testing/selftests/bpf/prog_tests/sock_xattr.c  |  67 +++
 .../testing/selftests/bpf/progs/sock_read_xattr.c  |  54 ++
 tools/testing/selftests/filesystems/.gitignore     |   1 +
 tools/testing/selftests/filesystems/Makefile       |   2 +-
 .../selftests/filesystems/overlayfs/.gitignore     |   1 +
 .../selftests/filesystems/overlayfs/Makefile       |   2 +
 .../filesystems/overlayfs/idmapped_mounts.c        | 501 ++++++++++++++++
 .../filesystems/overlayfs/set_layers_via_fds.c     |  16 +-
 tools/testing/selftests/filesystems/ustat_test.c   | 135 +++++
 tools/testing/selftests/proc/proc-pidns.c          |   1 +
 147 files changed, 2511 insertions(+), 1980 deletions(-)
 delete mode 100644 fs/efs/Kconfig
 delete mode 100644 fs/efs/Makefile
 delete mode 100644 fs/efs/dir.c
 delete mode 100644 fs/efs/efs.h
 delete mode 100644 fs/efs/file.c
 delete mode 100644 fs/efs/inode.c
 delete mode 100644 fs/efs/namei.c
 delete mode 100644 fs/efs/super.c
 delete mode 100644 fs/efs/symlink.c
 delete mode 100644 include/linux/efs_vh.h
 delete mode 100644 include/uapi/linux/efs_fs_sb.h
 create mode 100644 tools/testing/selftests/bpf/prog_tests/sock_xattr.c
 create mode 100644 tools/testing/selftests/bpf/progs/sock_read_xattr.c
 create mode 100644 tools/testing/selftests/filesystems/overlayfs/idmapped_mounts.c
 create mode 100644 tools/testing/selftests/filesystems/ustat_test.c
$ git am -3 ../patches/0001-ksmbd-Fix-removal-of-type-parameter-from-vfs_path_pa.patch
Applying: ksmbd: Fix removal of type parameter from vfs_path_parent_lookup()
Using index info to reconstruct a base tree...
M	fs/smb/server/vfs.c
Falling back to patching base and 3-way merge...
Auto-merging fs/smb/server/vfs.c
No changes -- Patch already applied.
Merging vfs/for-next (4dda01b67c866 Merge branches 'work.dcache', 'work.dcache-d_add' and 'work.configfs' into for-next)
$ git merge -m Merge branch 'for-next' of https://git.kernel.org/pub/scm/linux/kernel/git/viro/vfs.git vfs/for-next
Merge made by the 'ort' strategy.
Merging mm-hotfixes/mm-hotfixes-unstable (79973aa4f4d10 userfaultfd: wait on source PMD during UFFDIO_MOVE)
$ git merge -m Merge branch 'mm-hotfixes-unstable' of https://git.kernel.org/pub/scm/linux/kernel/git/akpm/mm mm-hotfixes/mm-hotfixes-unstable
Auto-merging .mailmap
Auto-merging MAINTAINERS
Merge made by the 'ort' strategy.
 .mailmap                                        |   5 +
 Documentation/ABI/testing/sysfs-kernel-mm-damon | 174 ++++++++++++------------
 MAINTAINERS                                     |   6 +-
 arch/m68k/include/asm/page_mm.h                 |   2 +
 arch/x86/kernel/sys_x86_64.c                    |  14 +-
 drivers/dax/bus.c                               |   7 +-
 drivers/virtio/virtio_balloon.c                 |   5 +-
 fs/fat/fat.h                                    |   4 +-
 fs/fat/fat_test.c                               |   4 +-
 fs/proc/page.c                                  |   2 +-
 include/linux/damon.h                           |  13 +-
 include/linux/fs.h                              |   5 +
 include/linux/page_ext.h                        |  19 ++-
 include/linux/page_reporting.h                  |   4 +-
 include/trace/events/memory-failure.h           |   6 +-
 kernel/cgroup/cpuset.c                          |   2 +-
 lib/test_hmm.c                                  |   2 +-
 mm/compaction.c                                 |   7 +-
 mm/damon/core.c                                 |  15 +-
 mm/damon/lru_sort.c                             |   2 -
 mm/damon/modules-common.c                       |   2 -
 mm/damon/modules-common.h                       |   2 -
 mm/damon/ops-common.c                           |   3 +-
 mm/damon/ops-common.h                           |   2 -
 mm/damon/paddr.c                                |   2 -
 mm/damon/reclaim.c                              |   2 -
 mm/damon/sysfs-common.c                         |   2 -
 mm/damon/sysfs-common.h                         |   2 -
 mm/damon/sysfs-schemes.c                        |  19 +--
 mm/damon/sysfs.c                                |   2 -
 mm/damon/tests/core-kunit.h                     |   4 -
 mm/damon/tests/sysfs-kunit.h                    |   2 -
 mm/damon/tests/vaddr-kunit.h                    |   4 -
 mm/damon/vaddr.c                                |   2 -
 mm/filemap.c                                    |   2 +-
 mm/huge_memory.c                                |  14 +-
 mm/hugetlb.c                                    |  16 ++-
 mm/hugetlb_cma.c                                |   2 +-
 mm/kmemleak.c                                   |   7 +-
 mm/madvise.c                                    |   3 +-
 mm/memremap.c                                   |   1 +
 mm/migrate.c                                    |   6 +-
 mm/mincore.c                                    |   3 +-
 mm/mm_init.c                                    |  15 +-
 mm/page_reporting.c                             |  24 ++--
 mm/page_vma_mapped.c                            |  33 +++--
 mm/shrinker.c                                   |  13 +-
 mm/shrinker_debug.c                             |  10 +-
 mm/userfaultfd.c                                |   5 +-
 samples/damon/mtier.c                           |   3 +
 tools/include/linux/overflow.h                  |   1 +
 tools/testing/selftests/mm/hmm-tests.c          |   1 +
 tools/testing/selftests/mm/ksft_process_madv.sh |   2 +-
 tools/testing/selftests/mm/pagemap_ioctl.c      |  12 +-
 tools/virtio/asm/percpu_types.h                 |   7 +
 tools/virtio/linux/completion.h                 |   9 ++
 tools/virtio/linux/device.h                     |   1 +
 tools/virtio/linux/dma-mapping.h                |   1 +
 tools/virtio/linux/mod_devicetable.h            |  14 ++
 tools/virtio/linux/virtio_features.h            |  79 +++++++++++
 60 files changed, 400 insertions(+), 232 deletions(-)
 create mode 100644 tools/virtio/asm/percpu_types.h
 create mode 100644 tools/virtio/linux/completion.h
 create mode 100644 tools/virtio/linux/mod_devicetable.h
 create mode 100644 tools/virtio/linux/virtio_features.h
Merging fs-current (69c4514f08f94 Merge branch 'nfsd-fixes' of https://git.kernel.org/pub/scm/linux/kernel/git/cel/linux)
$ git merge -m Merge branch 'fs-current' of linux-next fs-current
Merge made by the 'ort' strategy.
 fs/btrfs/file-item.c        | 26 +++++++++++++++++++++++++-
 fs/btrfs/free-space-cache.c |  3 +++
 fs/btrfs/ioctl.c            | 18 ++++++++++++------
 fs/btrfs/lzo.c              | 15 ++++++++++++---
 fs/btrfs/print-tree.c       |  8 ++++----
 fs/btrfs/props.c            | 16 +++++++++++++---
 fs/btrfs/relocation.c       | 15 +++++++--------
 fs/btrfs/tree-checker.c     |  6 ++++++
 fs/erofs/super.c            | 17 ++++-------------
 fs/nfsd/nfsctl.c            |  7 ++++---
 10 files changed, 90 insertions(+), 41 deletions(-)
Merging kbuild-current/kbuild-fixes-for-next (dc59e4fea9d83 Linux 7.2-rc1)
$ git merge -m Merge branch 'kbuild-fixes-for-next' of https://git.kernel.org/pub/scm/linux/kernel/git/kbuild/linux.git kbuild-current/kbuild-fixes-for-next
Already up to date.
Merging clang-fixes/clang-fixes-for-next (175db11786bde Disable -Wattribute-alias for clang-23 and newer)
$ git merge -m Merge branch 'clang-fixes-for-next' of https://git.kernel.org/pub/scm/linux/kernel/git/nathan/linux.git clang-fixes/clang-fixes-for-next
Already up to date.
Merging arc-current/for-curr (7aaa8047eafd0 Linux 7.0-rc6)
$ git merge -m Merge branch 'for-curr' of https://git.kernel.org/pub/scm/linux/kernel/git/vgupta/arc.git arc-current/for-curr
Already up to date.
Merging arm-current/fixes (009b6c6486b94 ARM: 9476/1: mm: fix kexec and hibernation with CONFIG_CPU_TTBR0_PAN)
$ git merge -m Merge branch 'fixes' of https://git.kernel.org/pub/scm/linux/kernel/git/rmk/linux.git arm-current/fixes
Already up to date.
Merging arm64-fixes/for-next/fixes (a52d6c7160f7e selftests/arm64: fix spelling errors in comments)
$ git merge -m Merge branch 'for-next/fixes' of https://git.kernel.org/pub/scm/linux/kernel/git/arm64/linux arm64-fixes/for-next/fixes
Merge made by the 'ort' strategy.
 Documentation/arch/arm64/cpu-hotplug.rst     | 28 +++++++++-------
 arch/arm64/include/asm/tlbbatch.h            | 10 ++----
 arch/arm64/include/asm/tlbflush.h            | 49 +++++-----------------------
 arch/arm64/kernel/acpi.c                     |  2 ++
 arch/arm64/kernel/fpsimd.c                   | 10 ++++--
 arch/arm64/kernel/process.c                  | 35 --------------------
 arch/arm64/kernel/smp.c                      | 28 ++++++++--------
 arch/arm64/mm/mmu.c                          | 11 +++++--
 arch/arm64/tools/sysreg                      |  2 +-
 tools/testing/selftests/arm64/gcs/libc-gcs.c |  2 +-
 tools/testing/selftests/arm64/pauth/pac.c    |  2 +-
 11 files changed, 61 insertions(+), 118 deletions(-)
Merging arm-soc-fixes/arm/fixes (9c648f3554920 Merge tag 'v7.1-rockchip-arm32fixe' of https://git.kernel.org/pub/scm/linux/kernel/git/mmind/linux-rockchip into arm/fixes)
$ git merge -m Merge branch 'arm/fixes' of https://git.kernel.org/pub/scm/linux/kernel/git/soc/soc.git arm-soc-fixes/arm/fixes
Already up to date.
Merging davinci-current/davinci/for-current (dc59e4fea9d83 Linux 7.2-rc1)
$ git merge -m Merge branch 'davinci/for-current' of https://git.kernel.org/pub/scm/linux/kernel/git/brgl/linux.git davinci-current/davinci/for-current
Already up to date.
Merging drivers-memory-fixes/fixes (dc59e4fea9d83 Linux 7.2-rc1)
$ git merge -m Merge branch 'fixes' of https://git.kernel.org/pub/scm/linux/kernel/git/krzk/linux-mem-ctrl.git drivers-memory-fixes/fixes
Already up to date.
Merging sophgo-fixes/fixes (19272b37aa4f8 Linux 6.16-rc1)
$ git merge -m Merge branch 'fixes' of https://github.com/sophgo/linux.git sophgo-fixes/fixes
Already up to date.
Merging sophgo-soc-fixes/soc-fixes (0af2f6be1b428 Linux 6.15-rc1)
$ git merge -m Merge branch 'soc-fixes' of https://github.com/sophgo/linux.git sophgo-soc-fixes/soc-fixes
Already up to date.
Merging m68k-current/for-linus (dc5200f6b1ada m68k: Correct CONFIG_MVME16x macro name in #endif comment)
$ git merge -m Merge branch 'for-linus' of https://git.kernel.org/pub/scm/linux/kernel/git/geert/linux-m68k.git m68k-current/for-linus
Already up to date.
Merging powerpc-fixes/fixes (5200f5f493f79 Linux 7.1-rc4)
$ git merge -m Merge branch 'fixes' of https://git.kernel.org/pub/scm/linux/kernel/git/powerpc/linux.git powerpc-fixes/fixes
Already up to date.
Merging s390-fixes/fixes (2995ccec260ca s390/monwriter: Reject buffer reuse with different data length)
$ git merge -m Merge branch 'fixes' of https://git.kernel.org/pub/scm/linux/kernel/git/s390/linux.git s390-fixes/fixes
Already up to date.
Merging net/main (9e05e91a9a847 amt: fix size calculation in amt_get_size())
$ git merge -m Merge branch 'main' of https://git.kernel.org/pub/scm/linux/kernel/git/netdev/net.git net/main
Merge made by the 'ort' strategy.
 drivers/net/amt.c                                  |  6 +-
 .../net/ethernet/marvell/octeontx2/nic/otx2_pf.c   | 21 +++---
 drivers/net/ethernet/mellanox/mlx5/core/en.h       | 12 ++++
 .../ethernet/mellanox/mlx5/core/en/hv_vhca_stats.c | 37 ++++++----
 drivers/net/ethernet/mellanox/mlx5/core/en_main.c  | 14 ++--
 drivers/net/ethernet/mellanox/mlx5/core/en_stats.c |  9 +--
 drivers/net/ethernet/mellanox/mlx5/core/en_tc.c    |  3 +
 .../net/ethernet/mellanox/mlx5/core/ipoib/ipoib.c  |  3 +-
 .../net/ethernet/mellanox/mlx5/core/lag/mpesw.c    |  7 +-
 .../ethernet/mellanox/mlx5/core/lag/shared_fdb.c   |  2 +-
 .../net/ethernet/mellanox/mlx5/core/lib/hv_vhca.c  |  8 ++-
 .../net/ethernet/mellanox/mlx5/core/lib/hv_vhca.h  |  6 +-
 .../ethernet/microchip/lan966x/lan966x_vcap_impl.c |  5 +-
 .../ethernet/microchip/sparx5/sparx5_vcap_impl.c   |  5 +-
 drivers/net/ethernet/microchip/vcap/vcap_api.c     | 72 +++++++++++---------
 drivers/net/ethernet/microchip/vcap/vcap_api.h     |  3 +-
 .../net/ethernet/microchip/vcap/vcap_api_debugfs.c |  8 +--
 .../microchip/vcap/vcap_api_debugfs_kunit.c        |  3 +-
 .../net/ethernet/microchip/vcap/vcap_api_kunit.c   |  3 +-
 .../net/ethernet/microchip/vcap/vcap_api_private.h |  3 +
 drivers/net/ethernet/qlogic/qede/qede_fp.c         |  5 ++
 .../net/ethernet/qualcomm/rmnet/rmnet_handlers.c   |  5 +-
 drivers/net/ethernet/qualcomm/rmnet/rmnet_map.h    |  1 +
 .../net/ethernet/qualcomm/rmnet/rmnet_map_data.c   | 78 ++++++++++++----------
 drivers/net/usb/net1080.c                          |  2 +-
 include/net/gue.h                                  |  2 +-
 include/net/tc_act/tc_pedit.h                      | 18 +++--
 net/ipv6/netfilter/ip6t_ah.c                       |  5 ++
 net/ipv6/netfilter/ip6t_hbh.c                      |  1 +
 net/ipv6/netfilter/ip6t_rt.c                       |  3 +-
 net/llc/af_llc.c                                   |  1 +
 net/mac802154/iface.c                              |  2 +-
 net/netfilter/ipvs/ip_vs_conn.c                    |  4 +-
 net/netfilter/ipvs/ip_vs_core.c                    |  6 +-
 net/netfilter/nf_nat_sip.c                         | 11 +++
 net/netfilter/nf_tables_api.c                      |  3 +
 net/netfilter/nfnetlink_cthelper.c                 |  2 +
 net/netfilter/nft_set_rbtree.c                     |  8 ++-
 net/netfilter/xt_connmark.c                        | 14 +++-
 net/netfilter/xt_rateest.c                         |  2 +-
 net/netfilter/xt_u32.c                             | 12 +++-
 net/sched/act_api.c                                | 13 ++--
 net/sched/act_pedit.c                              | 13 +++-
 net/sched/cls_api.c                                | 22 ++++--
 net/sched/sch_teql.c                               | 27 ++++----
 net/smc/smc_cdc.c                                  | 15 +++--
 tools/testing/selftests/net/lib.sh                 | 25 ++++++-
 47 files changed, 352 insertions(+), 178 deletions(-)
Merging bpf/master (d2c9a99135da9 Merge tag 'device-id-rework' of git://git.kernel.org/pub/scm/linux/kernel/git/ukleinek/linux)
$ git merge -m Merge branch 'master' of https://git.kernel.org/pub/scm/linux/kernel/git/bpf/bpf.git/ bpf/master
Already up to date.
Merging ipsec/master (ea528f18231ec xfrm: reject optional IPTFS templates in outbound policies)
$ git merge -m Merge branch 'master' of https://git.kernel.org/pub/scm/linux/kernel/git/klassert/ipsec.git ipsec/master
Merge made by the 'ort' strategy.
 include/net/xfrm.h            |  2 ++
 net/core/dev.c                | 10 ++++++++--
 net/xfrm/xfrm_device.c        | 13 +++++++++++--
 net/xfrm/xfrm_nat_keepalive.c | 15 +++++++++------
 net/xfrm/xfrm_state.c         |  5 +++--
 net/xfrm/xfrm_user.c          | 41 ++++++++++++++++++++++++++++++-----------
 6 files changed, 63 insertions(+), 23 deletions(-)
Merging netfilter/main (d645674342472 Merge branch 'net-mlx5e-fix-crashes-in-dynamic-per-channel-stats-and-hv-vhca-agent')
$ git merge -m Merge branch 'main' of https://git.kernel.org/pub/scm/linux/kernel/git/netfilter/nf.git netfilter/main
Already up to date.
Merging ipvs/main (fe9f4ee6c61a1 Merge branch 'net-avoid-nested-up-notifier-events')
$ git merge -m Merge branch 'main' of https://git.kernel.org/pub/scm/linux/kernel/git/horms/ipvs.git ipvs/main
Already up to date.
Merging wireless/for-next (f843cf31dfc2c wifi: mac80211: validate deauth frame length before reason access)
$ git merge -m Merge branch 'for-next' of https://git.kernel.org/pub/scm/linux/kernel/git/wireless/wireless.git wireless/for-next
Merge made by the 'ort' strategy.
 drivers/net/wireless/intel/ipw2x00/ipw2100.c       |  8 ++---
 drivers/net/wireless/intel/ipw2x00/libipw_rx.c     |  4 +--
 drivers/net/wireless/intersil/p54/txrx.c           |  8 +++++
 drivers/net/wireless/marvell/libertas/firmware.c   |  1 +
 drivers/net/wireless/marvell/libertas/tx.c         |  7 +++++
 drivers/net/wireless/marvell/libertas_tf/main.c    |  2 +-
 drivers/net/wireless/marvell/mwifiex/cfg80211.c    |  2 +-
 drivers/net/wireless/marvell/mwifiex/join.c        |  1 -
 drivers/net/wireless/ralink/rt2x00/rt2400pci.c     |  2 +-
 drivers/net/wireless/ralink/rt2x00/rt2500pci.c     |  2 +-
 drivers/net/wireless/ralink/rt2x00/rt2800pci.c     |  2 +-
 drivers/net/wireless/ralink/rt2x00/rt2x00dev.c     | 12 ++++++--
 drivers/net/wireless/ralink/rt2x00/rt61pci.c       |  2 +-
 drivers/net/wireless/rsi/rsi_91x_hal.c             |  8 +++++
 drivers/net/wireless/rsi/rsi_91x_mgmt.c            | 12 ++++++--
 drivers/net/wireless/virtual/mac80211_hwsim_main.c | 16 ++++++++--
 include/linux/ieee80211-eht.h                      | 12 +++-----
 include/net/cfg80211.h                             |  2 +-
 net/mac80211/cfg.c                                 | 11 +++----
 net/mac80211/mlme.c                                | 12 +++++---
 net/mac80211/nan.c                                 | 35 ++++++++++++----------
 net/mac80211/rx.c                                  | 34 +++++++++++++++++++--
 net/mac80211/sta_info.c                            | 15 +++++++---
 net/mac80211/tx.c                                  | 17 ++++++++++-
 net/mac80211/util.c                                |  3 ++
 net/wireless/core.c                                |  4 +--
 net/wireless/core.h                                |  2 +-
 net/wireless/nl80211.c                             | 22 ++++++++++----
 net/wireless/pmsr.c                                | 34 ++++++++++++++++-----
 net/wireless/scan.c                                | 16 ++++++----
 30 files changed, 228 insertions(+), 80 deletions(-)
Merging ath/for-current (e8d85672dd7e2 wifi: ath11k: fix NULL pointer dereference in ath11k_hal_srng_access_begin)
$ git merge -m Merge branch 'for-current' of https://git.kernel.org/pub/scm/linux/kernel/git/ath/ath.git ath/for-current
Merge made by the 'ort' strategy.
 drivers/net/wireless/ath/ath11k/qmi.c    | 11 ++++++++---
 drivers/net/wireless/ath/ath6kl/txrx.c   |  2 +-
 drivers/net/wireless/ath/ath9k/hif_usb.c |  7 +------
 3 files changed, 10 insertions(+), 10 deletions(-)
Merging iwlwifi/fixes (093305d801fae wifi: iwlwifi: pcie: simplify the resume flow if fast resume is not used)
$ git merge -m Merge branch 'fixes' of https://git.kernel.org/pub/scm/linux/kernel/git/iwlwifi/iwlwifi-next.git iwlwifi/fixes
Already up to date.
Merging wpan/master (8ce4f287524c7 net: libwx: fix firmware mailbox abnormal return)
$ git merge -m Merge branch 'master' of https://git.kernel.org/pub/scm/linux/kernel/git/wpan/wpan.git wpan/master
Already up to date.
Merging rdma-fixes/for-rc (bb27fcc67c429 RDMA/siw: publish QP after initialization)
$ git merge -m Merge branch 'for-rc' of https://git.kernel.org/pub/scm/linux/kernel/git/rdma/rdma.git rdma-fixes/for-rc
Merge made by the 'ort' strategy.
 drivers/infiniband/core/cma.c            |  2 +-
 drivers/infiniband/core/mad.c            | 30 ++++++++++++++++++++++
 drivers/infiniband/core/verbs.c          |  6 ++---
 drivers/infiniband/hw/erdma/erdma_qp.c   |  2 +-
 drivers/infiniband/hw/hns/hns_roce_hem.c |  2 +-
 drivers/infiniband/hw/irdma/verbs.c      | 22 ++++++++--------
 drivers/infiniband/hw/mana/wr.c          |  2 +-
 drivers/infiniband/hw/mlx5/wr.c          | 16 +++++++-----
 drivers/infiniband/sw/siw/siw_verbs.c    | 44 +++++++++++++++++---------------
 9 files changed, 82 insertions(+), 44 deletions(-)
Merging sound-current/for-linus (c845febafd92b selftests/alsa: Fix format specifier and function mismatch in mixer-test)
$ git merge -m Merge branch 'for-linus' of https://git.kernel.org/pub/scm/linux/kernel/git/tiwai/sound.git sound-current/for-linus
Merge made by the 'ort' strategy.
 sound/hda/codecs/realtek/alc269.c         |  2 ++
 sound/usb/caiaq/device.c                  | 17 ++++++++++++++---
 sound/usb/caiaq/input.c                   |  6 ++++++
 sound/usb/mixer.c                         |  2 +-
 tools/testing/selftests/alsa/mixer-test.c |  5 +++--
 5 files changed, 26 insertions(+), 6 deletions(-)
Merging sound-asoc-fixes/for-linus (83245e7a436c0 ASoC: rsnd: src: Add missing scu_supply clock to suspend/resume)
$ git merge -m Merge branch 'for-linus' of https://git.kernel.org/pub/scm/linux/kernel/git/broonie/sound.git sound-asoc-fixes/for-linus
Already up to date.
Merging regmap-fixes/for-linus (fabc5b59d3e64 Merge remote-tracking branch 'regmap/for-7.1' into regmap-linus)
$ git merge -m Merge branch 'for-linus' of https://git.kernel.org/pub/scm/linux/kernel/git/broonie/regmap.git regmap-fixes/for-linus
Merge made by the 'ort' strategy.
Merging regulator-fixes/for-linus (d504c1edc4a95 Merge remote-tracking branch 'regulator/for-7.1' into regulator-linus)
$ git merge -m Merge branch 'for-linus' of https://git.kernel.org/pub/scm/linux/kernel/git/broonie/regulator.git regulator-fixes/for-linus
Merge made by the 'ort' strategy.
Merging spi-fixes/for-linus (6b448abe08f9b Merge remote-tracking branch 'spi/for-7.1' into spi-linus)
$ git merge -m Merge branch 'for-linus' of https://git.kernel.org/pub/scm/linux/kernel/git/broonie/spi.git spi-fixes/for-linus
Merge made by the 'ort' strategy.
Merging pci-current/for-linus (34db32102439d MAINTAINERS: Drop Karthikeyan Mitran from Mobiveil PCIe entry)
$ git merge -m Merge branch 'for-linus' of https://git.kernel.org/pub/scm/linux/kernel/git/pci/pci.git pci-current/for-linus
Auto-merging MAINTAINERS
Merge made by the 'ort' strategy.
 MAINTAINERS | 1 -
 1 file changed, 1 deletion(-)
Merging driver-core.current/driver-core-linus (667d0fb32149f driver core: add missing kernel-doc for union members)
$ git merge -m Merge branch 'driver-core-linus' of https://git.kernel.org/pub/scm/linux/kernel/git/driver-core/driver-core.git driver-core.current/driver-core-linus
Merge made by the 'ort' strategy.
 include/linux/device.h | 2 ++
 1 file changed, 2 insertions(+)
Merging tty.current/tty-linus (dc59e4fea9d83 Linux 7.2-rc1)
$ git merge -m Merge branch 'tty-linus' of https://git.kernel.org/pub/scm/linux/kernel/git/gregkh/tty.git tty.current/tty-linus
Already up to date.
Merging usb.current/usb-linus (07acd41f72eec Merge tag 'usb-serial-7.2-rc2' of ssh://gitolite.kernel.org/pub/scm/linux/kernel/git/johan/usb-serial into usb-linus)
$ git merge -m Merge branch 'usb-linus' of https://git.kernel.org/pub/scm/linux/kernel/git/gregkh/usb.git usb.current/usb-linus
Auto-merging MAINTAINERS
Merge made by the 'ort' strategy.
 .../ABI/testing/sysfs-bus-pci-drivers-xhci_hcd     |  2 +-
 MAINTAINERS                                        |  1 +
 drivers/usb/atm/ueagle-atm.c                       | 36 +++++++++++--
 drivers/usb/cdns3/cdnsp-mem.c                      |  2 +
 drivers/usb/class/cdc-acm.c                        |  3 ++
 drivers/usb/common/ulpi.c                          | 23 ++++----
 drivers/usb/core/quirks.c                          |  6 +++
 drivers/usb/dwc3/dwc3-meson-g12a.c                 | 14 +++--
 drivers/usb/gadget/composite.c                     |  5 +-
 drivers/usb/gadget/function/f_fs.c                 |  9 ++--
 drivers/usb/host/xhci-dbgcap.c                     | 60 ++++++++++++++++++++-
 drivers/usb/host/xhci-dbgcap.h                     |  3 ++
 drivers/usb/misc/idmouse.c                         | 45 ++++++++--------
 drivers/usb/misc/iowarrior.c                       | 61 ++++++++++------------
 drivers/usb/misc/ldusb.c                           | 38 +++++++-------
 drivers/usb/misc/legousbtower.c                    | 37 ++++++-------
 drivers/usb/misc/usbio.c                           |  4 ++
 drivers/usb/mtu3/mtu3_gadget.c                     |  1 +
 drivers/usb/serial/digi_acceleport.c               | 43 +++++++++++----
 drivers/usb/serial/keyspan_pda.c                   |  2 +-
 drivers/usb/serial/option.c                        | 16 ++++++
 drivers/usb/storage/usb.c                          |  2 +-
 drivers/usb/typec/tcpm/tcpm.c                      |  5 ++
 drivers/usb/typec/ucsi/displayport.c               |  4 +-
 drivers/usb/typec/ucsi/ucsi_ccg.c                  |  2 +-
 25 files changed, 282 insertions(+), 142 deletions(-)
Merging usb-serial-fixes/usb-linus (6bfc8d01ac406 USB: serial: keyspan_pda: fix information leak)
$ git merge -m Merge branch 'usb-linus' of https://git.kernel.org/pub/scm/linux/kernel/git/johan/usb-serial.git usb-serial-fixes/usb-linus
Already up to date.
Merging phy/fixes (dc59e4fea9d83 Linux 7.2-rc1)
$ git merge -m Merge branch 'fixes' of https://git.kernel.org/pub/scm/linux/kernel/git/phy/linux-phy.git phy/fixes
Already up to date.
Merging staging.current/staging-linus (dc59e4fea9d83 Linux 7.2-rc1)
$ git merge -m Merge branch 'staging-linus' of https://git.kernel.org/pub/scm/linux/kernel/git/gregkh/staging.git staging.current/staging-linus
Already up to date.
Merging iio-fixes/fixes-togreg (a9f41809bf1bd iio: adc: nxp-sar-adc: Fix the delay calculation in nxp_sar_adc_wait_for())
$ git merge -m Merge branch 'fixes-togreg' of https://git.kernel.org/pub/scm/linux/kernel/git/jic23/iio.git iio-fixes/fixes-togreg
Auto-merging drivers/iio/adc/lpc32xx_adc.c
Auto-merging drivers/iio/adc/nxp-sar-adc.c
Auto-merging drivers/iio/adc/spear_adc.c
Auto-merging drivers/iio/adc/ti-ads124s08.c
Auto-merging drivers/iio/dac/mcp47feb02.c
Auto-merging drivers/iio/orientation/hid-sensor-rotation.c
Merge made by the 'ort' strategy.
 drivers/hid/hid-sensor-hub.c                       | 77 ++++++++++++++++++++--
 drivers/iio/accel/bmc150-accel-core.c              |  2 +
 drivers/iio/accel/kxsd9.c                          |  5 +-
 drivers/iio/adc/Kconfig                            |  3 +
 drivers/iio/adc/lpc32xx_adc.c                      |  4 +-
 drivers/iio/adc/nxp-sar-adc.c                      |  4 +-
 drivers/iio/adc/spear_adc.c                        |  3 +-
 drivers/iio/adc/ti-ads1119.c                       |  6 +-
 drivers/iio/adc/ti-ads124s08.c                     |  3 +-
 drivers/iio/common/st_sensors/st_sensors_core.c    | 23 +++++--
 drivers/iio/dac/mcp47feb02.c                       | 37 ++++++-----
 drivers/iio/imu/adis_trigger.c                     |  2 +-
 drivers/iio/imu/bmi160/bmi160_core.c               |  3 +-
 drivers/iio/imu/inv_icm42600/inv_icm42600_buffer.c |  9 +--
 drivers/iio/imu/inv_icm42600/inv_icm42600_buffer.h |  1 +
 drivers/iio/imu/st_lsm6dsx/st_lsm6dsx_core.c       | 21 +++++-
 drivers/iio/light/Kconfig                          |  3 +
 drivers/iio/light/gp2ap002.c                       |  2 +-
 drivers/iio/light/tsl2591.c                        |  6 +-
 drivers/iio/orientation/hid-sensor-rotation.c      | 40 ++++++++++-
 drivers/iio/pressure/mpl115.c                      |  4 +-
 drivers/iio/temperature/Makefile                   |  2 +-
 include/linux/hid-sensor-hub.h                     | 25 +++++++
 23 files changed, 231 insertions(+), 54 deletions(-)
Merging watchdog-fixes/watchdog (36e05e134ee44 watchdog: ni903x_wdt: Check ACPI_COMPANION() against NULL)
$ git merge -m Merge branch 'watchdog' of https://git.kernel.org/pub/scm/linux/kernel/git/groeck/linux-staging.git watchdog-fixes/watchdog
Merge made by the 'ort' strategy.
 drivers/watchdog/ni903x_wdt.c | 7 ++++++-
 drivers/watchdog/s32g_wdt.c   | 3 +--
 2 files changed, 7 insertions(+), 3 deletions(-)
Merging counter-current/counter-current (dc59e4fea9d83 Linux 7.2-rc1)
$ git merge -m Merge branch 'counter-current' of https://git.kernel.org/pub/scm/linux/kernel/git/wbg/counter.git counter-current/counter-current
Already up to date.
Merging char-misc.current/char-misc-linus (bc4a982889787 rust_binder: clear freeze listener on node removal)
$ git merge -m Merge branch 'char-misc-linus' of https://git.kernel.org/pub/scm/linux/kernel/git/gregkh/char-misc.git char-misc.current/char-misc-linus
Merge made by the 'ort' strategy.
 drivers/android/binder.c                    | 31 ++++++++++----
 drivers/android/binder/allocation.rs        |  5 ++-
 drivers/android/binder/error.rs             | 13 +++---
 drivers/android/binder/freeze.rs            | 11 ++++-
 drivers/android/binder/node.rs              | 10 +++--
 drivers/android/binder/process.rs           | 18 +++++++-
 drivers/android/binder/rust_binder_events.c |  7 +++-
 drivers/android/binder/stats.rs             |  4 +-
 drivers/android/binder/thread.rs            | 65 ++++++++++++++++++++---------
 drivers/android/binder/transaction.rs       | 15 ++++---
 10 files changed, 124 insertions(+), 55 deletions(-)
Merging soundwire-fixes/fixes (dc59e4fea9d83 Linux 7.2-rc1)
$ git merge -m Merge branch 'fixes' of https://git.kernel.org/pub/scm/linux/kernel/git/vkoul/soundwire.git soundwire-fixes/fixes
Already up to date.
Merging thunderbolt-fixes/fixes (db79679595326 thunderbolt: Bound the DROM dual link port number before indexing sw->ports)
$ git merge -m Merge branch 'fixes' of https://git.kernel.org/pub/scm/linux/kernel/git/westeri/thunderbolt.git thunderbolt-fixes/fixes
Merge made by the 'ort' strategy.
 drivers/thunderbolt/eeprom.c | 9 ++++++++-
 drivers/thunderbolt/stream.c | 2 +-
 drivers/thunderbolt/tb.c     | 2 +-
 3 files changed, 10 insertions(+), 3 deletions(-)
Merging input-current/for-linus (536394ec81419 Input: maple_keyb - set driver data before registering input device)
$ git merge -m Merge branch 'for-linus' of https://git.kernel.org/pub/scm/linux/kernel/git/dtor/input.git input-current/for-linus
Merge made by the 'ort' strategy.
 drivers/input/joystick/maplecontrol.c | 3 ++-
 drivers/input/keyboard/maple_keyb.c   | 4 ++--
 drivers/input/mouse/maplemouse.c      | 9 ++++++---
 3 files changed, 10 insertions(+), 6 deletions(-)
Merging crypto-current/master (6ea0ce3a19f9c crypto: tegra - fix refcount leak in tegra_se_host1x_submit())
$ git merge -m Merge branch 'master' of https://git.kernel.org/pub/scm/linux/kernel/git/herbert/crypto-2.6.git crypto-current/master
Already up to date.
Merging libcrypto-fixes/libcrypto-fixes (dc59e4fea9d83 Linux 7.2-rc1)
$ git merge -m Merge branch 'libcrypto-fixes' of https://git.kernel.org/pub/scm/linux/kernel/git/ebiggers/linux.git libcrypto-fixes/libcrypto-fixes
Already up to date.
Merging vfio-fixes/for-linus (e242e974e812e vfio: selftests: Add luuid to libvfio.mk's list of libraries, not to the Makefile)
$ git merge -m Merge branch 'for-linus' of https://github.com/awilliam/linux-vfio.git vfio-fixes/for-linus
Already up to date.
Merging kselftest-fixes/fixes (dc59e4fea9d83 Linux 7.2-rc1)
$ git merge -m Merge branch 'fixes' of https://git.kernel.org/pub/scm/linux/kernel/git/shuah/linux-kselftest.git kselftest-fixes/fixes
Already up to date.
Merging dmaengine-fixes/fixes (867621ba20302 dmaengine: qcom: bam_dma: Fix command element mask field for BAM v1.6.0+)
$ git merge -m Merge branch 'fixes' of https://git.kernel.org/pub/scm/linux/kernel/git/vkoul/dmaengine.git dmaengine-fixes/fixes
Merge made by the 'ort' strategy.
 drivers/dma/idxd/cdev.c          |  4 +++-
 drivers/dma/idxd/init.c          | 36 +++++-------------------------------
 drivers/dma/sun6i-dma.c          | 11 ++++-------
 drivers/dma/switchtec_dma.c      |  2 +-
 include/linux/dma/qcom_bam_dma.h | 21 ++++++++++++++++-----
 5 files changed, 29 insertions(+), 45 deletions(-)
Merging backlight-fixes/for-backlight-fixes (dc59e4fea9d83 Linux 7.2-rc1)
$ git merge -m Merge branch 'for-backlight-fixes' of https://git.kernel.org/pub/scm/linux/kernel/git/lee/backlight.git backlight-fixes/for-backlight-fixes
Already up to date.
Merging mtd-fixes/mtd/fixes (2b533e775aec5 Revert "mtd: maps: remove uclinux map driver")
$ git merge -m Merge branch 'mtd/fixes' of https://git.kernel.org/pub/scm/linux/kernel/git/mtd/linux.git mtd-fixes/mtd/fixes
Merge made by the 'ort' strategy.
 drivers/mtd/devices/mchp23k256.c           |   2 +-
 drivers/mtd/maps/Kconfig                   |   6 ++
 drivers/mtd/maps/Makefile                  |   1 +
 drivers/mtd/maps/uclinux.c                 | 118 +++++++++++++++++++++++++++++
 drivers/mtd/mtd_virt_concat.c              |   8 +-
 drivers/mtd/mtdcore.c                      |  23 +++++-
 drivers/mtd/mtdpart.c                      |   8 ++
 drivers/mtd/mtdswap.c                      |   5 +-
 drivers/mtd/nand/ecc-mtk.c                 |  24 ++++--
 drivers/mtd/nand/onenand/onenand_samsung.c |   7 +-
 drivers/mtd/nand/raw/Kconfig               |   1 +
 drivers/mtd/nand/raw/fsl_ifc_nand.c        |   9 ++-
 drivers/mtd/nand/raw/ingenic/ingenic_ecc.c |   7 +-
 drivers/mtd/nand/raw/lpc32xx_mlc.c         |  12 ++-
 drivers/mtd/nand/raw/lpc32xx_slc.c         |  12 ++-
 drivers/mtd/nand/raw/ndfc.c                |   2 +-
 drivers/mtd/nand/spi/core.c                |   2 +-
 17 files changed, 224 insertions(+), 23 deletions(-)
 create mode 100644 drivers/mtd/maps/uclinux.c
Merging mfd-fixes/for-mfd-fixes (d5d2d7a8d8be1 MAINTAINERS: Add a mailing list entry to MFD)
$ git merge -m Merge branch 'for-mfd-fixes' of https://git.kernel.org/pub/scm/linux/kernel/git/lee/mfd.git mfd-fixes/for-mfd-fixes
Already up to date.
Merging v4l-dvb-fixes/fixes (dc59e4fea9d83 Linux 7.2-rc1)
$ git merge -m Merge branch 'fixes' of git://linuxtv.org/media-ci/media-pending.git v4l-dvb-fixes/fixes
Already up to date.
Merging reset-fixes/reset/fixes (71827776667f4 reset: imx7: Correct polarity of MIPI CSI resets on i.MX8MQ)
$ git merge -m Merge branch 'reset/fixes' of https://git.kernel.org/pub/scm/linux/kernel/git/pza/linux reset-fixes/reset/fixes
Merge made by the 'ort' strategy.
 drivers/reset/reset-imx7.c                   | 6 ++++++
 drivers/reset/reset-sunxi.c                  | 4 +++-
 drivers/reset/spacemit/reset-spacemit-k3.c   | 2 +-
 include/dt-bindings/reset/altr,rst-mgr-s10.h | 2 +-
 4 files changed, 11 insertions(+), 3 deletions(-)
Merging mips-fixes/mips-fixes (8cdeaa50eae8d Linux 7.2-rc2)
$ git merge -m Merge branch 'mips-fixes' of https://git.kernel.org/pub/scm/linux/kernel/git/mips/linux.git mips-fixes/mips-fixes
Already up to date.
Merging at91-fixes/at91-fixes (765aaba18413a ARM: dts: microchip: sam9x7: fix GMAC clock configuration)
$ git merge -m Merge branch 'at91-fixes' of https://git.kernel.org/pub/scm/linux/kernel/git/at91/linux.git at91-fixes/at91-fixes
Already up to date.
Merging omap-fixes/fixes (dc59e4fea9d83 Linux 7.2-rc1)
$ git merge -m Merge branch 'fixes' of https://git.kernel.org/pub/scm/linux/kernel/git/khilman/linux-omap.git omap-fixes/fixes
Already up to date.
Merging kvm-fixes/master (098e32cba334d x86/apic: KVM: Use cpu_physical_id() to get APIC ID of running vCPU for AVIC)
$ git merge -m Merge branch 'master' of git://git.kernel.org/pub/scm/virt/kvm/kvm.git kvm-fixes/master
Already up to date.
Merging kvms390-fixes/master (4cb62e371ffad KVM: s390: pci: Fix GISC refcount leak on AIF enable failure)
$ git merge -m Merge branch 'master' of https://git.kernel.org/pub/scm/linux/kernel/git/kvms390/linux.git kvms390-fixes/master
Merge made by the 'ort' strategy.
 arch/s390/kvm/pci.c | 1 +
 1 file changed, 1 insertion(+)
Merging kvm-arm-fixes/fixes (d098bb75d14fd KVM: arm64: account pKVM reclaim against the VM mm)
$ git merge -m Merge branch 'fixes' of https://git.kernel.org/pub/scm/linux/kernel/git/kvmarm/kvmarm.git kvm-arm-fixes/fixes
Auto-merging MAINTAINERS
Auto-merging arch/arm64/include/asm/kvm_nested.h
Auto-merging arch/arm64/kvm/at.c
Auto-merging arch/arm64/kvm/hyp/include/hyp/switch.h
Auto-merging arch/arm64/kvm/nested.c
Merge made by the 'ort' strategy.
 MAINTAINERS                             |   1 +
 arch/arm64/include/asm/kvm_nested.h     |   8 ++
 arch/arm64/kvm/at.c                     |   8 --
 arch/arm64/kvm/emulate-nested.c         |  41 +++++---
 arch/arm64/kvm/hyp/include/hyp/switch.h |  11 ++-
 arch/arm64/kvm/hyp/nvhe/pkvm.c          |   3 +-
 arch/arm64/kvm/hyp/nvhe/sys_regs.c      |   3 +-
 arch/arm64/kvm/inject_fault.c           |  18 +---
 arch/arm64/kvm/nested.c                 | 164 ++++++++++++++++----------------
 arch/arm64/kvm/pkvm.c                   |   2 +-
 arch/arm64/kvm/vgic/vgic.c              |  20 ++--
 11 files changed, 151 insertions(+), 128 deletions(-)
Merging hwmon-fixes/hwmon (fe87b8dc67f1b hwmon: (aspeed-g6-pwm-tach) Guard fan RPM calculation against divide-by-zero)
$ git merge -m Merge branch 'hwmon' of https://git.kernel.org/pub/scm/linux/kernel/git/groeck/linux-staging.git hwmon-fixes/hwmon
Already up to date.
Merging nvdimm-fixes/libnvdimm-fixes (a8aec14230322 nvdimm/bus: Fix potential use after free in asynchronous initialization)
$ git merge -m Merge branch 'libnvdimm-fixes' of https://git.kernel.org/pub/scm/linux/kernel/git/nvdimm/nvdimm.git nvdimm-fixes/libnvdimm-fixes
Already up to date.
Merging cxl-fixes/fixes (d90f236f8b9e3 cxl/test: Update mock dev array before calling platform_device_add())
$ git merge -m Merge branch 'fixes' of https://git.kernel.org/pub/scm/linux/kernel/git/cxl/cxl.git cxl-fixes/fixes
Already up to date.
Merging dma-mapping-fixes/dma-mapping-fixes (dc59e4fea9d83 Linux 7.2-rc1)
$ git merge -m Merge branch 'dma-mapping-fixes' of https://git.kernel.org/pub/scm/linux/kernel/git/mszyprowski/linux.git dma-mapping-fixes/dma-mapping-fixes
Already up to date.
Merging drivers-x86-fixes/fixes (d3666875c75eb platform/x86: bitland-mifs-wmi: Fix NULL pointer dereference during suspend/resume)
$ git merge -m Merge branch 'fixes' of https://git.kernel.org/pub/scm/linux/kernel/git/pdx86/platform-drivers-x86.git drivers-x86-fixes/fixes
Merge made by the 'ort' strategy.
 drivers/platform/x86/amd/pmc/pmc.c      | 10 +++++-----
 drivers/platform/x86/bitland-mifs-wmi.c |  8 ++++++++
 2 files changed, 13 insertions(+), 5 deletions(-)
Merging samsung-krzk-fixes/fixes (dc59e4fea9d83 Linux 7.2-rc1)
$ git merge -m Merge branch 'fixes' of https://git.kernel.org/pub/scm/linux/kernel/git/krzk/linux.git samsung-krzk-fixes/fixes
Already up to date.
Merging pinctrl-samsung-fixes/fixes (dc59e4fea9d83 Linux 7.2-rc1)
$ git merge -m Merge branch 'fixes' of https://git.kernel.org/pub/scm/linux/kernel/git/pinctrl/samsung.git pinctrl-samsung-fixes/fixes
Already up to date.
Merging pinctrl-qcom-fixes/pinctrl-qcom/for-current (437a8d2aa1aa4 pinctrl: qcom: sc8280xp: Add missing wakeup entries for GPIO143/151)
$ git merge -m Merge branch 'pinctrl-qcom/for-current' of https://git.kernel.org/pub/scm/linux/kernel/git/brgl/linux.git pinctrl-qcom-fixes/pinctrl-qcom/for-current
Merge made by the 'ort' strategy.
 drivers/pinctrl/qcom/pinctrl-msm.c      |  8 ++++----
 drivers/pinctrl/qcom/pinctrl-sc8280xp.c | 21 +++++++++++----------
 2 files changed, 15 insertions(+), 14 deletions(-)
Merging devicetree-fixes/dt/linus (b39a6b2e9d5bd dt-bindings: mfd: khadas,mcu: Drop type reference from "fan-supply")
$ git merge -m Merge branch 'dt/linus' of https://git.kernel.org/pub/scm/linux/kernel/git/robh/linux.git devicetree-fixes/dt/linus
Already up to date.
Merging dt-krzk-fixes/fixes (dc59e4fea9d83 Linux 7.2-rc1)
$ git merge -m Merge branch 'fixes' of https://git.kernel.org/pub/scm/linux/kernel/git/krzk/linux-dt.git dt-krzk-fixes/fixes
Already up to date.
Merging scsi-fixes/fixes (5d5221f8a4064 scsi: devinfo: Broaden Promise VTrak E310/E610 identification)
$ git merge -m Merge branch 'fixes' of https://git.kernel.org/pub/scm/linux/kernel/git/mkp/scsi.git scsi-fixes/fixes
Already up to date.
Merging drm-fixes/drm-fixes (8cdeaa50eae8d Linux 7.2-rc2)
$ git merge -m Merge branch 'drm-fixes' of https://gitlab.freedesktop.org/drm/kernel.git drm-fixes/drm-fixes
Already up to date.
Merging drm-intel-fixes/for-linux-next-fixes (2084503f2d087 drm/i915/bios: range check LFP Data Block panel_type2)
$ git merge -m Merge branch 'for-linux-next-fixes' of https://gitlab.freedesktop.org/drm/i915/kernel.git drm-intel-fixes/for-linux-next-fixes
Already up to date.
Merging mmc-fixes/fixes (dc59e4fea9d83 Linux 7.2-rc1)
$ git merge -m Merge branch 'fixes' of https://git.kernel.org/pub/scm/linux/kernel/git/ulfh/mmc.git mmc-fixes/fixes
Already up to date.
Merging rtc-fixes/rtc-fixes (254f49634ee16 Linux 7.1-rc1)
$ git merge -m Merge branch 'rtc-fixes' of https://git.kernel.org/pub/scm/linux/kernel/git/abelloni/linux.git rtc-fixes/rtc-fixes
Already up to date.
Merging gnss-fixes/gnss-linus (5d6919055dec1 Linux 7.1-rc3)
$ git merge -m Merge branch 'gnss-linus' of https://git.kernel.org/pub/scm/linux/kernel/git/johan/gnss.git gnss-fixes/gnss-linus
Already up to date.
Merging hyperv-fixes/hyperv-fixes (dc59e4fea9d83 Linux 7.2-rc1)
$ git merge -m Merge branch 'hyperv-fixes' of https://git.kernel.org/pub/scm/linux/kernel/git/hyperv/linux.git hyperv-fixes/hyperv-fixes
Already up to date.
Merging risc-v-fixes/fixes (bc7b086a45521 riscv: probes: save original sp in rethook trampoline)
$ git merge -m Merge branch 'fixes' of https://git.kernel.org/pub/scm/linux/kernel/git/riscv/linux.git risc-v-fixes/fixes
Already up to date.
Merging riscv-dt-fixes/riscv-dt-fixes (0df8aa2b9aec5 riscv: dts: microchip: fix icicle i2c pinctrl configuration)
$ git merge -m Merge branch 'riscv-dt-fixes' of https://git.kernel.org/pub/scm/linux/kernel/git/conor/linux.git riscv-dt-fixes/riscv-dt-fixes
Already up to date.
Merging riscv-soc-fixes/riscv-soc-fixes (75ef233975589 soc: microchip: mpfs-sys-controller: fix resource leak on probe error)
$ git merge -m Merge branch 'riscv-soc-fixes' of https://git.kernel.org/pub/scm/linux/kernel/git/conor/linux.git riscv-soc-fixes/riscv-soc-fixes
Already up to date.
Merging fpga-fixes/fixes (19272b37aa4f8 Linux 6.16-rc1)
$ git merge -m Merge branch 'fixes' of https://git.kernel.org/pub/scm/linux/kernel/git/fpga/linux-fpga.git fpga-fixes/fixes
Already up to date.
Merging spdx/spdx-linus (dc59e4fea9d83 Linux 7.2-rc1)
$ git merge -m Merge branch 'spdx-linus' of https://git.kernel.org/pub/scm/linux/kernel/git/gregkh/spdx.git spdx/spdx-linus
Already up to date.
Merging gpio-brgl-fixes/gpio/for-current (db4a79713ed8e gpios: palmas: add .get_direction() op)
$ git merge -m Merge branch 'gpio/for-current' of https://git.kernel.org/pub/scm/linux/kernel/git/brgl/linux.git gpio-brgl-fixes/gpio/for-current
Merge made by the 'ort' strategy.
 drivers/gpio/gpio-palmas.c | 19 +++++++++++++++++++
 1 file changed, 19 insertions(+)
Merging gpio-intel-fixes/fixes (dc59e4fea9d83 Linux 7.2-rc1)
$ git merge -m Merge branch 'fixes' of https://git.kernel.org/pub/scm/linux/kernel/git/andy/linux-gpio-intel.git gpio-intel-fixes/fixes
Already up to date.
Merging pinctrl-intel-fixes/fixes (dc59e4fea9d83 Linux 7.2-rc1)
$ git merge -m Merge branch 'fixes' of https://git.kernel.org/pub/scm/linux/kernel/git/pinctrl/intel.git pinctrl-intel-fixes/fixes
Already up to date.
Merging auxdisplay-fixes/fixes (dc59e4fea9d83 Linux 7.2-rc1)
$ git merge -m Merge branch 'fixes' of https://git.kernel.org/pub/scm/linux/kernel/git/andy/linux-auxdisplay.git auxdisplay-fixes/fixes
Already up to date.
Merging kunit-fixes/kunit-fixes (dc59e4fea9d83 Linux 7.2-rc1)
$ git merge -m Merge branch 'kunit-fixes' of https://git.kernel.org/pub/scm/linux/kernel/git/shuah/linux-kselftest.git kunit-fixes/kunit-fixes
Already up to date.
Merging memblock-fixes/fixes (2ebce860bdd7a mm/mm_init: handle alloc_percpu failure in free_area_init_core_hotplug)
$ git merge -m Merge branch 'fixes' of https://git.kernel.org/pub/scm/linux/kernel/git/rppt/memblock.git memblock-fixes/fixes
Auto-merging mm/mm_init.c
Merge made by the 'ort' strategy.
 include/linux/memory_hotplug.h |  2 +-
 mm/memory_hotplug.c            |  3 ++-
 mm/mm_init.c                   | 19 +++++++++++++------
 3 files changed, 16 insertions(+), 8 deletions(-)
Merging renesas-fixes/fixes (8a78d1c454b3c Merge branch 'renesas-pinctrl-fixes-for-v7.1' into renesas-fixes)
$ git merge -m Merge branch 'fixes' of https://git.kernel.org/pub/scm/linux/kernel/git/geert/renesas-devel.git renesas-fixes/fixes
Merge made by the 'ort' strategy.
Merging perf-current/perf-tools (558ef39aeb9a0 Merge tag 'dmaengine-7.2-rc1' of git://git.kernel.org/pub/scm/linux/kernel/git/vkoul/dmaengine)
$ git merge -m Merge branch 'perf-tools' of https://git.kernel.org/pub/scm/linux/kernel/git/perf/perf-tools.git perf-current/perf-tools
Already up to date.
Merging efi-fixes/urgent (d8809f6931065 efi: sysfb_efi: Extend quirk to cover IdeaPad Duet 3 10IGL5-LTE)
$ git merge -m Merge branch 'urgent' of https://git.kernel.org/pub/scm/linux/kernel/git/efi/efi.git efi-fixes/urgent
Already up to date.
Merging battery-fixes/fixes (254f49634ee16 Linux 7.1-rc1)
$ git merge -m Merge branch 'fixes' of https://git.kernel.org/pub/scm/linux/kernel/git/sre/linux-power-supply.git battery-fixes/fixes
Already up to date.
Merging iommufd-fixes/for-rc (dc59e4fea9d83 Linux 7.2-rc1)
$ git merge -m Merge branch 'for-rc' of https://git.kernel.org/pub/scm/linux/kernel/git/jgg/iommufd.git iommufd-fixes/for-rc
Already up to date.
Merging rust-fixes/rust-fixes (608045a91d917 rust: allow `suspicious_runtime_symbol_definitions` lint for Rust >= 1.98)
$ git merge -m Merge branch 'rust-fixes' of https://github.com/Rust-for-Linux/linux.git rust-fixes/rust-fixes
Merge made by the 'ort' strategy.
 init/Kconfig         | 3 +++
 rust/bindings/lib.rs | 4 ++++
 rust/uapi/lib.rs     | 4 ++++
 3 files changed, 11 insertions(+)
Merging w1-fixes/fixes (dc59e4fea9d83 Linux 7.2-rc1)
$ git merge -m Merge branch 'fixes' of https://git.kernel.org/pub/scm/linux/kernel/git/krzk/linux-w1.git w1-fixes/fixes
Already up to date.
Merging pmdomain-fixes/fixes (dc59e4fea9d83 Linux 7.2-rc1)
$ git merge -m Merge branch 'fixes' of https://git.kernel.org/pub/scm/linux/kernel/git/ulfh/linux-pm.git pmdomain-fixes/fixes
Already up to date.
Merging i2c-andi-fixes/i2c/i2c-fixes (dc59e4fea9d83 Linux 7.2-rc1)
$ git merge -m Merge branch 'i2c/i2c-fixes' of https://git.kernel.org/pub/scm/linux/kernel/git/andi.shyti/linux.git i2c-andi-fixes/i2c/i2c-fixes
Already up to date.
Merging i2c-rust-fixes/rust-i2c-fixes (4eb422482ca5d rust: i2c: fix I2cAdapter refcounts double increment)
$ git merge -m Merge branch 'rust-i2c-fixes' of https://github.com/ikrtn/rust-for-linux i2c-rust-fixes/rust-i2c-fixes
Already up to date.
Merging sparc-fixes/for-linus (254f49634ee16 Linux 7.1-rc1)
$ git merge -m Merge branch 'for-linus' of https://git.kernel.org/pub/scm/linux/kernel/git/alarsson/linux-sparc.git sparc-fixes/for-linus
Already up to date.
Merging clk-fixes/clk-fixes (f29a24c947054 Merge tag 'qcom-clk-fixes-for-7.1' of https://git.kernel.org/pub/scm/linux/kernel/git/qcom/linux into clk-fixes)
$ git merge -m Merge branch 'clk-fixes' of https://git.kernel.org/pub/scm/linux/kernel/git/clk/linux.git clk-fixes/clk-fixes
Already up to date.
Merging thead-clk-fixes/thead-clk-fixes (8f0b4cce4481f Linux 6.19-rc1)
$ git merge -m Merge branch 'thead-clk-fixes' of https://git.kernel.org/pub/scm/linux/kernel/git/fustini/linux.git thead-clk-fixes/thead-clk-fixes
Already up to date.
Merging tenstorrent-clk-fixes/tenstorrent-clk-fixes (6de23f81a5e08 Linux 7.0-rc1)
$ git merge -m Merge branch 'tenstorrent-clk-fixes' of https://git.kernel.org/pub/scm/linux/kernel/git/tenstorrent/linux.git tenstorrent-clk-fixes/tenstorrent-clk-fixes
Already up to date.
Merging fustini-config-fixes/riscv-config-fixes (254f49634ee16 Linux 7.1-rc1)
$ git merge -m Merge branch 'riscv-config-fixes' of https://git.kernel.org/pub/scm/linux/kernel/git/fustini/linux.git fustini-config-fixes/riscv-config-fixes
Already up to date.
Merging pwrseq-fixes/pwrseq/for-current (dc59e4fea9d83 Linux 7.2-rc1)
$ git merge -m Merge branch 'pwrseq/for-current' of https://git.kernel.org/pub/scm/linux/kernel/git/brgl/linux.git pwrseq-fixes/pwrseq/for-current
Already up to date.
Merging thead-dt-fixes/thead-dt-fixes (254f49634ee16 Linux 7.1-rc1)
$ git merge -m Merge branch 'thead-dt-fixes' of https://git.kernel.org/pub/scm/linux/kernel/git/fustini/linux.git thead-dt-fixes/thead-dt-fixes
Already up to date.
Merging ftrace-fixes/ftrace/fixes (1650a1b6cb1ae fgraph: Check ftrace_pids_enabled on registration for early filtering)
$ git merge -m Merge branch 'ftrace/fixes' of https://git.kernel.org/pub/scm/linux/kernel/git/trace/linux-trace.git ftrace-fixes/ftrace/fixes
Already up to date.
Merging ring-buffer-fixes/ring-buffer/fixes (057caace5214d tracing: Create output file from cmd_check_undefined)
$ git merge -m Merge branch 'ring-buffer/fixes' of https://git.kernel.org/pub/scm/linux/kernel/git/trace/linux-trace.git ring-buffer-fixes/ring-buffer/fixes
Already up to date.
Merging trace-fixes/trace/fixes (dc59e4fea9d83 Linux 7.2-rc1)
$ git merge -m Merge branch 'trace/fixes' of https://git.kernel.org/pub/scm/linux/kernel/git/trace/linux-trace.git trace-fixes/trace/fixes
Already up to date.
Merging tracefs-fixes/tracefs/fixes (07004a8c4b572 eventfs: Hold eventfs_mutex and SRCU when remount walks events)
$ git merge -m Merge branch 'tracefs/fixes' of https://git.kernel.org/pub/scm/linux/kernel/git/trace/linux-trace.git tracefs-fixes/tracefs/fixes
Already up to date.
Merging spacemit-fixes/fixes (dc59e4fea9d83 Linux 7.2-rc1)
$ git merge -m Merge branch 'fixes' of https://git.kernel.org/pub/scm/linux/kernel/git/spacemit/linux spacemit-fixes/fixes
Already up to date.
Merging tip-fixes/tip/urgent (f5ee06c5f24e2 Merge branch into tip/master: 'x86/urgent')
$ git merge -m Merge branch 'tip/urgent' of https://git.kernel.org/pub/scm/linux/kernel/git/tip/tip.git tip-fixes/tip/urgent
Merge made by the 'ort' strategy.
Merging slab-fixes/slab/for-next-fixes (67ea9d353d0ba mm/slub: hold cpus_read_lock around flush_rcu_sheaves_on_cache())
$ git merge -m Merge branch 'slab/for-next-fixes' of https://git.kernel.org/pub/scm/linux/kernel/git/vbabka/slab.git slab-fixes/slab/for-next-fixes
Already up to date.
Merging kexec-fixes/kexec-fixes (dc59e4fea9d83 Linux 7.2-rc1)
$ git merge -m Merge branch 'kexec-fixes' of https://git.kernel.org/pub/scm/linux/kernel/git/liveupdate/linux.git kexec-fixes/kexec-fixes
Already up to date.
Merging liveupdate-fixes/fixes (dc59e4fea9d83 Linux 7.2-rc1)
$ git merge -m Merge branch 'fixes' of https://git.kernel.org/pub/scm/linux/kernel/git/liveupdate/linux.git liveupdate-fixes/fixes
Already up to date.
Merging drm-msm-fixes/msm-fixes (db339b6bc9f23 dt-bindings: display/msm: Fix typo in clock-names property)
$ git merge -m Merge branch 'msm-fixes' of https://gitlab.freedesktop.org/drm/msm.git drm-msm-fixes/msm-fixes
Already up to date.
Merging uml-fixes/fixes (254f49634ee16 Linux 7.1-rc1)
$ git merge -m Merge branch 'fixes' of https://git.kernel.org/pub/scm/linux/kernel/git/uml/linux.git uml-fixes/fixes
Already up to date.
Merging fwctl-fixes/for-rc (4549871118cf6 Linux 7.1-rc7)
$ git merge -m Merge branch 'for-rc' of https://git.kernel.org/pub/scm/linux/kernel/git/fwctl/fwctl.git fwctl-fixes/for-rc
Already up to date.
Merging devsec-tsm-fixes/fixes (c3fd16c3b98ed virt: tdx-guest: Fix handling of host controlled 'quote' buffer length)
$ git merge -m Merge branch 'fixes' of https://git.kernel.org/pub/scm/linux/kernel/git/devsec/tsm.git devsec-tsm-fixes/fixes
Already up to date.
Merging drm-rust-fixes/for-linux-next-fixes (dc59e4fea9d83 Linux 7.2-rc1)
$ git merge -m Merge branch 'for-linux-next-fixes' of https://gitlab.freedesktop.org/drm/rust/kernel.git drm-rust-fixes/for-linux-next-fixes
Already up to date.
Merging tenstorrent-dt-fixes/tenstorrent-dt-fixes (6de23f81a5e08 Linux 7.0-rc1)
$ git merge -m Merge branch 'tenstorrent-dt-fixes' of https://git.kernel.org/pub/scm/linux/kernel/git/tenstorrent/linux.git tenstorrent-dt-fixes/tenstorrent-dt-fixes
Already up to date.
Merging nfc-fixes/for-linus (e87faad807329 nfc: nci: fix out-of-bounds write in nci_target_auto_activated())
$ git merge -m Merge branch 'for-linus' of https://codeberg.org/linux-nfc/linux.git nfc-fixes/for-linus
Merge made by the 'ort' strategy.
 net/nfc/digital_technology.c |  2 ++
 net/nfc/llcp_commands.c      | 18 ++++++++++++++++--
 net/nfc/llcp_core.c          | 29 +++++++++++++++++++++--------
 net/nfc/llcp_sock.c          | 14 +++++++++++---
 net/nfc/nci/data.c           | 10 +++++-----
 net/nfc/nci/ntf.c            | 32 ++++++++++++++++++++++++++++----
 net/nfc/nci/rsp.c            | 28 ++++++++++++++++++++++++++--
 7 files changed, 109 insertions(+), 24 deletions(-)
Merging drm-misc-fixes/for-linux-next-fixes (6bb8898f70238 drm/bridge: analogix_dp: Fix PE/VS value shift mismatch during link training)
$ git merge -m Merge branch 'for-linux-next-fixes' of https://gitlab.freedesktop.org/drm/misc/kernel.git drm-misc-fixes/for-linux-next-fixes
Merge made by the 'ort' strategy.
 drivers/accel/amdxdna/amdxdna_gem.c                | 1 +
 drivers/gpu/drm/bridge/analogix/analogix_dp_core.c | 4 ++++
 2 files changed, 5 insertions(+)
Merging rust/rust-next (dc59e4fea9d83 Linux 7.2-rc1)
$ git merge -m Merge branch 'rust-next' of https://github.com/Rust-for-Linux/linux.git rust/rust-next
Already up to date.
Merging rust-interop/interop-next (05f7e89ab9731 Linux 6.19)
$ git merge -m Merge branch 'interop-next' of https://github.com/Rust-for-Linux/linux.git rust-interop/interop-next
Already up to date.
Merging rust-alloc/alloc-next (dc59e4fea9d83 Linux 7.2-rc1)
$ git merge -m Merge branch 'alloc-next' of https://github.com/Rust-for-Linux/linux.git rust-alloc/alloc-next
Already up to date.
Merging rust-io/io-next (86731a2a651e5 Linux 6.16-rc3)
$ git merge -m Merge branch 'io-next' of https://github.com/Rust-for-Linux/linux.git rust-io/io-next
Already up to date.
Merging rust-pin-init/pin-init-next (dc59e4fea9d83 Linux 7.2-rc1)
$ git merge -m Merge branch 'pin-init-next' of https://github.com/Rust-for-Linux/linux.git rust-pin-init/pin-init-next
Already up to date.
Merging rust-timekeeping/timekeeping-next (ddb1444d33351 hrtimer: add usage examples to documentation)
$ git merge -m Merge branch 'timekeeping-next' of https://github.com/Rust-for-Linux/linux.git rust-timekeeping/timekeeping-next
Already up to date.
Merging rust-xarray/xarray-next (c455f19bbe610 rust: xarray: add __rust_helper to helpers)
$ git merge -m Merge branch 'xarray-next' of https://github.com/Rust-for-Linux/linux.git rust-xarray/xarray-next
Already up to date.
Merging rust-analyzer/rust-analyzer-next (5f45afb8ab04d scripts: generate_rust_analyzer.py: pass cfg to macros crate)
$ git merge -m Merge branch 'rust-analyzer-next' of https://github.com/Rust-for-Linux/linux.git rust-analyzer/rust-analyzer-next
Auto-merging scripts/generate_rust_analyzer.py
Merge made by the 'ort' strategy.
 scripts/generate_rust_analyzer.py | 1 +
 1 file changed, 1 insertion(+)
Merging mm-stable/mm-stable (dc59e4fea9d83 Linux 7.2-rc1)
$ git merge -m Merge branch 'mm-stable' of https://git.kernel.org/pub/scm/linux/kernel/git/akpm/mm mm-stable/mm-stable
Already up to date.
Merging mm-nonmm-stable/mm-nonmm-stable (dc59e4fea9d83 Linux 7.2-rc1)
$ git merge -m Merge branch 'mm-nonmm-stable' of https://git.kernel.org/pub/scm/linux/kernel/git/akpm/mm mm-nonmm-stable/mm-nonmm-stable
Already up to date.
Merging mm-unstable/mm-unstable (d148260a31fdd mm: fix CONFIG_STACK_GROWSUP typo in tools/testing/vma/include/dup.h)
  a9f756ecd57fc ("mm/mm_init: handle alloc_percpu failure in free_area_init_core_hotplug")
$ git merge -m Merge branch 'mm-unstable' of https://git.kernel.org/pub/scm/linux/kernel/git/akpm/mm mm-unstable/mm-unstable
Auto-merging MAINTAINERS
Auto-merging arch/riscv/Kconfig
Auto-merging mm/mm_init.c
Merge made by the 'ort' strategy.
 CREDITS                                            |   4 +
 Documentation/ABI/testing/sysfs-kernel-mm-damon    |  40 ++
 Documentation/admin-guide/kernel-parameters.txt    |   7 +-
 Documentation/admin-guide/mm/damon/usage.rst       |   8 +-
 Documentation/admin-guide/sysctl/vm.rst            |  80 +++
 Documentation/core-api/maple_tree.rst              |  21 +-
 Documentation/core-api/mm-api.rst                  |   1 +
 Documentation/driver-api/basics.rst                |   3 +
 Documentation/mm/damon/design.rst                  |  18 +-
 Documentation/mm/page_owner.rst                    |  77 ++-
 MAINTAINERS                                        |  21 +-
 arch/arm64/Kconfig                                 |   2 +-
 arch/arm64/include/asm/pgtable.h                   |   4 +-
 arch/csky/abiv1/inc/abi/cacheflush.h               |   7 +-
 arch/loongarch/Kconfig                             |   2 +-
 arch/powerpc/include/asm/book3s/64/pgtable.h       |   2 +-
 arch/powerpc/mm/book3s64/radix_pgtable.c           |   7 +-
 arch/powerpc/mm/hugetlbpage.c                      |  13 +-
 arch/powerpc/platforms/Kconfig.cputype             |   2 +-
 arch/riscv/Kconfig                                 |   2 +-
 arch/riscv/include/asm/pgtable.h                   |   8 +-
 arch/s390/Kconfig                                  |   2 +-
 arch/s390/include/asm/pgtable.h                    |   2 +-
 arch/sparc/include/asm/pgtable_64.h                |   4 -
 arch/x86/Kconfig                                   |   2 +-
 arch/x86/include/asm/pgtable.h                     |   2 +-
 drivers/base/arch_numa.c                           |   4 -
 fs/proc/task_mmu.c                                 |   3 +-
 include/asm-generic/fixmap.h                       |   4 +-
 include/asm-generic/getorder.h                     |   4 +-
 include/asm-generic/memory_model.h                 |   6 +-
 include/asm-generic/mmu.h                          |   2 +-
 include/asm-generic/pgtable-nop4d.h                |   4 +-
 include/asm-generic/pgtable-nopmd.h                |   4 +-
 include/asm-generic/pgtable-nopud.h                |   4 +-
 include/linux/cpuset.h                             |   4 +-
 include/linux/damon.h                              |  15 +-
 include/linux/gfp_types.h                          |   5 +-
 include/linux/huge_mm.h                            |   2 +-
 include/linux/hugetlb.h                            |  51 +-
 include/linux/hugetlb_cgroup.h                     |   2 +-
 include/linux/leafops.h                            |  28 +-
 include/linux/lockdep.h                            |   3 +
 include/linux/lockdep_types.h                      |   3 +-
 include/linux/maple_tree.h                         |  10 +-
 include/linux/migrate.h                            |   6 +-
 include/linux/migrate_mode.h                       |   1 +
 include/linux/mm.h                                 |  46 +-
 include/linux/mm_inline.h                          |   4 +-
 include/linux/mm_types.h                           |   1 +
 include/linux/mmzone.h                             |  43 +-
 include/linux/oom.h                                |   2 +-
 include/linux/page-flags.h                         |  14 -
 include/linux/page_owner.h                         |   7 +-
 include/linux/percpu-refcount.h                    |   5 +-
 include/linux/pfn.h                                |   2 +-
 include/linux/pgtable.h                            |  39 +-
 include/linux/radix-tree.h                         |   5 +-
 include/linux/sched.h                              |   1 +
 include/linux/swap.h                               |   9 +-
 include/linux/swapops.h                            |   6 +-
 include/linux/vmalloc.h                            |   4 +-
 include/linux/vmpressure.h                         |  48 +-
 include/linux/writeback.h                          |   2 +-
 include/trace/events/damon.h                       |   8 +-
 include/trace/events/migrate.h                     |  11 +-
 include/trace/events/pagemap.h                     |   8 +
 include/uapi/linux/mempolicy.h                     |   2 +-
 kernel/cgroup/cpuset.c                             |   2 +-
 kernel/locking/lockdep.c                           |  58 ++-
 lib/Kconfig.debug                                  |  28 --
 lib/Makefile                                       |   1 -
 lib/maple_tree.c                                   | 353 +++++++++-----
 lib/percpu-refcount.c                              |   2 +-
 lib/test_hmm.c                                     |   2 +-
 mm/Kconfig                                         |   2 +-
 mm/Kconfig.debug                                   |  28 ++
 mm/Makefile                                        |   1 +
 {lib => mm}/alloc_tag.c                            |   0
 mm/cma.c                                           |   3 +-
 mm/damon/core.c                                    | 278 ++++++-----
 mm/damon/paddr.c                                   |   9 +-
 mm/damon/stat.c                                    |   2 +-
 mm/damon/sysfs-schemes.c                           |  28 +-
 mm/damon/sysfs.c                                   | 125 +++--
 mm/damon/tests/core-kunit.h                        | 144 +++++-
 mm/damon/vaddr.c                                   |  12 +-
 mm/debug_vm_pgtable.c                              |  12 +-
 mm/filemap.c                                       |  43 +-
 mm/hmm.c                                           |   4 +-
 mm/huge_memory.c                                   |  17 +-
 mm/hugetlb.c                                       | 539 +++++++++++----------
 mm/hugetlb_cma.c                                   | 140 ++++--
 mm/hugetlb_cma.h                                   |   8 +-
 mm/hugetlb_vmemmap.c                               | 137 ++----
 mm/hugetlb_vmemmap.h                               |   5 -
 mm/internal.h                                      |  29 +-
 mm/kasan/hw_tags.c                                 |   2 +-
 mm/kmemleak.c                                      |  91 +++-
 mm/ksm.c                                           |  17 +-
 mm/madvise.c                                       |   6 +-
 mm/memcontrol-v1.c                                 | 300 ++++++++++++
 mm/memcontrol-v1.h                                 |   6 -
 mm/memcontrol.c                                    |  12 +-
 mm/memory-failure.c                                | 108 ++++-
 mm/memory.c                                        |  11 +-
 mm/mempolicy.c                                     |  21 +-
 mm/migrate.c                                       |  68 ++-
 mm/migrate_device.c                                |  34 +-
 mm/mincore.c                                       |  11 +-
 mm/mlock.c                                         |   2 +-
 mm/mm_init.c                                       |  86 ++--
 mm/mmzone.c                                        |   5 +-
 mm/mprotect.c                                      |  21 +-
 mm/page_alloc.c                                    |  81 ++--
 mm/page_owner.c                                    | 311 +++++++++---
 mm/percpu-vm.c                                     |  48 +-
 mm/percpu.c                                        |  20 +-
 mm/rmap.c                                          |   9 +-
 mm/shmem.c                                         |  13 +-
 mm/show_mem.c                                      |   9 +-
 mm/slab.h                                          |   2 +-
 mm/sparse-vmemmap.c                                |  26 +-
 mm/sparse.c                                        |  50 +-
 mm/swap.c                                          |  21 +-
 mm/swap.h                                          |   4 +-
 mm/swap_state.c                                    |   2 -
 mm/swapfile.c                                      |  16 +-
 mm/userfaultfd.c                                   |  10 +-
 mm/vmalloc.c                                       |  31 +-
 mm/vmpressure.c                                    | 301 +-----------
 mm/vmscan.c                                        |  18 +-
 mm/vmstat.c                                        |   2 +-
 mm/zsmalloc.c                                      | 230 +++++++--
 mm/zswap.c                                         |   2 +-
 samples/damon/Kconfig                              |   2 +-
 samples/damon/mtier.c                              |  14 +-
 samples/damon/prcl.c                               |  11 +-
 samples/damon/wsse.c                               |  11 +-
 scripts/gdb/linux/page_owner.py                    |   4 +-
 tools/mm/.gitignore                                |   1 +
 tools/mm/Makefile                                  |   4 +-
 tools/mm/page_owner_filter.c                       | 310 ++++++++++++
 tools/mm/page_owner_sort.c                         |  87 +++-
 tools/testing/radix-tree/maple.c                   |   4 +-
 tools/testing/selftests/damon/Makefile             |   1 +
 tools/testing/selftests/damon/_damon_sysfs.py      |  23 +-
 .../selftests/damon/damos_apply_interval.py        |   2 +-
 tools/testing/selftests/damon/damos_quota_goal.py  |   2 +-
 .../testing/selftests/damon/damos_tried_regions.py |   4 +-
 .../selftests/damon/drgn_dump_damon_status.py      |   3 +-
 tools/testing/selftests/damon/sysfs.py             |  35 +-
 tools/testing/selftests/damon/sysfs.sh             |  77 ++-
 tools/testing/selftests/damon/sysfs_refresh.py     |  75 +++
 ..._update_schemes_tried_regions_wss_estimation.py |   2 +-
 tools/testing/selftests/mm/Makefile                |   4 +
 tools/testing/selftests/mm/hwpoison-panic.sh       | 255 ++++++++++
 tools/testing/selftests/mm/pkey-helpers.h          |   4 +-
 tools/testing/selftests/mm/pkey-powerpc.h          |   2 +-
 tools/testing/selftests/mm/pkey_sighandler_tests.c | 107 ++--
 tools/testing/selftests/mm/pkey_util.c             |  90 ++++
 tools/testing/selftests/mm/protection_keys.c       |  99 +---
 tools/testing/selftests/mm/uffd-common.c           |   9 +-
 tools/testing/vma/include/dup.h                    |   2 +-
 164 files changed, 4022 insertions(+), 2014 deletions(-)
 rename {lib => mm}/alloc_tag.c (100%)
 create mode 100644 tools/mm/page_owner_filter.c
 create mode 100755 tools/testing/selftests/damon/sysfs_refresh.py
 create mode 100755 tools/testing/selftests/mm/hwpoison-panic.sh
$ git am -3 ../patches/0001-mm-Fix-up-build-for-uninitialised-pte.patch
Applying: mm: Fix up build for uninitialised pte
Using index info to reconstruct a base tree...
M	mm/khugepaged.c
Falling back to patching base and 3-way merge...
Auto-merging mm/khugepaged.c
No changes -- Patch already applied.
Merging mm-nonmm-unstable/mm-nonmm-unstable (a1e4a999fa76f pps: don't allow PPS_KC_BIND on removed devices)
$ git merge -m Merge branch 'mm-nonmm-unstable' of https://git.kernel.org/pub/scm/linux/kernel/git/akpm/mm mm-nonmm-unstable/mm-nonmm-unstable
Auto-merging arch/riscv/include/asm/pgtable.h
Auto-merging arch/riscv/kernel/entry.S
Auto-merging drivers/pps/clients/pps-gpio.c
Auto-merging lib/Kconfig.debug
Auto-merging mm/sparse-vmemmap.c
Merge made by the 'ort' strategy.
 Documentation/accounting/delay-accounting.rst |  43 ++++
 arch/riscv/include/asm/cacheflush.h           |  15 +-
 arch/riscv/include/asm/pgtable.h              |  13 +-
 arch/riscv/kernel/entry.S                     |  11 +-
 arch/riscv/mm/init.c                          |   6 +
 drivers/media/v4l2-core/v4l2-vp9.c            |  30 +--
 drivers/pps/clients/pps-gpio.c                |  39 ++--
 drivers/pps/kc.c                              |  10 +
 drivers/pps/pps.c                             |  10 +-
 fs/fat/misc.c                                 |   4 +
 fs/ocfs2/cluster/heartbeat.c                  |  43 ++--
 fs/ocfs2/cluster/nodemanager.c                |  19 +-
 fs/ocfs2/cluster/nodemanager.h                |   2 +
 fs/ocfs2/dir.c                                |  20 +-
 fs/ocfs2/dlm/dlmmaster.c                      |   6 +
 fs/ocfs2/dlm/dlmrecovery.c                    |   9 +
 fs/ocfs2/namei.c                              |  17 +-
 fs/ramfs/file-nommu.c                         |   3 +
 include/linux/nmi.h                           |   4 +-
 include/linux/pps_kernel.h                    |   1 +
 ipc/ipc_sysctl.c                              |   2 +-
 kernel/panic.c                                |   7 +-
 kernel/params.c                               |   4 +-
 kernel/resource.c                             |   2 +-
 kernel/signal.c                               |  51 ++---
 kernel/watchdog.c                             |  16 +-
 lib/Kconfig                                   |   6 -
 lib/Kconfig.debug                             |  26 +++
 lib/idr.c                                     |  55 +++--
 lib/math/tests/Makefile                       |   1 +
 lib/math/tests/polynomial_kunit.c             | 270 ++++++++++++++++++++++++
 lib/random32.c                                | 184 +----------------
 lib/string.c                                  |   3 +-
 lib/test_ida.c                                |  14 ++
 lib/tests/Makefile                            |   1 +
 lib/tests/random32_kunit.c                    | 182 ++++++++++++++++
 lib/xz/xz_dec_bcj.c                           |   2 +-
 lib/xz/xz_dec_lzma2.c                         |  63 +++---
 lib/xz/xz_dec_stream.c                        |   4 +-
 lib/xz/xz_lzma2.h                             |   2 +-
 mm/sparse-vmemmap.c                           |   8 +
 tools/accounting/delaytop.c                   | 286 ++++++++++++++++++++++----
 tools/accounting/getdelays.c                  |   5 +
 tools/include/linux/compiler.h                |   2 +-
 44 files changed, 1099 insertions(+), 402 deletions(-)
 create mode 100644 lib/math/tests/polynomial_kunit.c
 create mode 100644 lib/tests/random32_kunit.c
Merging kbuild/kbuild-for-next (078f4b01a0cff kbuild: remove srctree path from CHECK output)
$ git merge -m Merge branch 'kbuild-for-next' of https://git.kernel.org/pub/scm/linux/kernel/git/kbuild/linux.git kbuild/kbuild-for-next
Auto-merging Makefile
Merge made by the 'ort' strategy.
 Makefile                                           |  6 ++++
 arch/arm64/include/asm/module.lds.h                | 13 -------
 scripts/Makefile.build                             |  4 +--
 scripts/kconfig/menu.c                             | 22 +++++++++++-
 scripts/kconfig/tests/warn_dead_default/Kconfig    | 40 ++++++++++++++++++++++
 .../kconfig/tests/warn_dead_default/__init__.py    |  8 +++++
 .../tests/warn_dead_default/expected_stderr        |  4 +++
 7 files changed, 81 insertions(+), 16 deletions(-)
 create mode 100644 scripts/kconfig/tests/warn_dead_default/Kconfig
 create mode 100644 scripts/kconfig/tests/warn_dead_default/__init__.py
 create mode 100644 scripts/kconfig/tests/warn_dead_default/expected_stderr
Merging clang-format/clang-format (8f0b4cce4481f Linux 6.19-rc1)
$ git merge -m Merge branch 'clang-format' of https://github.com/ojeda/linux.git clang-format/clang-format
Already up to date.
Merging perf/perf-tools-next (ca0e19074bd6a perf test: Add Arm CoreSight callchain test)
$ git merge -m Merge branch 'perf-tools-next' of https://git.kernel.org/pub/scm/linux/kernel/git/perf/perf-tools-next.git perf/perf-tools-next
Merge made by the 'ort' strategy.
 tools/perf/Documentation/perf-test.txt             |    6 +-
 tools/perf/Makefile.perf                           |    9 +-
 tools/perf/arch/arm/util/cs-etm.c                  |   10 +-
 tools/perf/arch/arm64/util/arm-spe.c               |    8 +-
 tools/perf/arch/arm64/util/hisi-ptt.c              |    2 +-
 tools/perf/arch/x86/tests/hybrid.c                 |   22 +-
 tools/perf/arch/x86/tests/topdown.c                |    4 +-
 tools/perf/arch/x86/util/auxtrace.c                |    2 +-
 tools/perf/arch/x86/util/intel-bts.c               |    6 +-
 tools/perf/arch/x86/util/intel-pt.c                |    9 +-
 tools/perf/arch/x86/util/iostat.c                  |   14 +-
 tools/perf/bench/evlist-open-close.c               |   29 +-
 tools/perf/builtin-annotate.c                      |    7 +-
 tools/perf/builtin-ftrace.c                        |   14 +-
 tools/perf/builtin-inject.c                        |    9 +-
 tools/perf/builtin-kvm.c                           |  123 +-
 tools/perf/builtin-kwork.c                         |    8 +-
 tools/perf/builtin-lock.c                          |    4 +-
 tools/perf/builtin-record.c                        |   95 +-
 tools/perf/builtin-report.c                        |    6 +-
 tools/perf/builtin-sched.c                         |   46 +-
 tools/perf/builtin-script.c                        |   16 +-
 tools/perf/builtin-stat.c                          |  103 +-
 tools/perf/builtin-timechart.c                     |  212 +-
 tools/perf/builtin-top.c                           |  104 +-
 tools/perf/builtin-trace.c                         |   65 +-
 .../perf/pmu-events/arch/x86/arrowlake/cache.json  |   30 +-
 .../arch/x86/arrowlake/floating-point.json         |   45 +
 .../perf/pmu-events/arch/x86/arrowlake/memory.json |   18 +
 .../pmu-events/arch/x86/arrowlake/pipeline.json    |  129 +-
 .../pmu-events/arch/x86/emeraldrapids/cache.json   |    9 +
 .../x86/graniterapids/uncore-interconnect.json     |   10 +
 .../arch/x86/graniterapids/uncore-memory.json      |    2 +-
 .../perf/pmu-events/arch/x86/lunarlake/cache.json  |    2 +-
 .../pmu-events/arch/x86/lunarlake/pipeline.json    |   27 +-
 .../arch/x86/lunarlake/uncore-memory.json          |  208 +-
 tools/perf/pmu-events/arch/x86/mapfile.csv         |   12 +-
 .../pmu-events/arch/x86/pantherlake/counter.json   |    5 +
 .../pmu-events/arch/x86/pantherlake/pipeline.json  |   29 +-
 .../arch/x86/pantherlake/uncore-interconnect.json  |   10 +
 .../arch/x86/pantherlake/uncore-memory.json        |  221 +-
 tools/perf/python/perf.pyi                         |  672 ++++++
 tools/perf/python/perf_live.py                     |   59 +
 tools/perf/scripts/python/arm-cs-trace-disasm.py   |    9 +-
 tools/perf/scripts/python/powerpc-hcalls.py        |  137 +-
 tools/perf/tests/backward-ring-buffer.c            |   26 +-
 tools/perf/tests/builtin-test.c                    |  182 +-
 tools/perf/tests/code-reading.c                    |   14 +-
 tools/perf/tests/event-times.c                     |    6 +-
 tools/perf/tests/event_update.c                    |    4 +-
 tools/perf/tests/evsel-roundtrip-name.c            |    8 +-
 tools/perf/tests/evsel-tp-sched.c                  |    4 +-
 tools/perf/tests/expand-cgroup.c                   |   15 +-
 tools/perf/tests/hists_cumulate.c                  |    2 +-
 tools/perf/tests/hists_filter.c                    |    2 +-
 tools/perf/tests/hists_link.c                      |    2 +-
 tools/perf/tests/hists_output.c                    |    2 +-
 tools/perf/tests/hwmon_pmu.c                       |    7 +-
 tools/perf/tests/keep-tracking.c                   |   10 +-
 tools/perf/tests/mmap-basic.c                      |   24 +-
 tools/perf/tests/openat-syscall-all-cpus.c         |    6 +-
 tools/perf/tests/openat-syscall-tp-fields.c        |   26 +-
 tools/perf/tests/openat-syscall.c                  |    6 +-
 tools/perf/tests/parse-events.c                    |  150 +-
 tools/perf/tests/parse-metric.c                    |   11 +-
 tools/perf/tests/parse-no-sample-id-all.c          |    2 +-
 tools/perf/tests/perf-record.c                     |   38 +-
 tools/perf/tests/perf-time-to-tsc.c                |   12 +-
 tools/perf/tests/pfm.c                             |   12 +-
 tools/perf/tests/pmu-events.c                      |   21 +-
 tools/perf/tests/pmu.c                             |    4 +-
 tools/perf/tests/sample-parsing.c                  |   45 +-
 tools/perf/tests/shell/coresight/callchain.sh      |  172 ++
 .../shell/coresight/test_arm_coresight_disasm.sh   |    4 +-
 tools/perf/tests/shell/inject_aslr.sh              |   10 +-
 tools/perf/tests/shell/jitdump-python.sh           |   69 +-
 tools/perf/tests/shell/kvm.sh                      |   71 +-
 .../perf/tests/shell/lib/perf_metric_validation.py |   11 +-
 tools/perf/tests/shell/lib/perf_record.sh          |   58 +
 tools/perf/tests/shell/lib/setup_python.sh         |   13 +
 tools/perf/tests/shell/lock_contention.sh          |   32 +-
 tools/perf/tests/shell/pipe_test.sh                |    4 +-
 tools/perf/tests/shell/record.sh                   |  173 +-
 tools/perf/tests/shell/record_lbr.sh               |   50 +-
 tools/perf/tests/shell/record_offcpu.sh            |   14 +-
 tools/perf/tests/shell/stat_all_metrics.sh         |   77 +-
 tools/perf/tests/shell/stat_bpf_counters.sh        |   28 +-
 tools/perf/tests/shell/stat_metrics_values.sh      |    9 +-
 tools/perf/tests/shell/test_brstack.sh             |   99 +-
 tools/perf/tests/shell/timechart.sh                |   24 +-
 tools/perf/tests/shell/trace_record_replay.sh      |   38 +-
 tools/perf/tests/sw-clock.c                        |   20 +-
 tools/perf/tests/switch-tracking.c                 |   11 +-
 tools/perf/tests/task-exit.c                       |   20 +-
 tools/perf/tests/tests.h                           |    1 +
 tools/perf/tests/time-utils-test.c                 |   14 +-
 tools/perf/tests/tool_pmu.c                        |    7 +-
 tools/perf/tests/topology.c                        |    4 +-
 tools/perf/tests/uncore-event-sorting.c            |    6 +-
 tools/perf/tests/workloads/Build                   |    2 +
 tools/perf/tests/workloads/callchain.c             |   33 +
 tools/perf/tests/workloads/noploop.c               |   17 +-
 tools/perf/tests/workloads/thloop.c                |   16 +-
 tools/perf/ui/browsers/annotate.c                  |    2 +-
 tools/perf/ui/browsers/hists.c                     |   22 +-
 tools/perf/util/Build                              |    1 -
 tools/perf/util/amd-sample-raw.c                   |    2 +-
 tools/perf/util/annotate-data.c                    |    2 +-
 tools/perf/util/annotate.c                         |   10 +-
 tools/perf/util/aslr.c                             |    1 +
 tools/perf/util/auxtrace.c                         |   14 +-
 tools/perf/util/block-info.c                       |    4 +-
 tools/perf/util/bpf_counter.c                      |    2 +-
 tools/perf/util/bpf_counter_cgroup.c               |   14 +-
 tools/perf/util/bpf_ftrace.c                       |    9 +-
 tools/perf/util/bpf_lock_contention.c              |   12 +-
 tools/perf/util/bpf_off_cpu.c                      |   44 +-
 tools/perf/util/bpf_trace_augment.c                |    8 +-
 tools/perf/util/cgroup.c                           |   26 +-
 tools/perf/util/cs-etm.c                           |  382 +--
 tools/perf/util/data-convert-bt.c                  |    2 +-
 tools/perf/util/data.c                             |   27 +-
 tools/perf/util/data.h                             |    4 +-
 tools/perf/util/evlist.c                           |  494 ++--
 tools/perf/util/evlist.h                           |  273 ++-
 tools/perf/util/evsel.c                            |   39 +-
 tools/perf/util/evsel.h                            |   42 +-
 tools/perf/util/expr.c                             |    2 +-
 tools/perf/util/header.c                           |   69 +-
 tools/perf/util/header.h                           |    2 +-
 tools/perf/util/intel-pt.c                         |    8 +-
 tools/perf/util/intel-tpebs.c                      |    7 +-
 tools/perf/util/iostat.c                           |    2 +-
 tools/perf/util/iostat.h                           |    2 +-
 tools/perf/util/kvm-stat-arch/book3s_hv_exits.h    |    4 +-
 tools/perf/util/kvm-stat-arch/kvm-stat-powerpc.c   |   31 +-
 tools/perf/util/kvm-stat-arch/kvm-stat-x86.c       |   35 +-
 tools/perf/util/kvm-stat.c                         |   41 +
 tools/perf/util/kvm-stat.h                         |   18 +-
 tools/perf/util/map.h                              |    9 +-
 tools/perf/util/metricgroup.c                      |   38 +-
 tools/perf/util/metricgroup.h                      |    4 +-
 tools/perf/util/parse-events.c                     |   40 +-
 tools/perf/util/parse-events.h                     |   17 +-
 tools/perf/util/parse-events.y                     |    2 +-
 tools/perf/util/perf_api_probe.c                   |   20 +-
 tools/perf/util/pfm.c                              |    4 +-
 tools/perf/util/pmu.c                              |    6 +-
 tools/perf/util/pmus.c                             |    2 +
 tools/perf/util/print-events.c                     |    2 +-
 tools/perf/util/probe-file.c                       |    2 +
 tools/perf/util/python.c                           | 2503 +++++++++++++++++---
 tools/perf/util/record.c                           |   11 +-
 tools/perf/util/s390-sample-raw.c                  |   22 +-
 tools/perf/util/sample-raw.c                       |    4 +-
 tools/perf/util/sample.c                           |   19 +-
 tools/perf/util/session.c                          |   69 +-
 tools/perf/util/session.h                          |    2 +
 tools/perf/util/setup.py                           |    5 +
 tools/perf/util/sideband_evlist.c                  |   40 +-
 tools/perf/util/sort.c                             |    2 +-
 tools/perf/util/stat-display.c                     |    6 +-
 tools/perf/util/stat-shadow.c                      |   24 +-
 tools/perf/util/stat.c                             |   22 +-
 tools/perf/util/stream.c                           |    4 +-
 tools/perf/util/symbol-elf.c                       |    4 +
 tools/perf/util/symbol.c                           |    4 +-
 tools/perf/util/symbol.h                           |   12 +
 tools/perf/util/synthetic-events.c                 |   11 +-
 tools/perf/util/time-utils.c                       |   12 +-
 tools/perf/util/top.c                              |    4 +-
 171 files changed, 6753 insertions(+), 2145 deletions(-)
 create mode 100644 tools/perf/pmu-events/arch/x86/pantherlake/uncore-interconnect.json
 create mode 100644 tools/perf/python/perf.pyi
 create mode 100755 tools/perf/python/perf_live.py
 create mode 100755 tools/perf/tests/shell/coresight/callchain.sh
 create mode 100644 tools/perf/tests/shell/lib/perf_record.sh
 create mode 100644 tools/perf/tests/workloads/callchain.c
Merging compiler-attributes/compiler-attributes (8f0b4cce4481f Linux 6.19-rc1)
$ git merge -m Merge branch 'compiler-attributes' of https://github.com/ojeda/linux.git compiler-attributes/compiler-attributes
Already up to date.
Merging dma-mapping/dma-mapping-for-next (dc59e4fea9d83 Linux 7.2-rc1)
$ git merge -m Merge branch 'dma-mapping-for-next' of https://git.kernel.org/pub/scm/linux/kernel/git/mszyprowski/linux.git dma-mapping/dma-mapping-for-next
Already up to date.
Merging asm-generic/master (adbbd9714f805 scripts: headers_install.sh: Remove config leak ignore machinery)
$ git merge -m Merge branch 'master' of https://git.kernel.org/pub/scm/linux/kernel/git/arnd/asm-generic asm-generic/master
Already up to date.
Merging alpha/alpha-next (d58041d2c63e0 MAINTAINERS: Add Magnus Lindholm as maintainer for alpha port)
$ git merge -m Merge branch 'alpha-next' of https://git.kernel.org/pub/scm/linux/kernel/git/mattst88/alpha.git alpha/alpha-next
Already up to date.
Merging arm/for-next (75ca78c7d982a Merge branches 'fixes' and 'misc' into for-next)
$ git merge -m Merge branch 'for-next' of https://git.kernel.org/pub/scm/linux/kernel/git/rmk/linux.git arm/for-next
Merge made by the 'ort' strategy.
 arch/arm/probes/kprobes/test-core.c | 14 +++-----------
 1 file changed, 3 insertions(+), 11 deletions(-)
Merging arm64/for-next/core (36fa5ffa60344 arm64: mm: Defer read-only remap of data/bss linear alias)
$ git merge -m Merge branch 'for-next/core' of https://git.kernel.org/pub/scm/linux/kernel/git/arm64/linux arm64/for-next/core
Already up to date.
Merging arm-perf/for-next/perf (5936245125f78 perf/arm-cmn: Fix DVM node events)
$ git merge -m Merge branch 'for-next/perf' of https://git.kernel.org/pub/scm/linux/kernel/git/will/linux.git arm-perf/for-next/perf
Already up to date.
Merging arm-soc/for-next (972ea78305bdd soc: document merges)
$ git merge -m Merge branch 'for-next' of https://git.kernel.org/pub/scm/linux/kernel/git/soc/soc.git arm-soc/for-next
Merge made by the 'ort' strategy.
 arch/arm/arm-soc-for-next-contents.txt | 200 +++++++++++++++++++++++++++++++++
 1 file changed, 200 insertions(+)
 create mode 100644 arch/arm/arm-soc-for-next-contents.txt
Merging amlogic/for-next (4336e970ec689 Merge branch 'v7.3/arm64-dt' into for-next)
$ git merge -m Merge branch 'for-next' of https://git.kernel.org/pub/scm/linux/kernel/git/amlogic/linux.git amlogic/for-next
Merge made by the 'ort' strategy.
 .../soc/amlogic/amlogic,meson-gx-clk-measure.yaml  |   2 +
 arch/arm64/boot/dts/amlogic/amlogic-a9.dtsi        | 140 +++++++++++
 arch/arm64/boot/dts/amlogic/amlogic-t7.dtsi        |   5 +
 arch/arm64/boot/dts/amlogic/meson-a1.dtsi          |   5 +
 drivers/soc/amlogic/meson-clk-measure.c            | 272 +++++++++++++++++++++
 5 files changed, 424 insertions(+)
Merging asahi-soc/asahi-soc/for-next (a23ce286383c9 Merge branch 'apple-soc/drivers-7.3' into asahi-soc/for-next)
$ git merge -m Merge branch 'asahi-soc/for-next' of https://github.com/AsahiLinux/linux.git asahi-soc/asahi-soc/for-next
Merge made by the 'ort' strategy.
 arch/arm64/boot/dts/apple/t8122.dtsi | 30 +++++++++++++++---------------
 drivers/soc/apple/sart.c             |  9 +++++++--
 2 files changed, 22 insertions(+), 17 deletions(-)
Merging at91/at91-next (6d892f8d5cd9f Merge branch 'clk-microchip-fixes' into at91-next)
$ git merge -m Merge branch 'at91-next' of https://git.kernel.org/pub/scm/linux/kernel/git/at91/linux.git at91/at91-next
Merge made by the 'ort' strategy.
Merging bmc/for-next (40ae2e16214ad Merge branch 'nuvoton/arm/dt' into for-next)
$ git merge -m Merge branch 'for-next' of https://git.kernel.org/pub/scm/linux/kernel/git/bmc/linux.git bmc/for-next
Merge made by the 'ort' strategy.
 arch/arm/boot/dts/nuvoton/nuvoton-common-npcm7xx.dtsi | 9 +++------
 1 file changed, 3 insertions(+), 6 deletions(-)
Merging broadcom/next (f705b0c80bab1 arm: dts: bcm2711: Fix typo in gpio-line-names)
$ git merge -m Merge branch 'next' of https://github.com/Broadcom/stblinux.git broadcom/next
Merge made by the 'ort' strategy.
Merging cix/for-next (a0cffbd8878c5 Merge remote-tracking branch 'cix/dt' into for-next)
$ git merge -m Merge branch 'for-next' of https://git.kernel.org/pub/scm/linux/kernel/git/peter.chen/cix.git cix/for-next
Merge made by the 'ort' strategy.
Merging davinci/davinci/for-next (dc59e4fea9d83 Linux 7.2-rc1)
$ git merge -m Merge branch 'davinci/for-next' of https://git.kernel.org/pub/scm/linux/kernel/git/brgl/linux.git davinci/davinci/for-next
Already up to date.
Merging drivers-memory/for-next (1527acf2295cf memory: stm32_omm: initialize ret in stm32_omm_set_amcr)
$ git merge -m Merge branch 'for-next' of https://git.kernel.org/pub/scm/linux/kernel/git/krzk/linux-mem-ctrl.git drivers-memory/for-next
Auto-merging drivers/memory/stm32_omm.c
Merge made by the 'ort' strategy.
 drivers/memory/stm32_omm.c | 2 +-
 1 file changed, 1 insertion(+), 1 deletion(-)
Merging fsl/soc_fsl (c99d8ac7b355c bus: fsl-mc: wait for the MC firmware to complete its boot)
$ git merge -m Merge branch 'soc_fsl' of https://git.kernel.org/pub/scm/linux/kernel/git/chleroy/linux.git fsl/soc_fsl
Auto-merging drivers/irqchip/Kconfig
Auto-merging drivers/irqchip/Makefile
Auto-merging drivers/irqchip/irq-gic-its-msi-parent.c
Auto-merging drivers/soc/fsl/qe/qe.c
Auto-merging include/linux/fsl/mc.h
Merge made by the 'ort' strategy.
Merging imx-mxs/for-next (d0c222c2e2ce5 Merge branches 'imx/dt', 'imx/dt64' and 'imx/soc' into for-next)
$ git merge -m Merge branch 'for-next' of https://git.kernel.org/pub/scm/linux/kernel/git/frank.li/linux.git imx-mxs/for-next
Merge made by the 'ort' strategy.
 Documentation/devicetree/bindings/arm/fsl.yaml     |   12 +
 .../bindings/soc/imx/fsl,imx93-media-blk-ctrl.yaml |   39 +
 arch/arm/boot/dts/nxp/imx/imx7d-pico.dtsi          |   23 +
 arch/arm/mach-imx/avic.c                           |    2 +
 arch/arm/mach-imx/common.h                         |    7 -
 arch/arm/mach-imx/src.c                            |    3 +
 arch/arm/mach-imx/system.c                         |    8 -
 arch/arm64/boot/dts/freescale/Makefile             |   16 +
 .../boot/dts/freescale/imx8mm-var-som-symphony.dts |   12 +
 arch/arm64/boot/dts/freescale/imx8mp-ab2.dts       |    4 +
 .../boot/dts/freescale/imx8mp-evk-flexcan2.dtso    |   15 +
 arch/arm64/boot/dts/freescale/imx8mp-evk.dts       |   23 +-
 arch/arm64/boot/dts/freescale/imx8mp-frdm.dts      |    2 +
 ...imx8mp-tqma8mpqs-mb-smarc-2-lvds-g133han01.dtso |   81 ++
 ...8mp-tqma8mpqs-mb-smarc-2-lvds0-tm070jvhg33.dtso |   43 +
 ...8mp-tqma8mpqs-mb-smarc-2-lvds1-tm070jvhg33.dtso |   43 +
 .../dts/freescale/imx8mp-tqma8mpqs-mb-smarc-2.dts  |  380 +++++++
 .../arm64/boot/dts/freescale/imx8mp-tqma8mpqs.dtsi | 1178 ++++++++++++++++++++
 .../boot/dts/freescale/imx8mp-var-som-symphony.dts |  389 ++++++-
 arch/arm64/boot/dts/freescale/imx8mp-var-som.dtsi  |   12 +-
 arch/arm64/boot/dts/freescale/imx8mq-evk.dts       |   22 +
 .../freescale/imx93-11x11-evk-dy1212w-4856.dtso    |   81 ++
 .../boot/dts/freescale/imx93-kontron-osm-s.dtsi    |    4 +-
 arch/arm64/boot/dts/freescale/imx93.dtsi           |   39 +-
 arch/arm64/boot/dts/freescale/imx94.dtsi           |    5 +-
 arch/arm64/boot/dts/freescale/imx943.dtsi          |    5 +-
 .../boot/dts/freescale/imx95-toradex-smarc.dtsi    |    1 +
 drivers/firmware/imx/sm-misc.c                     |    3 +
 28 files changed, 2426 insertions(+), 26 deletions(-)
 create mode 100644 arch/arm64/boot/dts/freescale/imx8mp-evk-flexcan2.dtso
 create mode 100644 arch/arm64/boot/dts/freescale/imx8mp-tqma8mpqs-mb-smarc-2-lvds-g133han01.dtso
 create mode 100644 arch/arm64/boot/dts/freescale/imx8mp-tqma8mpqs-mb-smarc-2-lvds0-tm070jvhg33.dtso
 create mode 100644 arch/arm64/boot/dts/freescale/imx8mp-tqma8mpqs-mb-smarc-2-lvds1-tm070jvhg33.dtso
 create mode 100644 arch/arm64/boot/dts/freescale/imx8mp-tqma8mpqs-mb-smarc-2.dts
 create mode 100644 arch/arm64/boot/dts/freescale/imx8mp-tqma8mpqs.dtsi
 create mode 100644 arch/arm64/boot/dts/freescale/imx93-11x11-evk-dy1212w-4856.dtso
Merging mediatek/for-next (eb3e990db3569 arm64: dts: mediatek: mt8188-geralt: Add supply for SPI NOR flash)
$ git merge -m Merge branch 'for-next' of https://git.kernel.org/pub/scm/linux/kernel/git/mediatek/linux.git mediatek/for-next
Merge made by the 'ort' strategy.
 arch/arm64/boot/dts/mediatek/mt8183-kukui.dtsi  |   2 +
 arch/arm64/boot/dts/mediatek/mt8186.dtsi        | 110 ++++++++++++------------
 arch/arm64/boot/dts/mediatek/mt8188-geralt.dtsi |   1 +
 3 files changed, 58 insertions(+), 55 deletions(-)
Merging mvebu/for-next (3ea0dabfa4500 Merge branch 'mvebu/dt64' into mvebu/for-next)
$ git merge -m Merge branch 'for-next' of https://git.kernel.org/pub/scm/linux/kernel/git/gclement/mvebu.git mvebu/for-next
Merge made by the 'ort' strategy.
 arch/arm64/boot/dts/marvell/armada-37xx.dtsi | 1 +
 1 file changed, 1 insertion(+)
Merging omap/for-next (f338cc54e10ab Merge branch 'omap-for-v7.3/drivers' into tmp/omap-next-20260629.131449)
$ git merge -m Merge branch 'for-next' of https://git.kernel.org/pub/scm/linux/kernel/git/khilman/linux-omap.git omap/for-next
Merge made by the 'ort' strategy.
 arch/arm/boot/dts/ti/davinci/da850-lcdk.dts        |   2 +-
 arch/arm/boot/dts/ti/omap/Makefile                 |   4 +
 .../dts/ti/omap/am335x-icev2-prueth-overlay.dtso   | 156 +++++++++++++++++++++
 arch/arm/boot/dts/ti/omap/am33xx-l4.dtsi           |  13 +-
 arch/arm/boot/dts/ti/omap/am3517-evm.dts           |   2 +-
 arch/arm/boot/dts/ti/omap/am4372.dtsi              |  11 ++
 arch/arm/boot/dts/ti/omap/am437x-idk-evm.dts       | 103 +++++++++++++-
 arch/arm/boot/dts/ti/omap/am437x-l4.dtsi           |   2 +-
 arch/arm/boot/dts/ti/omap/am57-pruss.dtsi          |  11 ++
 arch/arm/boot/dts/ti/omap/am571x-idk.dts           |   8 +-
 arch/arm/boot/dts/ti/omap/am5729-beagleboneai.dts  |   2 +-
 arch/arm/boot/dts/ti/omap/am572x-idk.dts           |  10 +-
 arch/arm/boot/dts/ti/omap/am574x-idk.dts           |  10 +-
 arch/arm/boot/dts/ti/omap/am57xx-idk-common.dtsi   |  61 ++++++++
 arch/arm/boot/dts/ti/omap/dm814x.dtsi              |   2 +-
 arch/arm/boot/dts/ti/omap/dm816x.dtsi              |   2 +-
 arch/arm/boot/dts/ti/omap/dra7-l4.dtsi             |   2 +-
 arch/arm/boot/dts/ti/omap/omap2430.dtsi            |   2 +-
 arch/arm/boot/dts/ti/omap/omap3.dtsi               |   2 +-
 arch/arm/boot/dts/ti/omap/omap4-l4.dtsi            |   2 +-
 arch/arm/boot/dts/ti/omap/omap4-panda-es.dts       |   2 +-
 arch/arm/boot/dts/ti/omap/omap4-var-som-om44.dtsi  |  14 ++
 arch/arm/boot/dts/ti/omap/omap5-l4.dtsi            |   6 +-
 arch/arm/configs/multi_v7_defconfig                |   2 +
 arch/arm/configs/omap2plus_defconfig               |  11 ++
 arch/arm/mach-omap2/omap_hwmod.c                   |  26 ++--
 arch/arm/mach-omap2/sleep44xx.S                    |   5 +-
 27 files changed, 438 insertions(+), 35 deletions(-)
 create mode 100644 arch/arm/boot/dts/ti/omap/am335x-icev2-prueth-overlay.dtso
Merging qcom/for-next (696bef37f7f22 Merge branches 'arm32-for-7.3', 'arm64-defconfig-for-7.3', 'arm64-fixes-for-7.2', 'arm64-for-7.3', 'clk-fixes-for-7.2' and 'drivers-for-7.3' into for-next)
$ git merge -m Merge branch 'for-next' of https://git.kernel.org/pub/scm/linux/kernel/git/qcom/linux.git qcom/for-next
Auto-merging drivers/clk/qcom/dispcc-eliza.c
Merge made by the 'ort' strategy.
 Documentation/devicetree/bindings/arm/qcom.yaml    |  500 ++++---
 .../devicetree/bindings/soc/qcom/qcom,smd-rpm.yaml |    1 +
 Documentation/devicetree/bindings/sram/sram.yaml   |    1 +
 arch/arm/boot/dts/qcom/qcom-msm8974pro-htc-m8.dts  |   94 +-
 arch/arm/boot/dts/qcom/qcom-sdx55-t55.dts          |    2 -
 .../boot/dts/qcom/qcom-sdx55-telit-fn980-tlb.dts   |    2 -
 arch/arm/boot/dts/qcom/qcom-sdx55.dtsi             |    3 +
 arch/arm64/boot/dts/qcom/Makefile                  |    3 +-
 arch/arm64/boot/dts/qcom/glymur-crd.dtsi           |   23 +
 arch/arm64/boot/dts/qcom/glymur.dtsi               |  509 ++++++-
 arch/arm64/boot/dts/qcom/hamoa-iot-evk.dts         |   16 +
 arch/arm64/boot/dts/qcom/hamoa.dtsi                |  101 +-
 arch/arm64/boot/dts/qcom/ipq5018.dtsi              |   10 +
 arch/arm64/boot/dts/qcom/ipq5332.dtsi              |   10 +
 arch/arm64/boot/dts/qcom/ipq6018.dtsi              |   10 +
 arch/arm64/boot/dts/qcom/ipq9574.dtsi              |   10 +
 arch/arm64/boot/dts/qcom/kaanapali.dtsi            |   48 +
 arch/arm64/boot/dts/qcom/kodiak.dtsi               |   15 +
 arch/arm64/boot/dts/qcom/lemans-auto.dtsi          |  104 --
 arch/arm64/boot/dts/qcom/lemans-evk.dts            |  176 ++-
 arch/arm64/boot/dts/qcom/lemans.dtsi               |   14 +
 arch/arm64/boot/dts/qcom/milos.dtsi                |  234 ++-
 arch/arm64/boot/dts/qcom/monaco-arduino-monza.dts  |   70 +
 arch/arm64/boot/dts/qcom/monaco.dtsi               |   30 +
 arch/arm64/boot/dts/qcom/pm8010-kaanapali.dtsi     |   20 +
 arch/arm64/boot/dts/qcom/pm8010.dtsi               |   20 +
 arch/arm64/boot/dts/qcom/purwa.dtsi                |    2 +
 arch/arm64/boot/dts/qcom/qcm6490-fairphone-fp5.dts |    3 +-
 .../boot/dts/qcom/qcm6490-particle-tachyon.dts     |    2 -
 arch/arm64/boot/dts/qcom/qcm6490-shift-otter.dts   |    3 +-
 .../boot/dts/qcom/qcs6490-radxa-dragon-q6a.dts     |    4 +
 arch/arm64/boot/dts/qcom/qcs6490-rb3gen2.dts       |    3 +-
 .../dts/qcom/qcs6490-thundercomm-minipc-g1iot.dts  |    4 +
 .../boot/dts/qcom/qcs6490-thundercomm-rubikpi3.dts |    4 +
 arch/arm64/boot/dts/qcom/qcs8550-rb5gen2.dts       | 1573 ++++++++++++++++++++
 arch/arm64/boot/dts/qcom/sa8775p-ride-r3.dts       |   17 -
 arch/arm64/boot/dts/qcom/sa8775p-ride.dts          |   17 -
 .../boot/dts/qcom/sc7280-herobrine-lte-sku.dtsi    |    2 +
 .../boot/dts/qcom/sc8280xp-huawei-gaokun3.dts      |    2 +-
 arch/arm64/boot/dts/qcom/sc8280xp.dtsi             |    4 +-
 arch/arm64/boot/dts/qcom/sdm845-lg-common.dtsi     |    3 -
 arch/arm64/boot/dts/qcom/sdm845-mtp.dts            |    2 -
 .../arm64/boot/dts/qcom/sdm845-oneplus-common.dtsi |    2 -
 .../boot/dts/qcom/sdm845-samsung-starqltechn.dts   |    2 -
 arch/arm64/boot/dts/qcom/sdm845-shift-axolotl.dts  |    2 -
 .../dts/qcom/sdm845-xiaomi-beryllium-common.dtsi   |    2 -
 arch/arm64/boot/dts/qcom/sdm845-xiaomi-polaris.dts |    2 -
 arch/arm64/boot/dts/qcom/sdm845.dtsi               |    3 +
 .../dts/qcom/sdm850-huawei-matebook-e-2019.dts     |    2 -
 .../boot/dts/qcom/sdm850-lenovo-yoga-c630.dts      |    2 -
 arch/arm64/boot/dts/qcom/sdm850-samsung-w737.dts   |    3 +-
 arch/arm64/boot/dts/qcom/sm6115-fxtec-pro1x.dts    |    2 +-
 arch/arm64/boot/dts/qcom/sm6350.dtsi               |    3 +
 arch/arm64/boot/dts/qcom/sm7225-fairphone-fp4.dts  |    3 +-
 arch/arm64/boot/dts/qcom/sm7325-motorola-dubai.dts |    3 -
 .../boot/dts/qcom/sm7325-nothing-spacewar.dts      |    2 -
 arch/arm64/boot/dts/qcom/sm8350-hdk.dts            |    5 +-
 .../dts/qcom/sm8350-microsoft-surface-duo2.dts     |    2 -
 arch/arm64/boot/dts/qcom/sm8350-mtp.dts            |    2 -
 .../boot/dts/qcom/sm8350-sony-xperia-sagami.dtsi   |    3 +-
 arch/arm64/boot/dts/qcom/sm8350.dtsi               |    3 +
 arch/arm64/boot/dts/qcom/sm8550-hdk.dts            |    4 +-
 arch/arm64/boot/dts/qcom/sm8550-qrd.dts            |    4 +-
 arch/arm64/boot/dts/qcom/sm8550.dtsi               |   26 +-
 arch/arm64/boot/dts/qcom/sm8650-hdk.dts            |    3 +-
 arch/arm64/boot/dts/qcom/sm8650-qrd.dts            |    3 +-
 arch/arm64/boot/dts/qcom/sm8650.dtsi               |    7 +-
 arch/arm64/boot/dts/qcom/sm8750.dtsi               |   28 +
 arch/arm64/boot/dts/qcom/talos.dtsi                |   61 +-
 arch/arm64/boot/dts/qcom/x1-crd.dtsi               |   16 +
 arch/arm64/configs/defconfig                       |    1 +
 drivers/clk/qcom/dispcc-eliza.c                    |    2 +-
 drivers/soc/qcom/Kconfig                           |   12 +-
 drivers/soc/qcom/cmd-db.c                          |    2 +-
 drivers/soc/qcom/socinfo.c                         |    1 +
 drivers/soc/qcom/ubwc_config.c                     |  369 ++---
 include/dt-bindings/arm/qcom,ids.h                 |    1 +
 include/linux/soc/qcom/ubwc.h                      |   83 +-
 78 files changed, 3444 insertions(+), 898 deletions(-)
 delete mode 100644 arch/arm64/boot/dts/qcom/lemans-auto.dtsi
 create mode 100644 arch/arm64/boot/dts/qcom/qcs8550-rb5gen2.dts
 delete mode 100644 arch/arm64/boot/dts/qcom/sa8775p-ride-r3.dts
 delete mode 100644 arch/arm64/boot/dts/qcom/sa8775p-ride.dts
Merging renesas/next (30d3a7db74710 Merge branch 'renesas-dts-for-v7.3' into renesas-next)
$ git merge -m Merge branch 'next' of https://git.kernel.org/pub/scm/linux/kernel/git/geert/renesas-devel.git renesas/next
Merge made by the 'ort' strategy.
 arch/arm/boot/dts/renesas/r8a7740.dtsi             |  12 +-
 .../arm/boot/dts/renesas/r9a06g032-rzn1d400-eb.dts |  25 +
 arch/arm/boot/dts/renesas/r9a06g032.dtsi           |  84 ++++
 arch/arm/mach-shmobile/regulator-quirk-rcar-gen2.c |  10 +-
 arch/arm/mach-shmobile/setup-rcar-gen2.c           |   9 +-
 arch/arm64/boot/dts/renesas/r8a774a1.dtsi          |   2 +-
 arch/arm64/boot/dts/renesas/r8a774b1.dtsi          |   2 +-
 arch/arm64/boot/dts/renesas/r8a774e1.dtsi          |   2 +-
 arch/arm64/boot/dts/renesas/r8a77960.dtsi          |   2 +-
 arch/arm64/boot/dts/renesas/r8a77961.dtsi          |   2 +-
 .../arm64/boot/dts/renesas/r8a77965-salvator-x.dts |   4 +
 .../boot/dts/renesas/r8a77965-salvator-xs.dts      |   4 +
 arch/arm64/boot/dts/renesas/r8a77965-ulcb.dts      |   4 +
 arch/arm64/boot/dts/renesas/r8a77965.dtsi          |   2 +-
 arch/arm64/boot/dts/renesas/r8a77970.dtsi          |   2 +-
 arch/arm64/boot/dts/renesas/r8a77980.dtsi          |   2 +-
 arch/arm64/boot/dts/renesas/r8a77995.dtsi          |   2 +-
 arch/arm64/boot/dts/renesas/r8a779g0.dtsi          |  17 +
 arch/arm64/boot/dts/renesas/r8a78000.dtsi          |  32 ++
 arch/arm64/boot/dts/renesas/r9a08g046.dtsi         |  69 +++
 arch/arm64/boot/dts/renesas/r9a08g046l48-smarc.dts |  78 +++
 arch/arm64/boot/dts/renesas/r9a09g047.dtsi         | 523 ++++++++++++++++++++-
 arch/arm64/boot/dts/renesas/r9a09g047e57-smarc.dts | 114 ++++-
 arch/arm64/boot/dts/renesas/r9a09g056.dtsi         |  20 +-
 arch/arm64/boot/dts/renesas/r9a09g057.dtsi         |  20 +-
 .../boot/dts/renesas/r9a09g077m44-rzt2h-evk.dts    | 144 ++++--
 .../boot/dts/renesas/r9a09g087m44-rzn2h-evk.dts    | 144 ++++--
 arch/arm64/boot/dts/renesas/rzg3e-smarc-som.dtsi   |  44 ++
 .../boot/dts/renesas/rzt2h-n2h-evk-common.dtsi     |  14 +
 29 files changed, 1270 insertions(+), 119 deletions(-)
Merging reset/reset/next (d373605cd5148 Merge tag 'reset-fixes-for-v7.0-2' into reset/next)
$ git merge -m Merge branch 'reset/next' of https://git.kernel.org/pub/scm/linux/kernel/git/pza/linux reset/reset/next
Already up to date.
Merging rockchip/for-next (b143af2d0da7b Merge branch 'v7.3-armsoc/dts64' into for-next)
$ git merge -m Merge branch 'for-next' of https://git.kernel.org/pub/scm/linux/kernel/git/mmind/linux-rockchip.git rockchip/for-next
Merge made by the 'ort' strategy.
 .../devicetree/bindings/arm/rockchip.yaml          |   20 +
 .../devicetree/bindings/vendor-prefixes.yaml       |    2 +
 arch/arm64/boot/dts/rockchip/Makefile              |    4 +
 arch/arm64/boot/dts/rockchip/px30-cobra.dtsi       |    2 +-
 arch/arm64/boot/dts/rockchip/px30-pp1516.dtsi      |    2 +-
 arch/arm64/boot/dts/rockchip/px30-ringneck.dtsi    |    2 +-
 .../boot/dts/rockchip/rk3528-hinlink-h28k.dts      |  318 ++++++
 .../boot/dts/rockchip/rk3568-9tripod-x3568-v4.dts  |   60 +-
 arch/arm64/boot/dts/rockchip/rk3576.dtsi           |   28 +
 arch/arm64/boot/dts/rockchip/rk3588-base.dtsi      |    4 +-
 arch/arm64/boot/dts/rockchip/rk3588-extra.dtsi     |    4 +-
 arch/arm64/boot/dts/rockchip/rk3588-nanopc-t6.dtsi |   14 +-
 .../boot/dts/rockchip/rk3588-vicharak-axon.dts     |  917 +++++++++++++++
 .../boot/dts/rockchip/rk3588-vicharak-vaaman2.dts  |  544 +++++++++
 .../boot/dts/rockchip/rk3588-youyeetoo-yy3588.dts  | 1190 ++++++++++++++++++++
 drivers/clk/rockchip/clk-rk3588.c                  |    8 +-
 16 files changed, 3095 insertions(+), 24 deletions(-)
 create mode 100644 arch/arm64/boot/dts/rockchip/rk3528-hinlink-h28k.dts
 create mode 100644 arch/arm64/boot/dts/rockchip/rk3588-vicharak-axon.dts
 create mode 100644 arch/arm64/boot/dts/rockchip/rk3588-vicharak-vaaman2.dts
 create mode 100644 arch/arm64/boot/dts/rockchip/rk3588-youyeetoo-yy3588.dts
Merging samsung-krzk/for-next (5346a27fed4d8 Merge branches 'next/drivers', 'next/dt', 'next/dt64' and 'next/soc' into for-next)
$ git merge -m Merge branch 'for-next' of https://git.kernel.org/pub/scm/linux/kernel/git/krzk/linux.git samsung-krzk/for-next
Merge made by the 'ort' strategy.
 .../soc/samsung/samsung,exynos-sysreg.yaml         |  1 +
 arch/arm/boot/dts/samsung/exynos5250-manta.dts     | 41 +++++++++++++++++++++-
 arch/arm/mach-s3c/map-base.h                       |  2 +-
 arch/arm64/boot/dts/exynos/exynosautov920.dtsi     |  6 ++++
 drivers/soc/samsung/exynos-pmu.c                   |  4 +--
 include/linux/serial_s3c.h                         |  4 +--
 6 files changed, 52 insertions(+), 6 deletions(-)
Merging scmi/for-linux-next (edb4db149ba0a Merge branch 'for-next/ffa/fixes' of git://git.kernel.org/pub/scm/linux/kernel/git/sudeep.holla/linux)
$ git merge -m Merge branch 'for-linux-next' of https://git.kernel.org/pub/scm/linux/kernel/git/sudeep.holla/linux.git scmi/for-linux-next
Merge made by the 'ort' strategy.
 drivers/firmware/arm_ffa/driver.c | 29 +++++++++++++++++++++--------
 1 file changed, 21 insertions(+), 8 deletions(-)
Merging sophgo/for-next (f7337210bede6 Merge branch 'dt/riscv' into for-next)
$ git merge -m Merge branch 'for-next' of https://github.com/sophgo/linux.git sophgo/for-next
Merge made by the 'ort' strategy.
Merging sophgo-soc/soc-for-next (c8754c7deab4c soc: sophgo: cv1800: rtcsys: New driver (handling RTC only))
$ git merge -m Merge branch 'soc-for-next' of https://github.com/sophgo/linux.git sophgo-soc/soc-for-next
Already up to date.
Merging spacemit/for-next (51ed53630915c clk: spacemit: k3: fix USB2 bus clock)
$ git merge -m Merge branch 'for-next' of https://git.kernel.org/pub/scm/linux/kernel/git/spacemit/linux spacemit/for-next
Merge made by the 'ort' strategy.
 drivers/clk/spacemit/ccu-k3.c | 2 +-
 1 file changed, 1 insertion(+), 1 deletion(-)
Merging stm32/stm32-next (fba4a31a7f3b6 arm64: dts: st: Fix SAI addresses on stm32mp251)
$ git merge -m Merge branch 'stm32-next' of https://git.kernel.org/pub/scm/linux/kernel/git/atorgue/stm32.git stm32/stm32-next
Already up to date.
Merging sunxi/sunxi/for-next (5508b1e45bba2 Merge branches 'sunxi/config-for-7.3' and 'sunxi/dt-for-7.3' into sunxi/for-next)
$ git merge -m Merge branch 'sunxi/for-next' of https://git.kernel.org/pub/scm/linux/kernel/git/sunxi/linux.git sunxi/sunxi/for-next
Auto-merging Documentation/devicetree/bindings/vendor-prefixes.yaml
Auto-merging arch/arm64/configs/defconfig
Merge made by the 'ort' strategy.
 Documentation/devicetree/bindings/arm/sunxi.yaml   |   6 +
 .../input/allwinner,sun4i-a10-lradc-keys.yaml      |   1 +
 .../devicetree/bindings/vendor-prefixes.yaml       |   2 +
 arch/arm64/boot/dts/allwinner/Makefile             |   1 +
 arch/arm64/boot/dts/allwinner/sun50i-a100.dtsi     |  10 ++
 .../allwinner/sun50i-a133-helperboard-core.dtsi    | 197 +++++++++++++++++++++
 .../boot/dts/allwinner/sun50i-a133-helperboard.dts | 148 ++++++++++++++++
 arch/arm64/configs/defconfig                       |   1 +
 8 files changed, 366 insertions(+)
 create mode 100644 arch/arm64/boot/dts/allwinner/sun50i-a133-helperboard-core.dtsi
 create mode 100644 arch/arm64/boot/dts/allwinner/sun50i-a133-helperboard.dts
Merging tee/next (a3067938fd192 Merge branches 'qcomtee_for_v7.3', 'optee_fix_for_v7.2' and 'jw-korg' into next)
$ git merge -m Merge branch 'next' of https://git.kernel.org/pub/scm/linux/kernel/git/jenswi/linux-tee.git tee/next
Auto-merging .mailmap
Auto-merging MAINTAINERS
Merge made by the 'ort' strategy.
 .mailmap                    | 1 +
 MAINTAINERS                 | 6 +++---
 drivers/tee/optee/ffa_abi.c | 3 +++
 drivers/tee/qcomtee/call.c  | 7 ++++++-
 4 files changed, 13 insertions(+), 4 deletions(-)
Merging tegra/for-next (75767942c9895 Merge branch for-7.2/arm64/dt into for-next)
$ git merge -m Merge branch 'for-next' of https://git.kernel.org/pub/scm/linux/kernel/git/tegra/linux.git tegra/for-next
Auto-merging drivers/gpu/drm/tegra/sor.c
Auto-merging drivers/soc/tegra/fuse/tegra-apbmisc.c
Merge made by the 'ort' strategy.
 arch/arm64/boot/dts/nvidia/tegra234.dtsi | 24 ++++++++++++------------
 arch/arm64/boot/dts/nvidia/tegra264.dtsi |  4 ++--
 drivers/gpu/drm/tegra/sor.c              |  6 ++----
 drivers/soc/tegra/fuse/tegra-apbmisc.c   |  2 +-
 include/soc/tegra/pmc.h                  |  5 ++++-
 5 files changed, 21 insertions(+), 20 deletions(-)
Merging tenstorrent-dt/tenstorrent-dt-for-next (33583baeb1ba7 dt-bindings: iommu: riscv: Add bindings for Tenstorrent RISC-V IOMMU)
$ git merge -m Merge branch 'tenstorrent-dt-for-next' of https://git.kernel.org/pub/scm/linux/kernel/git/tenstorrent/linux.git tenstorrent-dt/tenstorrent-dt-for-next
Already up to date.
Merging fustini-config/riscv-config-for-next (fb266bbe9aef1 riscv: defconfig: thead: enable PCA953X GPIO driver)
$ git merge -m Merge branch 'riscv-config-for-next' of https://git.kernel.org/pub/scm/linux/kernel/git/fustini/linux.git fustini-config/riscv-config-for-next
Auto-merging arch/riscv/configs/defconfig
Merge made by the 'ort' strategy.
 arch/riscv/configs/defconfig | 2 ++
 1 file changed, 2 insertions(+)
Merging thead-dt/thead-dt-for-next (3a5791956edbf riscv: dts: thead: Enable wifi on the BeagleV-Ahead)
$ git merge -m Merge branch 'thead-dt-for-next' of https://git.kernel.org/pub/scm/linux/kernel/git/fustini/linux.git thead-dt/thead-dt-for-next
Already up to date.
Merging ti/ti-next (1b98f483adfd9 Merge branches 'ti-drivers-soc-next' and 'ti-k3-maintainer-next' into ti-next)
$ git merge -m Merge branch 'ti-next' of https://git.kernel.org/pub/scm/linux/kernel/git/ti/linux.git ti/ti-next
Auto-merging MAINTAINERS
Merge made by the 'ort' strategy.
 MAINTAINERS               | 1 +
 drivers/firmware/ti_sci.c | 4 ++++
 2 files changed, 5 insertions(+)
Merging xilinx/for-next (f608bce703fc3 arm64: versal-net: Switch Versal NET to firmware clock interface)
$ git merge -m Merge branch 'for-next' of https://github.com/Xilinx/linux-xlnx.git xilinx/for-next
Merge made by the 'ort' strategy.
 .../devicetree/bindings/clock/xlnx,versal-clk.yaml |  89 ++----
 .../devicetree/bindings/clock/xlnx,zynqmp-clk.yaml |  68 ++++
 .../firmware/xilinx/xlnx,zynqmp-firmware.yaml      |  15 +-
 arch/arm/boot/dts/xilinx/zynq-ebaz4205.dts         |   1 -
 arch/arm/boot/dts/xilinx/zynq-zc702.dts            |   2 -
 arch/arm/boot/dts/xilinx/zynq-zc706.dts            |   2 -
 arch/arm64/boot/dts/xilinx/versal-net-clk.dtsi     | 351 +++++++++++++++------
 arch/arm64/boot/dts/xilinx/xlnx-versal-clk.h       | 123 ++++++++
 arch/arm64/boot/dts/xilinx/xlnx-versal-net-clk.h   |  74 +++++
 arch/arm64/boot/dts/xilinx/xlnx-versal-net-power.h |  38 +++
 .../arm64/boot/dts/xilinx/xlnx-versal-net-resets.h |  53 ++++
 arch/arm64/boot/dts/xilinx/xlnx-versal-power.h     |  55 ++++
 arch/arm64/boot/dts/xilinx/xlnx-versal-resets.h    | 106 +++++++
 .../boot/dts/xilinx/zynqmp-sck-kv-g-revA.dtso      |   1 -
 .../boot/dts/xilinx/zynqmp-sck-kv-g-revB.dtso      |   1 -
 .../boot/dts/xilinx/zynqmp-zc1751-xm015-dc1.dts    |   4 -
 .../boot/dts/xilinx/zynqmp-zc1751-xm019-dc5.dts    |   2 -
 arch/arm64/boot/dts/xilinx/zynqmp-zcu100-revC.dts  |   1 -
 arch/arm64/boot/dts/xilinx/zynqmp-zcu102-revA.dts  |   2 -
 arch/arm64/boot/dts/xilinx/zynqmp-zcu104-revA.dts  |   1 -
 arch/arm64/boot/dts/xilinx/zynqmp-zcu104-revC.dts  |   1 -
 arch/arm64/boot/dts/xilinx/zynqmp-zcu106-revA.dts  |   2 -
 arch/arm64/boot/dts/xilinx/zynqmp-zcu111-revA.dts  |   1 -
 23 files changed, 798 insertions(+), 195 deletions(-)
 create mode 100644 Documentation/devicetree/bindings/clock/xlnx,zynqmp-clk.yaml
 create mode 100644 arch/arm64/boot/dts/xilinx/xlnx-versal-clk.h
 create mode 100644 arch/arm64/boot/dts/xilinx/xlnx-versal-net-clk.h
 create mode 100644 arch/arm64/boot/dts/xilinx/xlnx-versal-net-power.h
 create mode 100644 arch/arm64/boot/dts/xilinx/xlnx-versal-net-resets.h
 create mode 100644 arch/arm64/boot/dts/xilinx/xlnx-versal-power.h
 create mode 100644 arch/arm64/boot/dts/xilinx/xlnx-versal-resets.h
Merging socfpga/for-next (0764f42a8ba90 arm64: dts: socfpga: agilex5: update channel interrupts for gmac1 and gmac2)
$ git merge -m Merge branch 'for-next' of https://git.kernel.org/pub/scm/linux/kernel/git/dinguyen/linux.git socfpga/for-next
Merge made by the 'ort' strategy.
 Documentation/devicetree/bindings/arm/altera.yaml  |   6 +
 .../bindings/net/altr,socfpga-stmmac.yaml          |  46 +++++-
 arch/arm64/boot/dts/intel/Makefile                 |   1 +
 arch/arm64/boot/dts/intel/keembay-soc.dtsi         |   2 +-
 arch/arm64/boot/dts/intel/socfpga_agilex5.dtsi     | 112 ++++++++++++++-
 arch/arm64/boot/dts/intel/socfpga_agilex72.dtsi    | 156 +++++++++++++++++++++
 .../boot/dts/intel/socfpga_agilex72_socdk.dts      |  27 ++++
 7 files changed, 341 insertions(+), 9 deletions(-)
 create mode 100644 arch/arm64/boot/dts/intel/socfpga_agilex72.dtsi
 create mode 100644 arch/arm64/boot/dts/intel/socfpga_agilex72_socdk.dts
Merging clk/clk-next (92010229c4b38 Merge branches 'clk-microchip' and 'clk-qcom' into clk-next)
$ git merge -m Merge branch 'clk-next' of https://git.kernel.org/pub/scm/linux/kernel/git/clk/linux.git clk/clk-next
Already up to date.
Merging clk-imx/for-next (b3dcc8c608fbb clk: imx: Add audio PLL debugfs for K-divider control)
$ git merge -m Merge branch 'for-next' of https://git.kernel.org/pub/scm/linux/kernel/git/abelvesa/linux.git clk-imx/for-next
Merge made by the 'ort' strategy.
 drivers/clk/imx/clk-imx8mm.c  |   6 +++
 drivers/clk/imx/clk-pll14xx.c | 119 +++++++++++++++++++++++++++++++++++++++++-
 drivers/clk/imx/clk.h         |   1 +
 3 files changed, 125 insertions(+), 1 deletion(-)
Merging clk-renesas/renesas-clk (91fb464395437 dt-bindings: clock: renesas,versaclock7: Update maintainer)
$ git merge -m Merge branch 'renesas-clk' of https://git.kernel.org/pub/scm/linux/kernel/git/geert/renesas-drivers.git clk-renesas/renesas-clk
Auto-merging MAINTAINERS
Auto-merging drivers/clk/renesas/renesas-cpg-mssr.c
Auto-merging drivers/clk/renesas/rzv2h-cpg.c
Merge made by the 'ort' strategy.
 .../bindings/clock/renesas,rzv2h-cpg.yaml          |   6 +
 .../bindings/clock/renesas,versaclock7.yaml        |   2 +-
 MAINTAINERS                                        |   6 +-
 drivers/clk/renesas/Kconfig                        |   6 +
 drivers/clk/renesas/Makefile                       |   1 +
 drivers/clk/renesas/r9a08g046-cpg.c                | 130 +++++++
 drivers/clk/renesas/r9a09g047-cpg.c                | 123 ++++++-
 drivers/clk/renesas/r9a09g077-cpg.c                | 375 ++++++++++++++++++++-
 drivers/clk/renesas/renesas-cpg-mssr.c             |  20 +-
 drivers/clk/renesas/rzv2h-cpg-lib.c                | 217 ++++++++++++
 drivers/clk/renesas/rzv2h-cpg.c                    | 203 -----------
 .../dt-bindings/clock/renesas,r9a09g077-cpg-mssr.h |   2 +
 .../dt-bindings/clock/renesas,r9a09g087-cpg-mssr.h |   2 +
 include/linux/clk/renesas.h                        |  34 +-
 14 files changed, 904 insertions(+), 223 deletions(-)
 create mode 100644 drivers/clk/renesas/rzv2h-cpg-lib.c
Merging thead-clk/thead-clk-for-next (baf4fc7c03bd0 clk: thead: th1520-ap: Support CPU frequency scaling)
$ git merge -m Merge branch 'thead-clk-for-next' of https://git.kernel.org/pub/scm/linux/kernel/git/fustini/linux.git thead-clk/thead-clk-for-next
Already up to date.
Merging tenstorrent-clk/tenstorrent-clk-for-next (23c8ebc952849 clk: tenstorrent: Add Atlantis clock controller driver)
$ git merge -m Merge branch 'tenstorrent-clk-for-next' of https://git.kernel.org/pub/scm/linux/kernel/git/tenstorrent/linux.git tenstorrent-clk/tenstorrent-clk-for-next
Already up to date.
Merging csky/linux-next (abb81e5ce7d99 csky: Fix a4/a5 restoration in syscall trace path)
$ git merge -m Merge branch 'linux-next' of https://github.com/c-sky/csky-linux.git csky/linux-next
Merge made by the 'ort' strategy.
 arch/csky/kernel/entry.S | 6 +++---
 1 file changed, 3 insertions(+), 3 deletions(-)
Merging loongarch/loongarch-next (262a3b4fa1792 selftests/bpf: Test jited inline of bpf_get_smp_processor_id() for LoongArch)
$ git merge -m Merge branch 'loongarch-next' of https://git.kernel.org/pub/scm/linux/kernel/git/chenhuacai/linux-loongson.git loongarch/loongarch-next
Already up to date.
Merging m68k/for-next (dc5200f6b1ada m68k: Correct CONFIG_MVME16x macro name in #endif comment)
$ git merge -m Merge branch 'for-next' of https://git.kernel.org/pub/scm/linux/kernel/git/geert/linux-m68k.git m68k/for-next
Already up to date.
Merging m68knommu/for-next (dc59e4fea9d83 Linux 7.2-rc1)
$ git merge -m Merge branch 'for-next' of https://git.kernel.org/pub/scm/linux/kernel/git/gerg/m68knommu.git m68knommu/for-next
Already up to date.
Merging microblaze/next (6de23f81a5e08 Linux 7.0-rc1)
$ git merge -m Merge branch 'next' of git://git.monstr.eu/linux-2.6-microblaze.git microblaze/next
Already up to date.
Merging mips/mips-next (8cdeaa50eae8d Linux 7.2-rc2)
$ git merge -m Merge branch 'mips-next' of https://git.kernel.org/pub/scm/linux/kernel/git/mips/linux.git mips/mips-next
Already up to date.
Merging openrisc/for-next (aca063c902452 openrisc: Fix jump_label smp syncing)
$ git merge -m Merge branch 'for-next' of https://github.com/openrisc/linux.git openrisc/for-next
Already up to date.
Merging parisc-hd/for-next (dc59e4fea9d83 Linux 7.2-rc1)
$ git merge -m Merge branch 'for-next' of https://git.kernel.org/pub/scm/linux/kernel/git/deller/parisc-linux.git parisc-hd/for-next
Already up to date.
Merging powerpc/next (42f252f5a6468 powerpc/fadump: define MIN_RMA in bytes rather than MB)
$ git merge -m Merge branch 'next' of https://git.kernel.org/pub/scm/linux/kernel/git/powerpc/linux.git powerpc/next
Already up to date.
Merging risc-v/for-next (798246e5edfb3 riscv: acpi: Enable ARCH_HAS_ACPI_TABLE_UPGRADE)
$ git merge -m Merge branch 'for-next' of https://git.kernel.org/pub/scm/linux/kernel/git/riscv/linux.git risc-v/for-next
Auto-merging arch/riscv/Kconfig
CONFLICT (content): Merge conflict in arch/riscv/Kconfig
Resolved 'arch/riscv/Kconfig' using previous resolution.
Automatic merge failed; fix conflicts and then commit the result.
$ git commit --no-edit -v -a
[master b2890843757c0] Merge branch 'for-next' of https://git.kernel.org/pub/scm/linux/kernel/git/riscv/linux.git
$ git diff -M --stat --summary HEAD^..
 arch/riscv/Kconfig            | 1 +
 arch/riscv/include/asm/acpi.h | 2 ++
 arch/riscv/kernel/acpi.c      | 5 +++++
 arch/riscv/kernel/efi.c       | 5 +++++
 arch/riscv/kernel/reset.c     | 7 +++++++
 arch/riscv/kernel/setup.c     | 2 ++
 drivers/acpi/tables.c         | 1 +
 7 files changed, 23 insertions(+)
Merging riscv-dt/riscv-dt-for-next (82ab962ef6c2a Merge branch 'k230-basic' into riscv-dt-for-next)
$ git merge -m Merge branch 'riscv-dt-for-next' of https://git.kernel.org/pub/scm/linux/kernel/git/conor/linux.git riscv-dt/riscv-dt-for-next
Auto-merging Documentation/devicetree/bindings/interrupt-controller/sifive,plic-1.0.0.yaml
Auto-merging Documentation/devicetree/bindings/timer/sifive,clint.yaml
Merge made by the 'ort' strategy.
 .../interrupt-controller/sifive,plic-1.0.0.yaml    |   1 +
 .../devicetree/bindings/riscv/canaan.yaml          |   8 +-
 .../devicetree/bindings/timer/sifive,clint.yaml    |   1 +
 arch/riscv/boot/dts/canaan/Makefile                |   2 +
 arch/riscv/boot/dts/canaan/k230-canmv.dts          | 343 +++++++++++++++++++++
 arch/riscv/boot/dts/canaan/k230-evb.dts            |  39 +++
 arch/riscv/boot/dts/canaan/k230-pinctrl.h          |  18 ++
 arch/riscv/boot/dts/canaan/k230.dtsi               | 167 ++++++++++
 8 files changed, 578 insertions(+), 1 deletion(-)
 create mode 100644 arch/riscv/boot/dts/canaan/k230-canmv.dts
 create mode 100644 arch/riscv/boot/dts/canaan/k230-evb.dts
 create mode 100644 arch/riscv/boot/dts/canaan/k230-pinctrl.h
 create mode 100644 arch/riscv/boot/dts/canaan/k230.dtsi
Merging riscv-soc/riscv-soc-for-next (dfceff38cea2b Merge branches 'riscv-soc-drivers-for-next' and 'cache-for-next' into riscv-soc-for-next)
$ git merge -m Merge branch 'riscv-soc-for-next' of https://git.kernel.org/pub/scm/linux/kernel/git/conor/linux.git riscv-soc/riscv-soc-for-next
Merge made by the 'ort' strategy.
Merging s390/for-next (eb3690e410086 Merge branch 'fixes' into for-next)
$ git merge -m Merge branch 'for-next' of https://git.kernel.org/pub/scm/linux/kernel/git/s390/linux.git s390/for-next
Merge made by the 'ort' strategy.
Merging sh/for-next (b0aa5e4b087b6 sh: Fix fallout from ZERO_PAGE consolidation)
$ git merge -m Merge branch 'for-next' of https://git.kernel.org/pub/scm/linux/kernel/git/glaubitz/sh-linux.git sh/for-next
Already up to date.
Merging sparc/for-next (5b2a3b1a98fb4 sparc: Remove remaining defconfig references to the pktcdvd driver)
$ git merge -m Merge branch 'for-next' of https://git.kernel.org/pub/scm/linux/kernel/git/alarsson/linux-sparc.git sparc/for-next
Already up to date.
Merging uml/next (254f49634ee16 Linux 7.1-rc1)
$ git merge -m Merge branch 'next' of https://git.kernel.org/pub/scm/linux/kernel/git/uml/linux.git uml/next
Already up to date.
Merging xtensa/xtensa-for-next (a7c958e8721eb xtensa: correct CONFIG_XTENSA_CALIBRATE_CCOUNT macro name in comment)
$ git merge -m Merge branch 'xtensa-for-next' of https://github.com/jcmvbkbc/linux-xtensa.git xtensa/xtensa-for-next
Merge made by the 'ort' strategy.
 arch/xtensa/include/asm/platform.h  | 2 +-
 arch/xtensa/platforms/iss/console.c | 5 +++--
 2 files changed, 4 insertions(+), 3 deletions(-)
Merging fs-next (3e912da38b64f Merge branch 'for-next' of https://git.kernel.org/pub/scm/linux/kernel/git/viro/vfs.git)
$ git merge -m Merge branch 'fs-next' of linux-next fs-next
Auto-merging MAINTAINERS
Auto-merging fs/ocfs2/namei.c
Auto-merging include/linux/fs.h
Auto-merging include/linux/sched.h
Auto-merging mm/shmem.c
Merge made by the 'ort' strategy.
 Documentation/filesystems/locking.rst              |   2 +-
 Documentation/filesystems/overlayfs.rst            |  16 +
 Documentation/filesystems/porting.rst              |   8 +
 Documentation/filesystems/vfs.rst                  |   2 +-
 MAINTAINERS                                        |   6 +-
 block/bdev.c                                       | 113 +++-
 drivers/base/devtmpfs.c                            |   2 +-
 drivers/block/rnbd/rnbd-srv.c                      |   4 +-
 drivers/char/misc_minor_kunit.c                    |  25 +-
 drivers/crypto/ccp/sev-dev.c                       |  12 +-
 drivers/mtd/ubi/ubi.h                              |   9 +-
 drivers/target/target_core_alua.c                  |  11 +-
 drivers/target/target_core_pr.c                    |   4 +-
 fs/9p/vfs_inode.c                                  |   5 +-
 fs/9p/vfs_inode_dotl.c                             |   4 +-
 fs/Kconfig                                         |   1 -
 fs/Makefile                                        |   1 -
 fs/affs/affs.h                                     |   2 +-
 fs/affs/namei.c                                    |   4 +-
 fs/afs/dir.c                                       |   6 +-
 fs/autofs/root.c                                   |   2 +-
 fs/bad_inode.c                                     |   2 +-
 fs/bfs/dir.c                                       |   2 +-
 fs/bpf_fs_kfuncs.c                                 |  37 ++
 fs/btrfs/dev-replace.c                             |  65 +-
 fs/btrfs/inode.c                                   |   4 +-
 fs/btrfs/ioctl.c                                   |   4 +-
 fs/btrfs/volumes.c                                 | 116 +++-
 fs/btrfs/volumes.h                                 |   6 +-
 fs/ceph/dir.c                                      |   3 +-
 fs/coda/dir.c                                      |   9 +-
 fs/coredump.c                                      |  11 +-
 fs/cramfs/inode.c                                  |   2 +-
 fs/crypto/crypto.c                                 |  40 +-
 fs/crypto/fscrypt_private.h                        |   5 +-
 fs/crypto/keyring.c                                |  21 +-
 fs/crypto/keysetup.c                               |  26 +-
 fs/crypto/policy.c                                 |  17 +-
 fs/ecryptfs/inode.c                                |   2 +-
 fs/efivarfs/inode.c                                |   2 +-
 fs/efs/Kconfig                                     |  16 -
 fs/efs/Makefile                                    |   8 -
 fs/efs/dir.c                                       | 105 ----
 fs/efs/efs.h                                       | 144 -----
 fs/efs/file.c                                      |  42 --
 fs/efs/inode.c                                     | 315 ----------
 fs/efs/namei.c                                     | 120 ----
 fs/efs/super.c                                     | 368 -----------
 fs/efs/symlink.c                                   |  50 --
 fs/erofs/super.c                                   |  35 +-
 fs/exfat/exfat_fs.h                                |   2 +-
 fs/exfat/file.c                                    | 219 +++++--
 fs/exfat/iomap.c                                   |  22 +-
 fs/exfat/namei.c                                   |   2 +-
 fs/ext2/namei.c                                    |   4 +-
 fs/ext4/extents-test.c                             |   9 +-
 fs/ext4/mballoc-test.c                             |   9 +-
 fs/ext4/namei.c                                    |   4 +-
 fs/ext4/super.c                                    |  12 +-
 fs/f2fs/namei.c                                    |   4 +-
 fs/f2fs/super.c                                    |   6 +-
 fs/fat/namei_msdos.c                               |   5 +-
 fs/fat/namei_vfat.c                                |   2 +-
 fs/fs_struct.c                                     | 103 ++-
 fs/fuse/dir.c                                      |  10 +-
 fs/gfs2/inode.c                                    |   7 +-
 fs/hfs/dir.c                                       |   4 +-
 fs/hfsplus/dir.c                                   |   4 +-
 fs/hostfs/hostfs_kern.c                            |   2 +-
 fs/hpfs/namei.c                                    |   6 +-
 fs/hugetlbfs/inode.c                               |   4 +-
 fs/inode.c                                         |  23 +-
 fs/internal.h                                      |   1 +
 fs/iomap/buffered-io.c                             |   6 +-
 fs/iomap/direct-io.c                               | 293 ++++++++-
 fs/iomap/ioend.c                                   |  21 +-
 fs/jffs2/dir.c                                     |   6 +-
 fs/jfs/namei.c                                     |   4 +-
 fs/kernel_read_file.c                              |   9 +-
 fs/lockd/svc.c                                     |   4 +-
 fs/lockd/svc4proc.c                                |   4 +-
 fs/lockd/svclock.c                                 |  42 +-
 fs/lockd/svcproc.c                                 |   4 +-
 fs/lockd/svcsubs.c                                 | 105 +++-
 fs/minix/namei.c                                   |   4 +-
 fs/namei.c                                         |  30 +-
 fs/namespace.c                                     |  25 +-
 fs/nfs/blocklayout/dev.c                           |  15 +-
 fs/nfs/callback.c                                  |   4 +-
 fs/nfs/dir.c                                       |   6 +-
 fs/nfs/internal.h                                  |   2 +-
 fs/nfs_common/nfslocalio.c                         |  16 +-
 fs/nfsd/filecache.c                                | 143 +++--
 fs/nfsd/flexfilelayoutxdr.c                        |  20 +-
 fs/nfsd/localio.c                                  |   8 +-
 fs/nfsd/lockd.c                                    |   6 +-
 fs/nfsd/netns.h                                    |  29 +-
 fs/nfsd/nfs2acl.c                                  |  21 +-
 fs/nfsd/nfs3acl.c                                  |  17 +-
 fs/nfsd/nfs4callback.c                             | 113 +++-
 fs/nfsd/nfs4layouts.c                              |  39 +-
 fs/nfsd/nfs4proc.c                                 |  84 ++-
 fs/nfsd/nfs4recover.c                              |  48 +-
 fs/nfsd/nfs4state.c                                | 330 +++++++---
 fs/nfsd/nfs4xdr.c                                  |  27 +-
 fs/nfsd/nfscache.c                                 |   4 +-
 fs/nfsd/nfsctl.c                                   |  79 ++-
 fs/nfsd/nfsfh.c                                    |  12 +-
 fs/nfsd/nfsproc.c                                  |   7 +
 fs/nfsd/nfssvc.c                                   |  61 +-
 fs/nfsd/state.h                                    |   4 +-
 fs/nfsd/trace.h                                    |  18 +-
 fs/nfsd/vfs.c                                      |  48 +-
 fs/nilfs2/namei.c                                  |   4 +-
 fs/ntfs/aops.c                                     |  17 +-
 fs/ntfs/attrib.c                                   |  36 +-
 fs/ntfs/attrlist.c                                 |   9 +
 fs/ntfs/dir.c                                      |  20 +-
 fs/ntfs/index.c                                    |   5 +-
 fs/ntfs/inode.c                                    |   9 +
 fs/ntfs/mft.c                                      |  11 +-
 fs/ntfs/namei.c                                    |  66 +-
 fs/ntfs/reparse.c                                  |   6 +-
 fs/ntfs3/namei.c                                   |   4 +-
 fs/nullfs.c                                        |  14 +-
 fs/ocfs2/dlmfs/dlmfs.c                             |   5 +-
 fs/ocfs2/namei.c                                   |   5 +-
 fs/ocfs2/super.c                                   |   1 -
 fs/omfs/dir.c                                      |   4 +-
 fs/orangefs/namei.c                                |   5 +-
 fs/overlayfs/dir.c                                 |  18 +-
 fs/overlayfs/inode.c                               |  26 +-
 fs/overlayfs/overlayfs.h                           |   1 +
 fs/overlayfs/super.c                               |   2 +-
 fs/overlayfs/xattrs.c                              |   1 +
 fs/posix_acl.c                                     |   2 -
 fs/proc/array.c                                    |   4 +-
 fs/proc/base.c                                     |   8 +-
 fs/proc_namespace.c                                |   4 +-
 fs/ramfs/inode.c                                   |   4 +-
 fs/romfs/super.c                                   |   2 +-
 fs/smb/client/cifs_fs_sb.h                         |   1 +
 fs/smb/client/cifsfs.c                             |  12 +
 fs/smb/client/cifsfs.h                             |   2 +-
 fs/smb/client/connect.c                            |   1 +
 fs/smb/client/dir.c                                |   2 +-
 fs/smb/client/file.c                               |   5 +
 fs/smb/client/inode.c                              |  11 +-
 fs/smb/client/reparse.c                            |  17 +-
 fs/smb/server/mgmt/share_config.c                  |   4 +-
 fs/smb/server/smb2pdu.c                            |   4 +-
 fs/smb/server/vfs.c                                |   9 +-
 fs/super.c                                         | 639 +++++++++++++------
 fs/ubifs/dir.c                                     |   4 +-
 fs/udf/namei.c                                     |   4 +-
 fs/ufs/namei.c                                     |   5 +-
 fs/vboxsf/dir.c                                    |   4 +-
 fs/xfs/xfs_buf.c                                   |   2 +-
 fs/xfs/xfs_iops.c                                  |   7 +-
 fs/xfs/xfs_super.c                                 |  10 +-
 include/linux/blk_types.h                          |   2 +-
 include/linux/blkdev.h                             |  12 +-
 include/linux/efs_vh.h                             |  54 --
 include/linux/fs.h                                 |   4 +-
 include/linux/fs/super.h                           |   8 +
 include/linux/fs/super_types.h                     |   4 +-
 include/linux/fs_struct.h                          |  34 +
 include/linux/init_task.h                          |   1 +
 include/linux/lockd/bind.h                         |  12 +-
 include/linux/net.h                                |   1 +
 include/linux/sched.h                              |   1 +
 include/linux/sched/task.h                         |   1 +
 include/linux/sunrpc/bc_xprt.h                     |   5 +
 include/linux/sunrpc/svc.h                         |   1 +
 include/linux/sunrpc/svc_rdma_pcl.h                |   4 +-
 include/linux/types.h                              |   2 +
 include/uapi/asm-generic/errno.h                   |   2 +-
 include/uapi/linux/efs_fs_sb.h                     |  63 --
 include/uapi/linux/fscrypt.h                       |   1 -
 init/init_task.c                                   |   1 +
 init/initramfs.c                                   |  14 +-
 init/initramfs_test.c                              | 220 ++++---
 init/main.c                                        |  10 +-
 ipc/mqueue.c                                       |   7 +-
 kernel/exit.c                                      |   2 +-
 kernel/fork.c                                      |  53 +-
 kernel/kcmp.c                                      |   2 +-
 kernel/umh.c                                       |   6 +-
 mm/shmem.c                                         |   2 +-
 net/socket.c                                       |  25 +
 net/sunrpc/auth_gss/auth_gss.c                     |   6 +-
 net/sunrpc/auth_gss/gss_krb5_unseal.c              |   3 +
 net/sunrpc/auth_gss/gss_krb5_wrap.c                |  13 +-
 net/sunrpc/auth_gss/gss_rpc_upcall.c               |   6 -
 net/sunrpc/auth_gss/gss_rpc_upcall.h               |   1 -
 net/sunrpc/auth_gss/gss_rpc_xdr.c                  |  15 +-
 net/sunrpc/auth_gss/svcauth_gss.c                  |   8 +-
 net/sunrpc/backchannel_rqst.c                      |  38 +-
 net/sunrpc/cache.c                                 |   7 +-
 net/sunrpc/sunrpc_syms.c                           |   1 +
 net/sunrpc/svc.c                                   |  81 ++-
 net/sunrpc/svcauth_unix.c                          |   4 +-
 net/sunrpc/xdr.c                                   |   2 +-
 net/sunrpc/xprtrdma/ib_client.c                    |  42 +-
 net/sunrpc/xprtrdma/svc_rdma_pcl.c                 |  63 +-
 net/sunrpc/xprtrdma/svc_rdma_recvfrom.c            |  24 +-
 net/sunrpc/xprtrdma/svc_rdma_rw.c                  |  52 +-
 net/sunrpc/xprtrdma/svc_rdma_transport.c           |  69 +-
 net/unix/af_unix.c                                 |  17 +-
 tools/include/uapi/linux/fscrypt.h                 |   1 -
 tools/testing/selftests/Makefile                   |   1 +
 tools/testing/selftests/bpf/bpf_experimental.h     |   3 +
 .../testing/selftests/bpf/prog_tests/sock_xattr.c  |  67 ++
 .../testing/selftests/bpf/progs/sock_read_xattr.c  |  54 ++
 tools/testing/selftests/filesystems/.gitignore     |   1 +
 tools/testing/selftests/filesystems/Makefile       |   2 +-
 tools/testing/selftests/filesystems/ceph/Makefile  |   7 +
 tools/testing/selftests/filesystems/ceph/README    |  84 +++
 .../filesystems/ceph/reset_corner_cases.sh         | 646 +++++++++++++++++++
 .../selftests/filesystems/ceph/reset_stress.sh     | 694 +++++++++++++++++++++
 .../selftests/filesystems/ceph/run_validation.sh   | 350 +++++++++++
 tools/testing/selftests/filesystems/ceph/settings  |   1 +
 .../filesystems/ceph/validate_consistency.py       | 297 +++++++++
 .../selftests/filesystems/overlayfs/.gitignore     |   1 +
 .../selftests/filesystems/overlayfs/Makefile       |   2 +
 .../filesystems/overlayfs/idmapped_mounts.c        | 501 +++++++++++++++
 .../filesystems/overlayfs/set_layers_via_fds.c     |  16 +-
 tools/testing/selftests/filesystems/ustat_test.c   | 135 ++++
 tools/testing/selftests/proc/proc-pidns.c          |   1 +
 229 files changed, 6229 insertions(+), 2675 deletions(-)
 delete mode 100644 fs/efs/Kconfig
 delete mode 100644 fs/efs/Makefile
 delete mode 100644 fs/efs/dir.c
 delete mode 100644 fs/efs/efs.h
 delete mode 100644 fs/efs/file.c
 delete mode 100644 fs/efs/inode.c
 delete mode 100644 fs/efs/namei.c
 delete mode 100644 fs/efs/super.c
 delete mode 100644 fs/efs/symlink.c
 delete mode 100644 include/linux/efs_vh.h
 delete mode 100644 include/uapi/linux/efs_fs_sb.h
 create mode 100644 tools/testing/selftests/bpf/prog_tests/sock_xattr.c
 create mode 100644 tools/testing/selftests/bpf/progs/sock_read_xattr.c
 create mode 100644 tools/testing/selftests/filesystems/ceph/Makefile
 create mode 100644 tools/testing/selftests/filesystems/ceph/README
 create mode 100755 tools/testing/selftests/filesystems/ceph/reset_corner_cases.sh
 create mode 100755 tools/testing/selftests/filesystems/ceph/reset_stress.sh
 create mode 100755 tools/testing/selftests/filesystems/ceph/run_validation.sh
 create mode 100644 tools/testing/selftests/filesystems/ceph/settings
 create mode 100755 tools/testing/selftests/filesystems/ceph/validate_consistency.py
 create mode 100644 tools/testing/selftests/filesystems/overlayfs/idmapped_mounts.c
 create mode 100644 tools/testing/selftests/filesystems/ustat_test.c
Merging printk/for-next (080d60fffa8e0 Merge branch 'for-7.3' into for-next)
$ git merge -m Merge branch 'for-next' of https://git.kernel.org/pub/scm/linux/kernel/git/printk/linux.git printk/for-next
Merge made by the 'ort' strategy.
 lib/tests/test_ratelimit.c | 29 +++++++++++++++++++----------
 lib/vsprintf.c             |  4 ++++
 2 files changed, 23 insertions(+), 10 deletions(-)
Merging pci/next (bcabbbd29c53a Merge branch 'pci/controller/rzg3s-host')
$ git merge -m Merge branch 'next' of https://git.kernel.org/pub/scm/linux/kernel/git/pci/pci.git pci/next
Auto-merging MAINTAINERS
Auto-merging drivers/pci/controller/dwc/pci-meson.c
Merge made by the 'ort' strategy.
 .../devicetree/bindings/pci/fsl,imx6q-pcie.yaml    |  25 +++
 .../devicetree/bindings/pci/qcom,hawi-pcie.yaml    | 196 +++++++++++++++++
 .../devicetree/bindings/pci/qcom,pcie-ipq9574.yaml |  15 ++
 .../bindings/pci/renesas,r9a08g045-pcie.yaml       |  34 ++-
 MAINTAINERS                                        |   1 +
 drivers/pci/controller/dwc/Kconfig                 |   2 +
 drivers/pci/controller/dwc/pci-imx6.c              |  25 ++-
 drivers/pci/controller/dwc/pci-meson.c             |   2 +-
 drivers/pci/controller/dwc/pcie-qcom.c             |  38 ++++
 drivers/pci/controller/pci-host-common.c           |  29 +--
 drivers/pci/controller/pcie-rzg3s-host.c           | 233 +++++++++++++++++++--
 11 files changed, 547 insertions(+), 53 deletions(-)
 create mode 100644 Documentation/devicetree/bindings/pci/qcom,hawi-pcie.yaml
Merging pstore/for-next/pstore (24b8f8dcb9a13 pstore/ftrace: Factor KASLR offset in the core kernel instruction addresses)
$ git merge -m Merge branch 'for-next/pstore' of https://git.kernel.org/pub/scm/linux/kernel/git/kees/linux.git pstore/for-next/pstore
Already up to date.
Merging hid/for-next (194a485768438 Merge branch 'for-7.2/upstream-fixes' into for-next)
$ git merge -m Merge branch 'for-next' of https://git.kernel.org/pub/scm/linux/kernel/git/hid/hid.git hid/for-next
Merge made by the 'ort' strategy.
 drivers/hid/Kconfig                                |   9 +
 drivers/hid/bpf/hid_bpf_dispatch.c                 |   5 +-
 drivers/hid/hid-appleir.c                          |  45 ++-
 drivers/hid/hid-core.c                             |  14 +
 drivers/hid/hid-ids.h                              |   2 +
 drivers/hid/hid-letsketch.c                        |  36 ++-
 drivers/hid/hid-lg-g15.c                           |  16 ++
 drivers/hid/hid-logitech-dj.c                      |   9 +-
 drivers/hid/hid-multitouch.c                       |  32 ++-
 drivers/hid/hid-nintendo.c                         |   1 -
 drivers/hid/hid-picolcd_core.c                     |   3 +-
 drivers/hid/hid-roccat-kone.c                      |  65 ++++-
 drivers/hid/hid-sony.c                             | 245 ++++++++--------
 drivers/hid/hid-steelseries.c                      | 313 ++++++++++++++++++++-
 drivers/hid/wacom_wac.c                            |   8 +-
 tools/testing/selftests/hid/Makefile               |   2 +-
 tools/testing/selftests/hid/hid_bpf.c              |  36 ++-
 tools/testing/selftests/hid/progs/hid.c            |  15 +
 .../testing/selftests/hid/tests/test_multitouch.py | 114 ++++++++
 19 files changed, 799 insertions(+), 171 deletions(-)
Merging i2c/i2c/for-next (8cd9520d35a6c Linux 7.1)
$ git merge -m Merge branch 'i2c/for-next' of https://git.kernel.org/pub/scm/linux/kernel/git/wsa/linux.git i2c/i2c/for-next
Already up to date.
$ git am -3 ../patches/0001-i2c-Fix-up-the-rest-of-the-merge.patch
Applying: i2c: Fix up the rest of the merge
Using index info to reconstruct a base tree...
M	drivers/i2c/i2c-core-base.c
Falling back to patching base and 3-way merge...
Auto-merging drivers/i2c/i2c-core-base.c
No changes -- Patch already applied.
Merging i2c-andi/i2c/i2c-next (04e9bf1648f84 i2c: nomadik: Use generic definitions for bus frequencies)
$ git merge -m Merge branch 'i2c/i2c-next' of https://git.kernel.org/pub/scm/linux/kernel/git/andi.shyti/linux.git i2c-andi/i2c/i2c-next
Auto-merging drivers/i2c/busses/i2c-amd-asf-plat.c
Merge made by the 'ort' strategy.
 .../bindings/i2c/altr,softip-i2c-v1.0.yaml         |  62 ++++
 .../devicetree/bindings/i2c/i2c-altera.txt         |  39 ---
 .../devicetree/bindings/i2c/i2c-axxia.txt          |  30 --
 .../devicetree/bindings/i2c/lsi,api2c.yaml         |  52 ++++
 .../bindings/i2c/qcom,sa8255p-geni-i2c.yaml        |  64 ++++
 drivers/i2c/busses/Kconfig                         |   2 +-
 drivers/i2c/busses/i2c-amd-asf-plat.c              |   4 +
 drivers/i2c/busses/i2c-davinci.c                   |   4 +-
 drivers/i2c/busses/i2c-k1.c                        | 183 +++++++++++-
 drivers/i2c/busses/i2c-microchip-corei2c.c         |   4 +-
 drivers/i2c/busses/i2c-nomadik.c                   |   4 +-
 drivers/i2c/busses/i2c-octeon-core.h               |   2 +-
 drivers/i2c/busses/i2c-pnx.c                       |   3 +-
 drivers/i2c/busses/i2c-qcom-geni.c                 | 328 ++++++++++-----------
 drivers/i2c/i2c-core-acpi.c                        |   6 +-
 15 files changed, 522 insertions(+), 265 deletions(-)
 create mode 100644 Documentation/devicetree/bindings/i2c/altr,softip-i2c-v1.0.yaml
 delete mode 100644 Documentation/devicetree/bindings/i2c/i2c-altera.txt
 delete mode 100644 Documentation/devicetree/bindings/i2c/i2c-axxia.txt
 create mode 100644 Documentation/devicetree/bindings/i2c/lsi,api2c.yaml
 create mode 100644 Documentation/devicetree/bindings/i2c/qcom,sa8255p-geni-i2c.yaml
Merging i2c-rust/rust-i2c-next (c0260c740d207 i2c: rust: mark I2cAdapter methods as inline)
$ git merge -m Merge branch 'rust-i2c-next' of https://github.com/ikrtn/rust-for-linux i2c-rust/rust-i2c-next
Auto-merging rust/kernel/i2c.rs
Merge made by the 'ort' strategy.
 rust/kernel/i2c.rs | 3 +++
 1 file changed, 3 insertions(+)
Merging i3c/i3c/next (eeedacd0866ee i3c: dw: avoid shift-out-of-bounds when DAA assigns no devices)
$ git merge -m Merge branch 'i3c/next' of https://git.kernel.org/pub/scm/linux/kernel/git/i3c/linux.git i3c/i3c/next
Merge made by the 'ort' strategy.
 drivers/i3c/master/adi-i3c-master.c | 15 +++++++--------
 drivers/i3c/master/dw-i3c-master.c  | 10 +++++++++-
 drivers/i3c/master/svc-i3c-master.c | 18 +++++++++++++++---
 3 files changed, 31 insertions(+), 12 deletions(-)
Merging dmi/dmi-for-next (1afafbaf749d8 firmware/dmi: Include product_family info to modalias)
$ git merge -m Merge branch 'dmi-for-next' of https://git.kernel.org/pub/scm/linux/kernel/git/jdelvare/staging.git dmi/dmi-for-next
Already up to date.
Merging hwmon-staging/hwmon-next (a810e1aa11bf6 hwmon: (cros_ec) Implement custom kelvin to celsius conversions)
$ git merge -m Merge branch 'hwmon-next' of https://git.kernel.org/pub/scm/linux/kernel/git/groeck/linux-staging.git hwmon-staging/hwmon-next
Auto-merging MAINTAINERS
Auto-merging drivers/hwmon/cros_ec_hwmon.c
Merge made by the 'ort' strategy.
 .../devicetree/bindings/hwmon/adi,adm1275.yaml     |  43 ++-
 .../bindings/hwmon/amphenol,chipcap2.yaml          |   6 +
 .../bindings/hwmon/pmbus/silergy,sq24860.yaml      |  74 ++++
 .../bindings/hwmon/pmbus/ti,lm25066.yaml           |  20 +
 .../devicetree/bindings/hwmon/ti,ina2xx.yaml       |   3 +
 Documentation/hwmon/adm1275.rst                    |  24 ++
 Documentation/hwmon/chipcap2.rst                   |   2 +
 Documentation/hwmon/coretemp.rst                   |   4 +-
 Documentation/hwmon/index.rst                      |   2 +
 Documentation/hwmon/sq24860.rst                    |  96 +++++
 Documentation/hwmon/tvs-mpfs.rst                   |  53 +++
 MAINTAINERS                                        |   1 +
 drivers/hwmon/Kconfig                              |  13 +
 drivers/hwmon/Makefile                             |   1 +
 drivers/hwmon/chipcap2.c                           |  25 +-
 drivers/hwmon/coretemp.c                           |   2 +-
 drivers/hwmon/cros_ec_hwmon.c                      |  12 +-
 drivers/hwmon/ina2xx.c                             |  20 +
 drivers/hwmon/pmbus/Kconfig                        |  33 +-
 drivers/hwmon/pmbus/Makefile                       |   1 +
 drivers/hwmon/pmbus/adm1275.c                      | 142 ++++++-
 drivers/hwmon/pmbus/lm25066.c                      |  37 ++
 drivers/hwmon/pmbus/sq24860.c                      | 430 +++++++++++++++++++++
 drivers/hwmon/pmbus/xdpe1a2g7b.c                   |  11 +
 drivers/hwmon/tvs-mpfs.c                           | 390 +++++++++++++++++++
 drivers/hwmon/xgene-hwmon.c                        |   4 -
 26 files changed, 1418 insertions(+), 31 deletions(-)
 create mode 100644 Documentation/devicetree/bindings/hwmon/pmbus/silergy,sq24860.yaml
 create mode 100644 Documentation/hwmon/sq24860.rst
 create mode 100644 Documentation/hwmon/tvs-mpfs.rst
 create mode 100644 drivers/hwmon/pmbus/sq24860.c
 create mode 100644 drivers/hwmon/tvs-mpfs.c
Merging jc_docs/docs-next (2933b82083e75 Documentation: locking.rst: update deprecated function)
$ git merge -m Merge branch 'docs-next' of git://git.lwn.net/linux.git jc_docs/docs-next
Auto-merging Documentation/admin-guide/kernel-parameters.txt
Merge made by the 'ort' strategy.
 Documentation/admin-guide/kernel-parameters.txt    |   6 +-
 Documentation/admin-guide/media/bttv.rst           |   2 +-
 Documentation/admin-guide/mm/pagemap.rst           |   8 +-
 Documentation/conf.py                              |   4 +-
 Documentation/core-api/SMP.rst                     |  11 +
 Documentation/core-api/index.rst                   |   1 +
 Documentation/dev-tools/container.rst              |   6 +-
 Documentation/kernel-hacking/locking.rst           |   8 +-
 Documentation/mm/hmm.rst                           |   4 +-
 Documentation/mm/process_addrs.rst                 |   2 +-
 .../translations/pt_BR/process/4.Coding.rst        | 440 +++++++++++++++++++++
 .../translations/pt_BR/process/5.Posting.rst       | 376 ++++++++++++++++++
 .../pt_BR/process/development-process.rst          |   2 +
 .../pt_BR/process/maintainer-netdev.rst            |  23 +-
 tools/lib/python/kdoc/kdoc_output.py               |   2 +-
 15 files changed, 867 insertions(+), 28 deletions(-)
 create mode 100644 Documentation/core-api/SMP.rst
 create mode 100644 Documentation/translations/pt_BR/process/4.Coding.rst
 create mode 100644 Documentation/translations/pt_BR/process/5.Posting.rst
Merging v4l-dvb/next (8dac27bfa2f99 media: dt-bindings: rc: Sync keymap list with latest list)
$ git merge -m Merge branch 'next' of git://linuxtv.org/media-ci/media-pending.git v4l-dvb/next
Merge made by the 'ort' strategy.
 Documentation/devicetree/bindings/media/rc.yaml    |  4 +--
 drivers/media/cec/core/cec-adap.c                  |  2 +-
 drivers/media/cec/core/cec-core.c                  |  2 --
 drivers/media/cec/core/cec-pin.c                   |  8 +++---
 drivers/media/cec/platform/meson/ao-cec-g12a.c     |  1 +
 drivers/media/cec/platform/stm32/stm32-cec.c       | 19 +++++++++-----
 .../extron-da-hd-4k-plus/extron-da-hd-4k-plus.c    |  3 ++-
 drivers/media/i2c/ov9282.c                         |  1 -
 .../media/platform/renesas/rzg2l-cru/rzg2l-cru.h   |  2 --
 drivers/media/radio/radio-cadet.c                  |  4 +--
 drivers/media/radio/radio-gemtek.c                 |  4 +--
 drivers/media/rc/fintek-cir.c                      |  4 +--
 drivers/media/rc/ite-cir.c                         | 29 ++++++++++++++--------
 drivers/media/rc/keymaps/Makefile                  |  2 +-
 .../{rc-videomate-m1f.c => rc-videomate-k100.c}    |  2 +-
 drivers/media/rc/nuvoton-cir.c                     |  6 ++---
 drivers/media/rc/sunxi-cir.c                       |  9 ++++---
 drivers/media/rc/winbond-cir.c                     |  4 +--
 include/media/media-entity.h                       |  1 +
 include/media/rc-map.h                             |  2 --
 20 files changed, 61 insertions(+), 48 deletions(-)
 rename drivers/media/rc/keymaps/{rc-videomate-m1f.c => rc-videomate-k100.c} (97%)
Merging v4l-dvb-next/master (adc218676eef2 Linux 6.12)
$ git merge -m Merge branch 'master' of git://linuxtv.org/mchehab/media-next.git v4l-dvb-next/master
Already up to date.
Merging pm/linux-next (da2e2fd83f1ef Merge branch 'pnp' into linux-next)
$ git merge -m Merge branch 'linux-next' of https://git.kernel.org/pub/scm/linux/kernel/git/rafael/linux-pm.git pm/linux-next
Merge made by the 'ort' strategy.
 drivers/pnp/system.c | 6 +++---
 1 file changed, 3 insertions(+), 3 deletions(-)
Merging cpufreq-arm/cpufreq/arm/linux-next (f456178290356 rust: rcpufreq_dt: use vertical import style)
$ git merge -m Merge branch 'cpufreq/arm/linux-next' of https://git.kernel.org/pub/scm/linux/kernel/git/vireshk/pm.git cpufreq-arm/cpufreq/arm/linux-next
Merge made by the 'ort' strategy.
 drivers/cpufreq/apple-soc-cpufreq.c  | 36 ++++++++++++++----------------------
 drivers/cpufreq/cpufreq-dt-platdev.c |  1 +
 drivers/cpufreq/qcom-cpufreq-nvmem.c |  8 ++++++++
 drivers/cpufreq/rcpufreq_dt.rs       | 13 ++++++++++---
 4 files changed, 33 insertions(+), 25 deletions(-)
Merging cpupower/cpupower (dc59e4fea9d83 Linux 7.2-rc1)
$ git merge -m Merge branch 'cpupower' of https://git.kernel.org/pub/scm/linux/kernel/git/shuah/linux.git cpupower/cpupower
Already up to date.
Merging devfreq/devfreq-next (c096be11c2a9d PM / devfreq: Fix governor_store() failing when device has no current governor)
$ git merge -m Merge branch 'devfreq-next' of https://git.kernel.org/pub/scm/linux/kernel/git/chanwoo/linux.git devfreq/devfreq-next
Merge made by the 'ort' strategy.
 drivers/devfreq/devfreq.c            | 50 +++++++-----------------------------
 drivers/devfreq/event/rockchip-dfi.c |  4 ++-
 2 files changed, 12 insertions(+), 42 deletions(-)
Merging pmdomain/next (dc59e4fea9d83 Linux 7.2-rc1)
$ git merge -m Merge branch 'next' of https://git.kernel.org/pub/scm/linux/kernel/git/ulfh/linux-pm.git pmdomain/next
Already up to date.
Merging opp/opp/linux-next (dc59e4fea9d83 Linux 7.2-rc1)
$ git merge -m Merge branch 'opp/linux-next' of https://git.kernel.org/pub/scm/linux/kernel/git/vireshk/pm.git opp/opp/linux-next
Already up to date.
Merging thermal/thermal/linux-next (968098b4ca521 thermal/drivers/qcom/tsens: Disable wakeup interrupt setup on automotive targets)
$ git merge -m Merge branch 'thermal/linux-next' of https://git.kernel.org/pub/scm/linux/kernel/git/thermal/linux.git thermal/thermal/linux-next
Already up to date.
Merging rdma/for-next (c3fd3966f7dd8 RDMA/mlx5: Remove kernel-doc warning in umr.c)
$ git merge -m Merge branch 'for-next' of https://git.kernel.org/pub/scm/linux/kernel/git/rdma/rdma.git rdma/for-next
Merge made by the 'ort' strategy.
 Documentation/infiniband/user_mad.rst         |  2 +-
 drivers/infiniband/core/iwpm_msg.c            |  2 +-
 drivers/infiniband/core/nldev.c               | 29 ++++++++++++++++++++++++---
 drivers/infiniband/core/uverbs_std_types_mr.c |  6 ++++--
 drivers/infiniband/hw/mlx5/umr.c              |  2 +-
 include/uapi/rdma/rdma_netlink.h              |  5 +++++
 6 files changed, 38 insertions(+), 8 deletions(-)
Merging net-next/main (1704cc8640702 selftests/tc-testing: Add tests that force multiq and taprio to enqueue to child's gso_skb)
$ git merge -m Merge branch 'main' of https://git.kernel.org/pub/scm/linux/kernel/git/netdev/net-next.git net-next/main
Auto-merging MAINTAINERS
CONFLICT (content): Merge conflict in MAINTAINERS
Auto-merging drivers/net/amt.c
Auto-merging include/linux/net.h
Auto-merging net/netfilter/nfnetlink_cthelper.c
Auto-merging net/netfilter/nft_set_rbtree.c
Auto-merging tools/testing/selftests/net/lib.sh
CONFLICT (content): Merge conflict in tools/testing/selftests/net/lib.sh
Resolved 'MAINTAINERS' using previous resolution.
Recorded preimage for 'tools/testing/selftests/net/lib.sh'
Automatic merge failed; fix conflicts and then commit the result.
$ git commit --no-edit -v -a
Recorded resolution for 'tools/testing/selftests/net/lib.sh'.
[master cf4d44c65ca6b] Merge branch 'main' of https://git.kernel.org/pub/scm/linux/kernel/git/netdev/net-next.git
$ git diff -M --stat --summary HEAD^..
 Documentation/netlink/specs/rt-addr.yaml           |    4 +
 MAINTAINERS                                        |    5 -
 arch/powerpc/configs/ppc64_defconfig               |    1 -
 arch/powerpc/mm/mem.c                              |    6 -
 drivers/net/amt.c                                  |   43 +-
 drivers/net/bonding/bond_3ad.c                     |   24 +-
 drivers/net/bonding/bond_netlink.c                 |  109 +-
 drivers/net/bonding/bond_options.c                 |    8 +-
 drivers/net/dsa/b53/b53_priv.h                     |    3 +-
 drivers/net/dsa/microchip/ksz8.c                   |    2 +-
 drivers/net/dsa/qca/qca8k-leds.c                   |    3 +
 drivers/net/dsa/realtek/rtl8366rb.c                |  268 +-
 drivers/net/dsa/realtek/rtl83xx.c                  |   26 +-
 drivers/net/ethernet/allwinner/sun4i-emac.c        |    2 +-
 drivers/net/ethernet/apm/xgene/xgene_enet_main.c   |    2 +-
 .../net/ethernet/freescale/dpaa2/dpaa2-switch.c    |  931 ++++-
 .../net/ethernet/freescale/dpaa2/dpaa2-switch.h    |   42 +-
 drivers/net/ethernet/freescale/dpaa2/dpsw-cmd.h    |   18 +-
 drivers/net/ethernet/freescale/dpaa2/dpsw.c        |   60 +
 drivers/net/ethernet/freescale/dpaa2/dpsw.h        |   30 +
 drivers/net/ethernet/hisilicon/hns3/hnae3.h        |   14 +
 .../hisilicon/hns3/hns3_common/hclge_comm_cmd.h    |    3 +
 drivers/net/ethernet/hisilicon/hns3/hns3_ethtool.c |   12 +
 .../net/ethernet/hisilicon/hns3/hns3pf/hclge_cmd.h |    9 +
 .../ethernet/hisilicon/hns3/hns3pf/hclge_main.c    |  172 +
 .../ethernet/hisilicon/hns3/hns3pf/hclge_main.h    |    7 +
 drivers/net/ethernet/ibm/Kconfig                   |    9 -
 drivers/net/ethernet/ibm/Makefile                  |    1 -
 drivers/net/ethernet/ibm/ehea/Makefile             |    7 -
 drivers/net/ethernet/ibm/ehea/ehea.h               |  477 ---
 drivers/net/ethernet/ibm/ehea/ehea_ethtool.c       |  277 --
 drivers/net/ethernet/ibm/ehea/ehea_hw.h            |  253 --
 drivers/net/ethernet/ibm/ehea/ehea_main.c          | 3581 --------------------
 drivers/net/ethernet/ibm/ehea/ehea_phyp.c          |  612 ----
 drivers/net/ethernet/ibm/ehea/ehea_phyp.h          |  433 ---
 drivers/net/ethernet/ibm/ehea/ehea_qmr.c           |  999 ------
 drivers/net/ethernet/ibm/ehea/ehea_qmr.h           |  390 ---
 drivers/net/ethernet/marvell/mvneta.c              |   18 +
 drivers/net/ethernet/marvell/mvneta_bm.c           |   72 +
 drivers/net/ethernet/marvell/octeontx2/af/mbox.h   |    2 +
 drivers/net/ethernet/marvell/octeontx2/af/npc.h    |    4 +-
 drivers/net/ethernet/marvell/octeontx2/af/rvu.h    |    2 +-
 .../net/ethernet/marvell/octeontx2/af/rvu_nix.c    |    9 +-
 .../net/ethernet/marvell/octeontx2/af/rvu_npc.c    |   43 +-
 drivers/net/ethernet/marvell/octeontx2/nic/cn20k.c |    1 +
 .../ethernet/marvell/octeontx2/nic/otx2_common.c   |    2 +-
 .../net/ethernet/mellanox/mlxsw/spectrum_acl_erp.c |    2 +-
 .../ethernet/mellanox/mlxsw/spectrum_acl_tcam.h    |    2 +-
 .../net/ethernet/oki-semi/pch_gbe/pch_gbe_main.c   |    2 +-
 .../net/ethernet/pensando/ionic/ionic_rx_filter.c  |    7 +-
 drivers/net/ethernet/sgi/ioc3-eth.c                |    9 +-
 drivers/net/macsec.c                               |   78 +-
 drivers/net/macvlan.c                              |  109 +-
 drivers/net/netconsole.c                           |    2 +-
 drivers/net/phy/mdio_device.c                      |    2 +-
 drivers/net/phy/phylink.c                          |   15 +-
 drivers/net/usb/rtl8150.c                          |    4 +-
 include/linux/net.h                                |   23 +
 include/linux/netfilter.h                          |    7 +
 include/linux/netfilter/nf_conntrack_h323.h        |    2 -
 include/linux/netfilter/nf_conntrack_pptp.h        |    2 -
 include/linux/netfilter/nf_conntrack_sane.h        |    2 -
 include/linux/netfilter/nf_conntrack_tftp.h        |    2 -
 include/net/bond_3ad.h                             |    4 +-
 include/net/bonding.h                              |    8 +-
 include/net/fib_rules.h                            |    4 +-
 include/net/ip_fib.h                               |    3 +-
 include/net/ip_vs.h                                |    2 +-
 include/net/netfilter/nf_conntrack_helper.h        |   10 +-
 include/net/netns/ipv4.h                           |    1 +
 include/net/udp.h                                  |    2 +-
 include/uapi/linux/if_addr.h                       |    1 +
 net/batman-adv/bat_iv_ogm.c                        |   12 +-
 net/batman-adv/bat_v_elp.c                         |    9 +-
 net/batman-adv/bat_v_ogm.c                         |   33 +-
 net/batman-adv/bridge_loop_avoidance.c             |    9 +-
 net/batman-adv/hard-interface.c                    |  165 +-
 net/batman-adv/hard-interface.h                    |   10 +-
 net/batman-adv/main.c                              |    9 -
 net/batman-adv/main.h                              |    3 -
 net/batman-adv/mesh-interface.c                    |   13 +-
 net/batman-adv/netlink.c                           |    4 +-
 net/batman-adv/originator.c                        |    4 -
 net/batman-adv/tp_meter.c                          |  215 +-
 net/batman-adv/tvlv.c                              |   86 +-
 net/batman-adv/types.h                             |   28 +-
 net/bridge/netfilter/ebtables.c                    |   12 +-
 net/core/fib_rules.c                               |   82 +-
 net/core/netpoll.c                                 |    2 +-
 net/ipv4/fib_frontend.c                            |   66 +-
 net/ipv4/fib_rules.c                               |   20 +-
 net/ipv4/fib_trie.c                                |    3 +-
 net/ipv4/igmp.c                                    |    2 +
 net/ipv4/netfilter/nf_nat_snmp_basic_main.c        |    2 +-
 net/ipv4/raw.c                                     |   41 +-
 net/ipv4/udp.c                                     |   39 +-
 net/ipv6/addrconf.c                                |    1 +
 net/ipv6/fib6_rules.c                              |   17 +-
 net/ipv6/mcast.c                                   |    1 +
 net/ipv6/udp.c                                     |   19 +-
 net/netfilter/ipvs/ip_vs_nfct.c                    |    2 +-
 net/netfilter/nf_conntrack_amanda.c                |    6 +-
 net/netfilter/nf_conntrack_broadcast.c             |    2 -
 net/netfilter/nf_conntrack_ftp.c                   |   32 +-
 net/netfilter/nf_conntrack_h323_main.c             |   12 +-
 net/netfilter/nf_conntrack_helper.c                |   77 +-
 net/netfilter/nf_conntrack_irc.c                   |   27 +-
 net/netfilter/nf_conntrack_netbios_ns.c            |    2 -
 net/netfilter/nf_conntrack_ovs.c                   |    6 +-
 net/netfilter/nf_conntrack_pptp.c                  |    2 +-
 net/netfilter/nf_conntrack_sane.c                  |   34 +-
 net/netfilter/nf_conntrack_sip.c                   |   45 +-
 net/netfilter/nf_conntrack_snmp.c                  |    4 +-
 net/netfilter/nf_conntrack_tftp.c                  |   33 +-
 net/netfilter/nf_nat_core.c                        |    6 -
 net/netfilter/nf_nat_proto.c                       |    8 +
 net/netfilter/nfnetlink_cthelper.c                 |   21 +-
 net/netfilter/nfnetlink_cttimeout.c                |    2 +-
 net/netfilter/nfnetlink_hook.c                     |   37 +-
 net/netfilter/nft_ct.c                             |   35 +
 net/netfilter/nft_set_rbtree.c                     |    3 +-
 net/netfilter/x_tables.c                           |   30 +-
 net/netfilter/xt_TCPOPTSTRIP.c                     |    8 +-
 net/netfilter/xt_dscp.c                            |   12 +
 net/netfilter/xt_recent.c                          |    2 +-
 net/netfilter/xt_tcpmss.c                          |   13 +
 net/sched/act_ct.c                                 |    4 +-
 net/vmw_vsock/virtio_transport_common.c            |   49 +-
 tools/net/ynl/pyynl/__init__.py                    |    9 +
 tools/net/ynl/pyynl/cli.py                         |   56 +-
 tools/net/ynl/pyynl/lib/__init__.py                |    3 +-
 tools/net/ynl/pyynl/lib/nlspec.py                  |   22 +-
 tools/net/ynl/pyynl/lib/specdir.py                 |   51 +
 tools/net/ynl/pyynl/lib/ynl.py                     |   19 +-
 tools/net/ynl/tests/ethtool.py                     |    7 +-
 tools/testing/selftests/bpf/prog_tests/test_xsk.c  |    4 +-
 tools/testing/selftests/drivers/net/hw/toeplitz.py |   22 +
 tools/testing/selftests/net/getsockopt_iter.c      |   97 +
 tools/testing/selftests/net/lib.sh                 |   15 +-
 tools/testing/selftests/net/rtnetlink.py           |  101 +-
 .../tc-testing/tc-tests/infra/qdiscs.json          |  164 +
 141 files changed, 2951 insertions(+), 8341 deletions(-)
 delete mode 100644 drivers/net/ethernet/ibm/ehea/Makefile
 delete mode 100644 drivers/net/ethernet/ibm/ehea/ehea.h
 delete mode 100644 drivers/net/ethernet/ibm/ehea/ehea_ethtool.c
 delete mode 100644 drivers/net/ethernet/ibm/ehea/ehea_hw.h
 delete mode 100644 drivers/net/ethernet/ibm/ehea/ehea_main.c
 delete mode 100644 drivers/net/ethernet/ibm/ehea/ehea_phyp.c
 delete mode 100644 drivers/net/ethernet/ibm/ehea/ehea_phyp.h
 delete mode 100644 drivers/net/ethernet/ibm/ehea/ehea_qmr.c
 delete mode 100644 drivers/net/ethernet/ibm/ehea/ehea_qmr.h
 create mode 100644 tools/net/ynl/pyynl/lib/specdir.py
Merging bpf-next/for-next (87bfe634b1193 Merge git://git.kernel.org/pub/scm/linux/kernel/git/bpf/bpf 7.2-rc2)
$ git merge -m Merge branch 'for-next' of https://git.kernel.org/pub/scm/linux/kernel/git/bpf/bpf-next.git bpf-next/for-next
Merge made by the 'ort' strategy.
 Documentation/bpf/kfuncs.rst                       |  23 +-
 include/linux/bpf.h                                |   4 +-
 include/linux/bpf_verifier.h                       |   5 +
 include/uapi/linux/bpf.h                           |  28 ++-
 kernel/bpf/bpf_lsm.c                               |   1 -
 kernel/bpf/fixups.c                                |   2 +-
 kernel/bpf/verifier.c                              |  53 ++++-
 kernel/trace/bpf_trace.c                           |  55 +++++
 net/core/filter.c                                  |  12 +-
 tools/bpf/bpftool/Makefile                         |   2 +-
 tools/bpf/bpftool/btf.c                            |  13 +-
 tools/bpf/bpftool/btf_dumper.c                     |  14 +-
 tools/bpf/bpftool/link.c                           | 133 +++++++++++
 tools/bpf/bpftool/map.c                            |  12 +-
 tools/bpf/bpftool/struct_ops.c                     |   4 +
 tools/include/linux/btf_ids.h                      |  78 ++++++-
 tools/include/uapi/linux/bpf.h                     |  28 ++-
 tools/lib/bpf/btf.c                                |  10 +-
 tools/lib/bpf/btf_dump.c                           |   4 +-
 tools/lib/bpf/btf_relocate.c                       |   8 +-
 tools/lib/bpf/elf.c                                |   2 +-
 tools/lib/bpf/gen_loader.c                         |  16 +-
 tools/lib/bpf/libbpf.c                             |  88 ++++----
 tools/lib/bpf/nlattr.c                             |   2 +-
 tools/lib/bpf/relo_core.c                          |  22 +-
 tools/lib/bpf/usdt.c                               |  33 +--
 tools/testing/selftests/bpf/network_helpers.c      |   4 +-
 tools/testing/selftests/bpf/network_helpers.h      |   5 +
 .../selftests/bpf/prog_tests/fill_link_info.c      | 242 +++++++++++++++++++++
 tools/testing/selftests/bpf/prog_tests/mptcp.c     |  13 +-
 .../selftests/bpf/prog_tests/resolve_btfids.c      | 169 +++++++++-----
 .../testing/selftests/bpf/prog_tests/tc_redirect.c |  68 ++++++
 .../selftests/bpf/prog_tests/test_map_uninit.c     |  68 ++++++
 .../testing/selftests/bpf/progs/bpf_tracing_net.h  |   3 +
 tools/testing/selftests/bpf/progs/btf_data.c       |  10 +
 tools/testing/selftests/bpf/progs/map_kptr.c       |  12 +
 tools/testing/selftests/bpf/progs/mptcpify.c       |   2 +-
 .../selftests/bpf/progs/sockmap_verdict_prog.c     |  14 +-
 .../selftests/bpf/progs/test_fill_link_info.c      |   6 +
 tools/testing/selftests/bpf/progs/test_tc_peer.c   |  22 ++
 .../selftests/bpf/progs/verifier_spill_fill.c      |  26 +++
 .../testing/selftests/bpf/progs/verifier_var_off.c | 110 ++++++++++
 42 files changed, 1206 insertions(+), 220 deletions(-)
 create mode 100644 tools/testing/selftests/bpf/prog_tests/test_map_uninit.c
$ git am -3 ../patches/0001-perf-Fixup-for-btf_vlan-API-change.patch
Applying: perf: Fixup for btf_vlan() API change
Using index info to reconstruct a base tree...
M	tools/perf/builtin-trace.c
M	tools/perf/util/btf.c
Falling back to patching base and 3-way merge...
Auto-merging tools/perf/builtin-trace.c
No changes -- Patch already applied.
Merging ipsec-next/master (355f808d8a11f Merge branch 'xfrm: XFRM_MSG_MIGRATE_STATE new netlink message')
$ git merge -m Merge branch 'master' of https://git.kernel.org/pub/scm/linux/kernel/git/klassert/ipsec-next.git ipsec-next/master
Already up to date.
Merging mlx5-next/mlx5-next (ddbddbf8aee54 net/mlx5: Add sd_group_size bits for SD management)
$ git merge -m Merge branch 'mlx5-next' of https://git.kernel.org/pub/scm/linux/kernel/git/mellanox/linux.git mlx5-next/mlx5-next
Already up to date.
Merging netfilter-next/main (b73bc9ca3686b Merge tag 'nf-next-26-07-02' of https://git.kernel.org/pub/scm/linux/kernel/git/netfilter/nf-next)
$ git merge -m Merge branch 'main' of https://git.kernel.org/pub/scm/linux/kernel/git/netfilter/nf-next.git netfilter-next/main
Already up to date.
Merging ipvs-next/main (805185b7c7a10 Merge tag 'net-7.2-rc1' of git://git.kernel.org/pub/scm/linux/kernel/git/netdev/net)
$ git merge -m Merge branch 'main' of https://git.kernel.org/pub/scm/linux/kernel/git/horms/ipvs-next.git ipvs-next/main
Already up to date.
Merging bluetooth/master (7ea67149af719 Bluetooth: L2CAP: fix tx ident leak for commands without a response)
$ git merge -m Merge branch 'master' of https://git.kernel.org/pub/scm/linux/kernel/git/bluetooth/bluetooth-next.git bluetooth/master
Merge made by the 'ort' strategy.
 drivers/bluetooth/Makefile       |   2 +
 drivers/bluetooth/bpa10x.c       |   8 +-
 drivers/bluetooth/btintel_pcie.c | 102 +++++++++++-----------
 drivers/bluetooth/btnxpuart.c    |   6 ++
 drivers/bluetooth/btqca.c        |  25 +-----
 drivers/bluetooth/btusb.c        |  92 ++++++++++++--------
 drivers/bluetooth/hci_ldisc.c    |  14 ++-
 include/net/bluetooth/hci.h      |   5 +-
 include/net/bluetooth/hci_core.h |   1 +
 include/net/bluetooth/hci_sync.h |   4 +-
 include/net/bluetooth/l2cap.h    |  10 ++-
 net/bluetooth/6lowpan.c          |  84 +++++-------------
 net/bluetooth/Makefile           |   2 +
 net/bluetooth/af_bluetooth.c     |  24 ++----
 net/bluetooth/bnep/Makefile      |   2 +
 net/bluetooth/bnep/core.c        |  27 ++++--
 net/bluetooth/hci_conn.c         |  21 +----
 net/bluetooth/hci_core.c         |   3 +
 net/bluetooth/hci_debugfs.c      |  12 +--
 net/bluetooth/hci_event.c        |   5 +-
 net/bluetooth/hci_sync.c         | 181 ++++++++++++++++++++++++++++-----------
 net/bluetooth/hidp/Makefile      |   2 +
 net/bluetooth/iso.c              |  44 ++++++----
 net/bluetooth/l2cap_core.c       | 140 +++++++++++++++++++++++-------
 net/bluetooth/l2cap_sock.c       | 108 +++++++++++------------
 net/bluetooth/mgmt.c             |   5 ++
 net/bluetooth/msft.c             |   2 +-
 net/bluetooth/rfcomm/Makefile    |   2 +
 net/bluetooth/rfcomm/sock.c      |   1 +
 net/bluetooth/sco.c              |  15 +++-
 net/bluetooth/smp.c              |  27 ++----
 31 files changed, 566 insertions(+), 410 deletions(-)
Merging wireless-next/for-next (2bfd9da88b95d wifi: cfg80211: support MAC address filtering in station dump for link stats)
$ git merge -m Merge branch 'for-next' of https://git.kernel.org/pub/scm/linux/kernel/git/wireless/wireless-next.git wireless-next/for-next
Auto-merging MAINTAINERS
Auto-merging drivers/net/wireless/marvell/mwifiex/cfg80211.c
Auto-merging include/net/cfg80211.h
Auto-merging net/mac80211/cfg.c
Auto-merging net/wireless/nl80211.c
Merge made by the 'ort' strategy.
 MAINTAINERS                                       |    7 +
 drivers/mmc/core/quirks.h                         |    3 +
 drivers/net/wireless/Kconfig                      |    1 +
 drivers/net/wireless/Makefile                     |    1 +
 drivers/net/wireless/ath/ath12k/mac.c             |    6 -
 drivers/net/wireless/ath/wil6210/cfg80211.c       |   10 +-
 drivers/net/wireless/broadcom/b43/debugfs.c       |   12 +-
 drivers/net/wireless/broadcom/b43legacy/debugfs.c |   12 +-
 drivers/net/wireless/intersil/p54/Kconfig         |    6 +-
 drivers/net/wireless/intersil/p54/fwio.c          |    4 +-
 drivers/net/wireless/intersil/p54/p54usb.c        |    2 +-
 drivers/net/wireless/marvell/libertas/debugfs.c   |   39 +-
 drivers/net/wireless/marvell/mwifiex/cfg80211.c   |    8 +-
 drivers/net/wireless/marvell/mwifiex/debugfs.c    |   62 +-
 drivers/net/wireless/nxp/Kconfig                  |   17 +
 drivers/net/wireless/nxp/Makefile                 |    3 +
 drivers/net/wireless/nxp/nxpwifi/11ac.c           |  280 ++
 drivers/net/wireless/nxp/nxpwifi/11ac.h           |   33 +
 drivers/net/wireless/nxp/nxpwifi/11ax.c           |  594 ++++
 drivers/net/wireless/nxp/nxpwifi/11ax.h           |   73 +
 drivers/net/wireless/nxp/nxpwifi/11h.c            |  339 ++
 drivers/net/wireless/nxp/nxpwifi/11n.c            |  837 +++++
 drivers/net/wireless/nxp/nxpwifi/11n.h            |  158 +
 drivers/net/wireless/nxp/nxpwifi/11n_aggr.c       |  251 ++
 drivers/net/wireless/nxp/nxpwifi/11n_aggr.h       |   21 +
 drivers/net/wireless/nxp/nxpwifi/11n_rxreorder.c  |  826 +++++
 drivers/net/wireless/nxp/nxpwifi/11n_rxreorder.h  |   71 +
 drivers/net/wireless/nxp/nxpwifi/Kconfig          |   22 +
 drivers/net/wireless/nxp/nxpwifi/Makefile         |   39 +
 drivers/net/wireless/nxp/nxpwifi/cfg.h            | 1019 ++++++
 drivers/net/wireless/nxp/nxpwifi/cfg80211.c       | 3931 +++++++++++++++++++++
 drivers/net/wireless/nxp/nxpwifi/cfg80211.h       |   18 +
 drivers/net/wireless/nxp/nxpwifi/cfp.c            |  458 +++
 drivers/net/wireless/nxp/nxpwifi/cmdevt.c         | 1310 +++++++
 drivers/net/wireless/nxp/nxpwifi/cmdevt.h         |  122 +
 drivers/net/wireless/nxp/nxpwifi/debugfs.c        | 1094 ++++++
 drivers/net/wireless/nxp/nxpwifi/ethtool.c        |   58 +
 drivers/net/wireless/nxp/nxpwifi/fw.h             | 2459 +++++++++++++
 drivers/net/wireless/nxp/nxpwifi/ie.c             |  480 +++
 drivers/net/wireless/nxp/nxpwifi/init.c           |  607 ++++
 drivers/net/wireless/nxp/nxpwifi/join.c           |  787 +++++
 drivers/net/wireless/nxp/nxpwifi/main.c           | 1673 +++++++++
 drivers/net/wireless/nxp/nxpwifi/main.h           | 1427 ++++++++
 drivers/net/wireless/nxp/nxpwifi/scan.c           | 2695 ++++++++++++++
 drivers/net/wireless/nxp/nxpwifi/sdio.c           | 2327 ++++++++++++
 drivers/net/wireless/nxp/nxpwifi/sdio.h           |  340 ++
 drivers/net/wireless/nxp/nxpwifi/sta_cfg.c        | 1165 ++++++
 drivers/net/wireless/nxp/nxpwifi/sta_cmd.c        | 3387 ++++++++++++++++++
 drivers/net/wireless/nxp/nxpwifi/sta_event.c      |  862 +++++
 drivers/net/wireless/nxp/nxpwifi/sta_rx.c         |  242 ++
 drivers/net/wireless/nxp/nxpwifi/sta_tx.c         |  190 +
 drivers/net/wireless/nxp/nxpwifi/txrx.c           |  352 ++
 drivers/net/wireless/nxp/nxpwifi/uap_cmd.c        | 1256 +++++++
 drivers/net/wireless/nxp/nxpwifi/uap_event.c      |  488 +++
 drivers/net/wireless/nxp/nxpwifi/uap_txrx.c       |  478 +++
 drivers/net/wireless/nxp/nxpwifi/util.c           | 1381 ++++++++
 drivers/net/wireless/nxp/nxpwifi/util.h           |  155 +
 drivers/net/wireless/nxp/nxpwifi/wmm.c            | 1313 +++++++
 drivers/net/wireless/nxp/nxpwifi/wmm.h            |   77 +
 drivers/net/wireless/realtek/rtw89/core.c         |    3 -
 drivers/net/wireless/ti/wlcore/main.c             |   14 +-
 include/linux/ieee80211.h                         |    1 +
 include/linux/mmc/sdio_ids.h                      |    1 +
 include/net/cfg80211.h                            |   41 +-
 include/net/ieee80211_radiotap.h                  |  190 +
 include/uapi/linux/nl80211.h                      |   46 +-
 net/mac80211/cfg.c                                |    6 +-
 net/mac80211/status.c                             |    2 +-
 net/wireless/nl80211.c                            |  476 ++-
 net/wireless/rdev-ops.h                           |   10 +-
 net/wireless/trace.h                              |    2 +-
 net/wireless/wext-core.c                          |    6 +-
 72 files changed, 36397 insertions(+), 289 deletions(-)
 create mode 100644 drivers/net/wireless/nxp/Kconfig
 create mode 100644 drivers/net/wireless/nxp/Makefile
 create mode 100644 drivers/net/wireless/nxp/nxpwifi/11ac.c
 create mode 100644 drivers/net/wireless/nxp/nxpwifi/11ac.h
 create mode 100644 drivers/net/wireless/nxp/nxpwifi/11ax.c
 create mode 100644 drivers/net/wireless/nxp/nxpwifi/11ax.h
 create mode 100644 drivers/net/wireless/nxp/nxpwifi/11h.c
 create mode 100644 drivers/net/wireless/nxp/nxpwifi/11n.c
 create mode 100644 drivers/net/wireless/nxp/nxpwifi/11n.h
 create mode 100644 drivers/net/wireless/nxp/nxpwifi/11n_aggr.c
 create mode 100644 drivers/net/wireless/nxp/nxpwifi/11n_aggr.h
 create mode 100644 drivers/net/wireless/nxp/nxpwifi/11n_rxreorder.c
 create mode 100644 drivers/net/wireless/nxp/nxpwifi/11n_rxreorder.h
 create mode 100644 drivers/net/wireless/nxp/nxpwifi/Kconfig
 create mode 100644 drivers/net/wireless/nxp/nxpwifi/Makefile
 create mode 100644 drivers/net/wireless/nxp/nxpwifi/cfg.h
 create mode 100644 drivers/net/wireless/nxp/nxpwifi/cfg80211.c
 create mode 100644 drivers/net/wireless/nxp/nxpwifi/cfg80211.h
 create mode 100644 drivers/net/wireless/nxp/nxpwifi/cfp.c
 create mode 100644 drivers/net/wireless/nxp/nxpwifi/cmdevt.c
 create mode 100644 drivers/net/wireless/nxp/nxpwifi/cmdevt.h
 create mode 100644 drivers/net/wireless/nxp/nxpwifi/debugfs.c
 create mode 100644 drivers/net/wireless/nxp/nxpwifi/ethtool.c
 create mode 100644 drivers/net/wireless/nxp/nxpwifi/fw.h
 create mode 100644 drivers/net/wireless/nxp/nxpwifi/ie.c
 create mode 100644 drivers/net/wireless/nxp/nxpwifi/init.c
 create mode 100644 drivers/net/wireless/nxp/nxpwifi/join.c
 create mode 100644 drivers/net/wireless/nxp/nxpwifi/main.c
 create mode 100644 drivers/net/wireless/nxp/nxpwifi/main.h
 create mode 100644 drivers/net/wireless/nxp/nxpwifi/scan.c
 create mode 100644 drivers/net/wireless/nxp/nxpwifi/sdio.c
 create mode 100644 drivers/net/wireless/nxp/nxpwifi/sdio.h
 create mode 100644 drivers/net/wireless/nxp/nxpwifi/sta_cfg.c
 create mode 100644 drivers/net/wireless/nxp/nxpwifi/sta_cmd.c
 create mode 100644 drivers/net/wireless/nxp/nxpwifi/sta_event.c
 create mode 100644 drivers/net/wireless/nxp/nxpwifi/sta_rx.c
 create mode 100644 drivers/net/wireless/nxp/nxpwifi/sta_tx.c
 create mode 100644 drivers/net/wireless/nxp/nxpwifi/txrx.c
 create mode 100644 drivers/net/wireless/nxp/nxpwifi/uap_cmd.c
 create mode 100644 drivers/net/wireless/nxp/nxpwifi/uap_event.c
 create mode 100644 drivers/net/wireless/nxp/nxpwifi/uap_txrx.c
 create mode 100644 drivers/net/wireless/nxp/nxpwifi/util.c
 create mode 100644 drivers/net/wireless/nxp/nxpwifi/util.h
 create mode 100644 drivers/net/wireless/nxp/nxpwifi/wmm.c
 create mode 100644 drivers/net/wireless/nxp/nxpwifi/wmm.h
Merging ath-next/for-next (913998f903fb1 wifi: ath12k: correct monitor destination ring size)
$ git merge -m Merge branch 'for-next' of https://git.kernel.org/pub/scm/linux/kernel/git/ath/ath.git ath-next/for-next
Auto-merging drivers/net/wireless/ath/ath12k/mac.c
Merge made by the 'ort' strategy.
 drivers/net/wireless/ath/ath12k/ahb.c              |   1 -
 drivers/net/wireless/ath/ath12k/ahb.h              |   2 +-
 drivers/net/wireless/ath/ath12k/core.c             |   7 +-
 drivers/net/wireless/ath/ath12k/debugfs.c          |  14 +-
 drivers/net/wireless/ath/ath12k/dp.c               |  14 +-
 drivers/net/wireless/ath/ath12k/dp.h               |   3 +-
 drivers/net/wireless/ath/ath12k/dp_mon.c           |  70 +------
 drivers/net/wireless/ath/ath12k/dp_mon.h           |   4 +-
 drivers/net/wireless/ath/ath12k/hal.c              |  42 ++--
 drivers/net/wireless/ath/ath12k/hal.h              |  13 +-
 drivers/net/wireless/ath/ath12k/mac.c              |   9 +-
 drivers/net/wireless/ath/ath12k/pci.c              |  12 +-
 drivers/net/wireless/ath/ath12k/qmi.c              | 214 +++++++++++----------
 drivers/net/wireless/ath/ath12k/qmi.h              |  26 ---
 drivers/net/wireless/ath/ath12k/wifi7/dp_mon.c     |  66 +++----
 .../net/wireless/ath/ath12k/wifi7/hal_qcc2072.c    |   4 +-
 .../net/wireless/ath/ath12k/wifi7/hal_qcn9274.c    |  13 +-
 .../net/wireless/ath/ath12k/wifi7/hal_wcn7850.c    |  13 +-
 drivers/net/wireless/ath/ath12k/wifi7/hw.c         |  61 ++++--
 drivers/net/wireless/ath/ath12k/wmi.c              |  47 +++--
 drivers/net/wireless/ath/ath12k/wmi.h              |   7 +
 kernel/irq/manage.c                                |   1 +
 22 files changed, 350 insertions(+), 293 deletions(-)
Merging iwlwifi-next/next (a6136ca2dd977 wifi: iwlwifi: bump maximum core version for BZ/SC/DR to 106)
$ git merge -m Merge branch 'next' of https://git.kernel.org/pub/scm/linux/kernel/git/iwlwifi/iwlwifi-next.git iwlwifi-next/next
Already up to date.
Merging wpan-next/master (a6bfdfcc6711d ieee802154: allow legacy LLSEC ADD/DEL ops to pass strict validation)
$ git merge -m Merge branch 'master' of https://git.kernel.org/pub/scm/linux/kernel/git/wpan/wpan-next.git wpan-next/master
Already up to date.
Merging wpan-staging/staging (a6bfdfcc6711d ieee802154: allow legacy LLSEC ADD/DEL ops to pass strict validation)
$ git merge -m Merge branch 'staging' of https://git.kernel.org/pub/scm/linux/kernel/git/wpan/wpan-next.git wpan-staging/staging
Already up to date.
Merging mtd/mtd/next (d276783e490d7 mtd: maps: correct CONFIG_MTD_COMPLEX_MAPPINGS macro name in comment)
$ git merge -m Merge branch 'mtd/next' of https://git.kernel.org/pub/scm/linux/kernel/git/mtd/linux.git mtd/mtd/next
Merge made by the 'ort' strategy.
 drivers/mtd/chips/cfi_cmdset_0001.c | 6 ++++++
 drivers/mtd/maps/map_funcs.c        | 2 +-
 2 files changed, 7 insertions(+), 1 deletion(-)
Merging nand/nand/next (adfc275b317c0 mtd: parsers: redboot: reject unterminated FIS names)
$ git merge -m Merge branch 'nand/next' of https://git.kernel.org/pub/scm/linux/kernel/git/mtd/linux.git nand/nand/next
Auto-merging drivers/mtd/nand/spi/core.c
Merge made by the 'ort' strategy.
 drivers/mtd/nand/raw/atmel/nand-controller.c |   3 +-
 drivers/mtd/nand/raw/pl35x-nand-controller.c |  20 ++--
 drivers/mtd/nand/spi/Makefile                |   2 +-
 drivers/mtd/nand/spi/core.c                  |   1 +
 drivers/mtd/nand/spi/fmsh.c                  |  95 +++++++++++++++++++
 drivers/mtd/nand/spi/heyangtek.c             | 132 +++++++++++++++++++++++++++
 drivers/mtd/parsers/redboot.c                |   9 +-
 include/linux/mtd/spinand.h                  |   1 +
 8 files changed, 252 insertions(+), 11 deletions(-)
 create mode 100644 drivers/mtd/nand/spi/heyangtek.c
Merging spi-nor/spi-nor/next (df415c5e1de0f mtd: spi-nor: spansion: add die erase support in s28hx-t)
$ git merge -m Merge branch 'spi-nor/next' of https://git.kernel.org/pub/scm/linux/kernel/git/mtd/linux.git spi-nor/spi-nor/next
Already up to date.
Merging crypto/master (e264401ce4776 crypto: keembay - Fix AEAD unregister count in error path)
$ git merge -m Merge branch 'master' of https://git.kernel.org/pub/scm/linux/kernel/git/herbert/cryptodev-2.6.git crypto/master
Auto-merging MAINTAINERS
Auto-merging arch/arm/configs/multi_v7_defconfig
Auto-merging arch/arm64/configs/defconfig
Auto-merging drivers/char/hw_random/atmel-rng.c
Auto-merging drivers/char/hw_random/xilinx-trng.c
Auto-merging drivers/crypto/atmel-tdes.c
Auto-merging drivers/crypto/ccp/sev-dev.c
Merge made by the 'ort' strategy.
 .../ABI/testing/sysfs-firmware-sev-vulnerabilities |  19 ++
 Documentation/admin-guide/sysctl/crypto.rst        |  36 +++
 Documentation/crypto/userspace-if.rst              |  13 +-
 MAINTAINERS                                        |   2 +-
 arch/arm/configs/multi_v7_defconfig                |   2 +-
 arch/arm/configs/qcom_defconfig                    |   2 +-
 arch/arm64/configs/defconfig                       |   2 +-
 crypto/af_alg.c                                    |  72 +++++-
 crypto/algif_aead.c                                |  11 +
 crypto/algif_hash.c                                |  24 ++
 crypto/algif_rng.c                                 |   9 +
 crypto/algif_skcipher.c                            |  20 ++
 crypto/api.c                                       |   2 +-
 crypto/crypto_user.c                               |   9 +-
 crypto/ecc.c                                       |  98 +++++----
 crypto/hctr2.c                                     |   3 +-
 crypto/lrw.c                                       |   2 +-
 crypto/lskcipher.c                                 |   3 +-
 crypto/xts.c                                       |   3 +-
 drivers/char/hw_random/Kconfig                     |  11 +
 drivers/char/hw_random/Makefile                    |   1 +
 drivers/char/hw_random/atmel-rng.c                 |   2 +-
 drivers/char/hw_random/core.c                      |   4 +-
 drivers/char/hw_random/omap-rng.c                  |  30 ++-
 drivers/{crypto => char/hw_random}/qcom-rng.c      | 156 +++----------
 drivers/char/hw_random/xilinx-trng.c               |  32 ++-
 drivers/crypto/Kconfig                             |  12 -
 drivers/crypto/Makefile                            |   1 -
 drivers/crypto/allwinner/Kconfig                   |  16 --
 drivers/crypto/allwinner/sun8i-ce/Makefile         |   1 -
 drivers/crypto/allwinner/sun8i-ce/sun8i-ce-core.c  |  63 ------
 drivers/crypto/allwinner/sun8i-ce/sun8i-ce-prng.c  | 159 --------------
 drivers/crypto/allwinner/sun8i-ce/sun8i-ce.h       |  29 ---
 drivers/crypto/allwinner/sun8i-ss/Makefile         |   1 -
 drivers/crypto/allwinner/sun8i-ss/sun8i-ss-core.c  |  45 ----
 drivers/crypto/allwinner/sun8i-ss/sun8i-ss-prng.c  | 177 ---------------
 drivers/crypto/allwinner/sun8i-ss/sun8i-ss.h       |  23 --
 drivers/crypto/amcc/crypto4xx_core.c               |  11 +-
 drivers/crypto/atmel-ecc.c                         |  42 ++--
 drivers/crypto/atmel-i2c.c                         |   5 +-
 drivers/crypto/atmel-sha204a.c                     |   6 +-
 drivers/crypto/atmel-tdes.c                        |   5 +-
 drivers/crypto/caam/Kconfig                        |   9 -
 drivers/crypto/caam/Makefile                       |   1 -
 drivers/crypto/caam/caamprng.c                     | 241 ---------------------
 drivers/crypto/caam/intern.h                       |  15 --
 drivers/crypto/caam/jr.c                           |   2 -
 drivers/crypto/cavium/nitrox/nitrox_hal.c          |   3 +-
 drivers/crypto/ccp/ccp-crypto-sha.c                |   2 +-
 drivers/crypto/ccp/sev-dev.c                       | 177 +++++++++++++++
 drivers/crypto/ccp/sev-dev.h                       |   3 +
 drivers/crypto/hisilicon/qm.c                      |   5 +-
 .../crypto/intel/keembay/keembay-ocs-aes-core.c    |   4 +-
 drivers/crypto/intel/qat/qat_common/adf_aer.c      |   2 +
 drivers/crypto/intel/qat/qat_common/adf_cfg.c      |   7 +-
 .../crypto/intel/qat/qat_common/adf_cfg_services.c |   2 +-
 .../crypto/intel/qat/qat_common/adf_mstate_mgr.c   |   3 +-
 .../intel/qat/qat_common/adf_transport_debug.c     |   3 +-
 drivers/crypto/intel/qat/qat_common/qat_algs.c     |   1 +
 .../crypto/intel/qat/qat_common/qat_compression.c  |   3 +-
 drivers/crypto/marvell/octeontx/otx_cptpf_ucode.c  |   4 +-
 .../crypto/marvell/octeontx2/otx2_cptpf_ucode.c    |   4 +-
 drivers/crypto/mxs-dcp.c                           |   2 +-
 drivers/crypto/qce/aead.c                          |  56 +----
 drivers/crypto/qce/common.c                        |  55 +----
 drivers/crypto/qce/common.h                        |  16 +-
 drivers/crypto/qce/regs-v5.h                       |   4 -
 drivers/crypto/qce/sha.c                           |  61 +-----
 drivers/crypto/qce/sha.h                           |   1 -
 drivers/crypto/qce/skcipher.c                      |  97 +--------
 drivers/crypto/rockchip/rk3288_crypto_ahash.c      |   7 +-
 drivers/crypto/sa2ul.c                             |   6 +-
 drivers/gpu/drm/ci/arm64.config                    |   2 +-
 include/crypto/if_alg.h                            |   8 +
 include/linux/psp-sev.h                            |  51 +++++
 include/linux/rhashtable.h                         |   1 -
 lib/rhashtable.c                                   |   2 +
 77 files changed, 686 insertions(+), 1338 deletions(-)
 create mode 100644 Documentation/ABI/testing/sysfs-firmware-sev-vulnerabilities
 rename drivers/{crypto => char/hw_random}/qcom-rng.c (53%)
 delete mode 100644 drivers/crypto/allwinner/sun8i-ce/sun8i-ce-prng.c
 delete mode 100644 drivers/crypto/allwinner/sun8i-ss/sun8i-ss-prng.c
 delete mode 100644 drivers/crypto/caam/caamprng.c
Merging libcrypto/libcrypto-next (1002500f54b5f lib/crypto: md5: Remove support for md5_mod_init_arch())
$ git merge -m Merge branch 'libcrypto-next' of https://git.kernel.org/pub/scm/linux/kernel/git/ebiggers/linux.git libcrypto/libcrypto-next
Merge made by the 'ort' strategy.
 lib/crypto/md5.c | 14 --------------
 1 file changed, 14 deletions(-)
Merging drm/drm-next (8cdeaa50eae8d Linux 7.2-rc2)
$ git merge -m Merge branch 'drm-next' of https://gitlab.freedesktop.org/drm/kernel.git drm/drm-next
Already up to date.
$ git am -3 ../patches/0001-drm-Fix-up-lut3d-mismerge.patch
Applying: drm: Fix up lut3d mismerge
Using index info to reconstruct a base tree...
M	drivers/gpu/drm/drm_atomic.c
M	include/drm/drm_colorop.h
Falling back to patching base and 3-way merge...
No changes -- Patch already applied.
Merging drm-exynos/for-linux-next (3a8660878839f Linux 6.18-rc1)
$ git merge -m Merge branch 'for-linux-next' of https://git.kernel.org/pub/scm/linux/kernel/git/daeinki/drm-exynos.git drm-exynos/for-linux-next
Already up to date.
Merging drm-misc/for-linux-next (b7fcb70162acd drm/ssd130x: fix column and row end address in partial updates in ssd133x)
$ git merge -m Merge branch 'for-linux-next' of https://gitlab.freedesktop.org/drm/misc/kernel.git drm-misc/for-linux-next
Auto-merging .mailmap
Auto-merging Documentation/devicetree/bindings/vendor-prefixes.yaml
Auto-merging MAINTAINERS
Auto-merging drivers/accel/amdxdna/amdxdna_gem.c
Auto-merging drivers/accel/ethosu/ethosu_drv.c
Auto-merging drivers/dma-buf/dma-fence-unwrap.c
Auto-merging drivers/dma-buf/dma-fence.c
Auto-merging drivers/gpu/drm/amd/display/amdgpu_dm/amdgpu_dm.c
Auto-merging drivers/gpu/drm/bridge/analogix/analogix_dp_core.c
Auto-merging drivers/gpu/drm/bridge/inno-hdmi.c
Auto-merging drivers/gpu/drm/bridge/ssd2825.c
Auto-merging drivers/gpu/drm/bridge/tc358762.c
Auto-merging drivers/gpu/drm/i915/i915_active.c
Auto-merging drivers/gpu/drm/imagination/pvr_drv.c
Auto-merging drivers/gpu/drm/panel/panel-himax-hx83121a.c
Auto-merging drivers/gpu/drm/panthor/panthor_device.h
Auto-merging drivers/gpu/drm/panthor/panthor_mmu.c
Auto-merging drivers/gpu/drm/rockchip/rockchip_vop2_reg.c
Auto-merging drivers/gpu/drm/virtio/virtgpu_vq.c
Auto-merging drivers/gpu/drm/xe/xe_svm.c
Auto-merging drivers/gpu/drm/xe/xe_userptr.c
Merge made by the 'ort' strategy.
 .mailmap                                           |   1 +
 Documentation/admin-guide/cgroup-v2.rst            |   6 +
 .../bindings/display/panel/anbernic,td4310.yaml    |  66 ++
 .../bindings/display/panel/chipone,icna3512.yaml   |  79 ++
 .../bindings/display/panel/himax,hx83121a.yaml     |   3 +
 .../bindings/display/panel/ilitek,ili7807s.yaml    |  71 ++
 .../bindings/display/panel/ilitek,ili9488.yaml     |  63 ++
 .../bindings/display/panel/renesas,r63419.yaml     |  98 ++
 .../bindings/display/panel/samsung,atna33xc20.yaml |   2 +
 .../display/rockchip/rockchip,analogix-dp.yaml     |  47 +-
 .../devicetree/bindings/gpu/img,powervr-rogue.yaml |   3 +-
 .../devicetree/bindings/gpu/img,powervr-sgx.yaml   |   3 +-
 .../devicetree/bindings/vendor-prefixes.yaml       |   6 +
 Documentation/gpu/automated_testing.rst            |   3 +-
 Documentation/gpu/drm-kms-helpers.rst              |   6 +
 Documentation/gpu/drm-kms.rst                      |  12 +
 Documentation/gpu/todo.rst                         |  50 +-
 MAINTAINERS                                        |  20 +-
 drivers/accel/amdxdna/amdxdna_gem.c                |   6 +
 drivers/accel/ethosu/Makefile                      |   2 +-
 drivers/accel/ethosu/ethosu_device.h               |  35 +-
 drivers/accel/ethosu/ethosu_drv.c                  |  23 +-
 drivers/accel/ethosu/ethosu_drv.h                  |  61 +-
 drivers/accel/ethosu/ethosu_job.c                  |  61 +-
 drivers/accel/ethosu/ethosu_job.h                  |   2 +
 drivers/accel/ethosu/ethosu_perfmon.c              | 301 +++++++
 drivers/accel/ivpu/ivpu_drv.c                      |  28 +-
 drivers/accel/ivpu/ivpu_drv.h                      |   5 +-
 drivers/accel/ivpu/ivpu_hw.c                       |   4 +
 drivers/accel/ivpu/ivpu_ipc.c                      |  25 +-
 drivers/accel/ivpu/ivpu_ipc.h                      |   3 +-
 drivers/accel/ivpu/ivpu_job.c                      |  59 +-
 drivers/accel/ivpu/ivpu_job.h                      |   7 +-
 drivers/accel/rocket/rocket_job.c                  |  32 +-
 drivers/dma-buf/dma-fence-unwrap.c                 |   8 +-
 drivers/dma-buf/dma-fence.c                        |  22 +-
 drivers/dma-buf/dma-heap.c                         |   3 +-
 drivers/dma-buf/st-dma-fence-chain.c               |   4 +-
 drivers/dma-buf/st-dma-fence-unwrap.c              |  42 +-
 drivers/dma-buf/st-dma-fence.c                     |  16 +-
 drivers/dma-buf/st-dma-resv.c                      |  10 +-
 drivers/firmware/Kconfig                           |  28 +-
 drivers/gpu/buddy.c                                | 105 ++-
 drivers/gpu/drm/amd/display/amdgpu_dm/amdgpu_dm.c  | 115 ++-
 drivers/gpu/drm/bridge/adv7511/adv7511_drv.c       |   2 +-
 drivers/gpu/drm/bridge/analogix/analogix_dp_core.c |  19 +-
 drivers/gpu/drm/bridge/analogix/analogix_dp_core.h |   6 +-
 drivers/gpu/drm/bridge/analogix/analogix_dp_reg.c  |  32 +-
 drivers/gpu/drm/bridge/analogix/anx7625.c          |   2 +-
 drivers/gpu/drm/bridge/cadence/cdns-dsi-core.c     |   9 +-
 .../gpu/drm/bridge/cadence/cdns-mhdp8546-core.c    |   8 +-
 drivers/gpu/drm/bridge/chipone-icn6211.c           |   2 +-
 drivers/gpu/drm/bridge/display-connector.c         |  38 +-
 drivers/gpu/drm/bridge/fsl-ldb.c                   |   2 +-
 drivers/gpu/drm/bridge/imx/imx8mp-hdmi-pvi.c       |   2 +-
 drivers/gpu/drm/bridge/imx/imx8qm-ldb.c            |   2 +-
 drivers/gpu/drm/bridge/imx/imx8qxp-ldb.c           |   2 +-
 .../gpu/drm/bridge/imx/imx8qxp-pixel-combiner.c    |   2 +-
 drivers/gpu/drm/bridge/imx/imx8qxp-pixel-link.c    |   2 +-
 drivers/gpu/drm/bridge/imx/imx8qxp-pxl2dpi.c       |   2 +-
 drivers/gpu/drm/bridge/inno-hdmi.c                 |   2 +-
 drivers/gpu/drm/bridge/ite-it6263.c                |   2 +-
 drivers/gpu/drm/bridge/ite-it6505.c                |   2 +-
 drivers/gpu/drm/bridge/ite-it66121.c               |   2 +-
 drivers/gpu/drm/bridge/lontium-lt9211.c            |   2 +-
 drivers/gpu/drm/bridge/lontium-lt9611.c            |   2 +-
 drivers/gpu/drm/bridge/lvds-codec.c                |   2 +-
 drivers/gpu/drm/bridge/nwl-dsi.c                   |   2 +-
 drivers/gpu/drm/bridge/of-display-mode-bridge.c    |   2 +-
 drivers/gpu/drm/bridge/panel.c                     |   2 +-
 drivers/gpu/drm/bridge/parade-ps8640.c             |   2 +-
 drivers/gpu/drm/bridge/samsung-dsim.c              |   2 +-
 drivers/gpu/drm/bridge/sii902x.c                   |   6 +-
 drivers/gpu/drm/bridge/ssd2825.c                   |   2 +-
 drivers/gpu/drm/bridge/synopsys/dw-dp.c            |   8 +-
 drivers/gpu/drm/bridge/synopsys/dw-hdmi-qp.c       |   3 +-
 drivers/gpu/drm/bridge/synopsys/dw-hdmi.c          |   2 +-
 drivers/gpu/drm/bridge/synopsys/dw-mipi-dsi.c      |   2 +-
 drivers/gpu/drm/bridge/synopsys/dw-mipi-dsi2.c     |   2 +-
 drivers/gpu/drm/bridge/tc358762.c                  |   2 +-
 drivers/gpu/drm/bridge/tc358767.c                  |   4 +-
 drivers/gpu/drm/bridge/tc358768.c                  |   2 +-
 drivers/gpu/drm/bridge/tc358775.c                  |   2 +-
 drivers/gpu/drm/bridge/ti-dlpc3433.c               |   2 +-
 drivers/gpu/drm/bridge/ti-sn65dsi83.c              |   3 +-
 drivers/gpu/drm/bridge/ti-sn65dsi86.c              |   2 +-
 drivers/gpu/drm/bridge/ti-tdp158.c                 |   2 +-
 drivers/gpu/drm/bridge/ti-tfp410.c                 |   2 +-
 drivers/gpu/drm/clients/drm_log.c                  |  10 +-
 drivers/gpu/drm/display/drm_bridge_connector.c     |  41 +-
 drivers/gpu/drm/display/drm_hdmi_state_helper.c    |  68 +-
 drivers/gpu/drm/drm_atomic.c                       |  80 ++
 drivers/gpu/drm/drm_atomic_helper.c                |  86 ++
 drivers/gpu/drm/drm_atomic_state_helper.c          | 154 +++-
 drivers/gpu/drm/drm_atomic_uapi.c                  |   4 +
 drivers/gpu/drm/drm_bridge.c                       | 124 ++-
 drivers/gpu/drm/drm_buddy.c                        |  30 +-
 drivers/gpu/drm/drm_colorop.c                      |  41 +-
 drivers/gpu/drm/drm_connector.c                    | 192 +++-
 drivers/gpu/drm/drm_displayid_internal.h           |  24 +
 drivers/gpu/drm/drm_draw_internal.h                |   7 -
 drivers/gpu/drm/drm_drv.c                          |   4 +-
 drivers/gpu/drm/drm_dumb_buffers.c                 |   1 -
 drivers/gpu/drm/drm_edid.c                         |  80 +-
 drivers/gpu/drm/drm_fb_helper.c                    |  11 +-
 drivers/gpu/drm/drm_gem.c                          |   3 +-
 drivers/gpu/drm/drm_gem_shmem_helper.c             |  22 +-
 drivers/gpu/drm/drm_gpuvm.c                        |  44 -
 drivers/gpu/drm/drm_mode_config.c                  | 189 +++-
 drivers/gpu/drm/drm_panic.c                        |   6 +-
 drivers/gpu/drm/drm_print.c                        |   4 +-
 drivers/gpu/drm/drm_writeback.c                    |   6 +
 drivers/gpu/drm/gma500/psb_drv.c                   |  56 +-
 drivers/gpu/drm/hisilicon/hibmc/Kconfig            |   4 +-
 drivers/gpu/drm/hisilicon/hibmc/hibmc_drm_de.c     | 114 +--
 drivers/gpu/drm/hisilicon/hibmc/hibmc_drm_drv.c    |  78 +-
 drivers/gpu/drm/hisilicon/hibmc/hibmc_drm_drv.h    |   5 +
 drivers/gpu/drm/hyperv/hyperv_drm.h                |  16 +-
 drivers/gpu/drm/hyperv/hyperv_drm_drv.c            |  92 +-
 drivers/gpu/drm/hyperv/hyperv_drm_modeset.c        | 110 +--
 drivers/gpu/drm/hyperv/hyperv_drm_proto.c          |  70 +-
 drivers/gpu/drm/i915/display/intel_crtc.c          |   2 +-
 drivers/gpu/drm/i915/display/intel_dp.c            |  43 +-
 drivers/gpu/drm/i915/display/intel_plane.c         |   2 +-
 drivers/gpu/drm/i915/i915_active.c                 |   2 +-
 drivers/gpu/drm/imagination/pvr_drv.c              |   2 +-
 drivers/gpu/drm/imx/ipuv3/parallel-display.c       |   2 +-
 drivers/gpu/drm/ingenic/ingenic-drm-drv.c          |   2 +-
 drivers/gpu/drm/lima/lima_device.c                 |  12 +-
 drivers/gpu/drm/loongson/lsdc_drv.c                |   4 +-
 drivers/gpu/drm/mediatek/mtk_dp.c                  |   2 +-
 drivers/gpu/drm/mediatek/mtk_dpi.c                 |   2 +-
 drivers/gpu/drm/mediatek/mtk_dsi.c                 |   2 +-
 drivers/gpu/drm/mediatek/mtk_hdmi.c                |   2 +-
 drivers/gpu/drm/mediatek/mtk_hdmi_v2.c             |   2 +-
 drivers/gpu/drm/meson/meson_encoder_cvbs.c         |   2 +-
 drivers/gpu/drm/meson/meson_encoder_dsi.c          |   2 +-
 drivers/gpu/drm/meson/meson_encoder_hdmi.c         |   2 +-
 drivers/gpu/drm/mgag200/mgag200_drv.c              |  24 +-
 drivers/gpu/drm/msm/dp/dp_drm.c                    |   4 +-
 drivers/gpu/drm/msm/dsi/dsi_host.c                 |  25 +-
 drivers/gpu/drm/msm/hdmi/hdmi_bridge.c             |   2 +-
 drivers/gpu/drm/msm/msm_drv.c                      |   2 -
 drivers/gpu/drm/mxsfb/lcdif_drv.c                  |   2 +-
 drivers/gpu/drm/mxsfb/lcdif_kms.c                  |  18 +-
 drivers/gpu/drm/mxsfb/lcdif_regs.h                 |   1 +
 drivers/gpu/drm/nouveau/nouveau_drm.c              |  35 +-
 drivers/gpu/drm/nouveau/nouveau_gem.c              |  11 +-
 drivers/gpu/drm/nouveau/nvkm/engine/disp/gv100.c   |   4 +-
 drivers/gpu/drm/nouveau/nvkm/engine/disp/head.h    |   2 +
 .../gpu/drm/nouveau/nvkm/subdev/gsp/rm/r535/disp.c |   8 +-
 drivers/gpu/drm/nouveau/nvkm/subdev/mmu/vmm.c      |  31 +-
 drivers/gpu/drm/omapdrm/dss/hdmi4.c                |   2 +-
 drivers/gpu/drm/omapdrm/dss/hdmi5.c                |   2 +-
 drivers/gpu/drm/panel/Kconfig                      |  56 ++
 drivers/gpu/drm/panel/Makefile                     |   5 +
 drivers/gpu/drm/panel/panel-anbernic-td4310.c      | 257 ++++++
 drivers/gpu/drm/panel/panel-chipone-icna35xx.c     | 422 +++++++++
 drivers/gpu/drm/panel/panel-edp.c                  |  19 +
 drivers/gpu/drm/panel/panel-himax-hx83121a.c       |  39 +-
 drivers/gpu/drm/panel/panel-ilitek-ili7807s.c      | 285 ++++++
 drivers/gpu/drm/panel/panel-ilitek-ili9488.c       | 289 ++++++
 drivers/gpu/drm/panel/panel-novatek-nt36672a.c     | 522 ++++-------
 drivers/gpu/drm/panel/panel-renesas-r63419.c       | 350 ++++++++
 drivers/gpu/drm/panel/panel-visionox-vtdr6130.c    |  42 +-
 drivers/gpu/drm/panthor/panthor_device.h           |   3 +
 drivers/gpu/drm/panthor/panthor_drv.c              |  14 +-
 drivers/gpu/drm/panthor/panthor_gem.c              |  18 +
 drivers/gpu/drm/panthor/panthor_gem.h              |   2 +
 drivers/gpu/drm/panthor/panthor_mmu.c              | 259 ++++--
 drivers/gpu/drm/qxl/qxl_drv.c                      |  15 +-
 drivers/gpu/drm/renesas/rcar-du/rcar_du_drv.c      |  20 +-
 drivers/gpu/drm/renesas/rcar-du/rcar_lvds.c        |   2 +-
 drivers/gpu/drm/renesas/rcar-du/rcar_mipi_dsi.c    |   2 +-
 drivers/gpu/drm/renesas/rz-du/rzg2l_mipi_dsi.c     |   2 +-
 drivers/gpu/drm/rockchip/analogix_dp-rockchip.c    |  31 +-
 drivers/gpu/drm/rockchip/cdn-dp-core.c             |   2 +-
 drivers/gpu/drm/rockchip/dw_dp-rockchip.c          |  15 +-
 drivers/gpu/drm/rockchip/dw_hdmi-rockchip.c        | 227 +++--
 drivers/gpu/drm/rockchip/dw_hdmi_qp-rockchip.c     | 111 ++-
 drivers/gpu/drm/rockchip/rk3066_hdmi.c             |   2 +-
 drivers/gpu/drm/rockchip/rockchip_drm_drv.h        |   4 +
 drivers/gpu/drm/rockchip/rockchip_drm_vop2.c       | 176 +++-
 drivers/gpu/drm/rockchip/rockchip_drm_vop2.h       |   2 +-
 drivers/gpu/drm/rockchip/rockchip_lvds.c           |   2 +-
 drivers/gpu/drm/rockchip/rockchip_vop2_reg.c       |  46 +-
 drivers/gpu/drm/scheduler/sched_entity.c           |  11 +-
 drivers/gpu/drm/scheduler/sched_main.c             |   9 -
 drivers/gpu/drm/scheduler/tests/tests_basic.c      | 359 ++++++++
 drivers/gpu/drm/scheduler/tests/tests_scheduler.c  |   2 +-
 drivers/gpu/drm/solomon/ssd130x.c                  | 360 +++-----
 drivers/gpu/drm/stm/lvds.c                         |   2 +-
 drivers/gpu/drm/sun4i/sun4i_hdmi_enc.c             |   2 +-
 drivers/gpu/drm/sysfb/Kconfig                      |   7 +-
 drivers/gpu/drm/sysfb/simpledrm.c                  | 109 ++-
 drivers/gpu/drm/tegra/drm.c                        |   2 +
 drivers/gpu/drm/tegra/dsi.c                        | 126 ++-
 drivers/gpu/drm/tegra/dsi.h                        |  10 +
 drivers/gpu/drm/tests/Makefile                     |   3 +-
 drivers/gpu/drm/tests/drm_bridge_test.c            | 973 +++++++++++++++++++-
 drivers/gpu/drm/tests/drm_hdmi_state_helper_test.c | 347 ++++++-
 drivers/gpu/drm/tests/drm_kunit_edid.c             | 995 +++++++++++++++++++++
 drivers/gpu/drm/tests/drm_kunit_edid.h             | 985 +-------------------
 drivers/gpu/drm/tidss/tidss_crtc.c                 |  17 +-
 drivers/gpu/drm/tidss/tidss_encoder.c              |   2 +-
 drivers/gpu/drm/tidss/tidss_oldi.c                 |   2 +-
 drivers/gpu/drm/tidss/tidss_plane.c                |   2 +-
 drivers/gpu/drm/tiny/gm12u320.c                    |   5 +-
 drivers/gpu/drm/ttm/tests/ttm_bo_validate_test.c   |   2 +-
 drivers/gpu/drm/ttm/ttm_bo.c                       |   2 +-
 drivers/gpu/drm/ttm/ttm_pool.c                     |  37 +-
 drivers/gpu/drm/v3d/Kconfig                        |   1 +
 drivers/gpu/drm/v3d/v3d_drv.c                      |  20 +-
 drivers/gpu/drm/v3d/v3d_drv.h                      |  36 +-
 drivers/gpu/drm/v3d/v3d_sched.c                    |  66 +-
 drivers/gpu/drm/v3d/v3d_submit.c                   | 770 ++++++++--------
 drivers/gpu/drm/vc4/vc4_dsi.c                      |   2 +-
 drivers/gpu/drm/vc4/vc4_hdmi.c                     |   2 +-
 drivers/gpu/drm/verisilicon/vs_bridge.c            |   4 +-
 drivers/gpu/drm/virtio/virtgpu_drv.c               | 101 ++-
 drivers/gpu/drm/virtio/virtgpu_drv.h               |  26 +-
 drivers/gpu/drm/virtio/virtgpu_kms.c               |  71 +-
 drivers/gpu/drm/virtio/virtgpu_object.c            |  90 +-
 drivers/gpu/drm/virtio/virtgpu_prime.c             |  45 +-
 drivers/gpu/drm/virtio/virtgpu_vq.c                |  50 +-
 drivers/gpu/drm/virtio/virtgpu_vram.c              |   5 +-
 drivers/gpu/drm/xe/xe_bo.c                         |   2 +-
 drivers/gpu/drm/xe/xe_device.c                     |   4 +-
 drivers/gpu/drm/xe/xe_sched_job.c                  |   2 +-
 drivers/gpu/drm/xe/xe_svm.c                        |   2 +-
 drivers/gpu/drm/xe/xe_userptr.c                    |   2 +-
 drivers/gpu/drm/xe/xe_vm.c                         |   4 +-
 drivers/gpu/drm/xlnx/zynqmp_dp.c                   |   2 +-
 include/drm/bridge/analogix_dp.h                   |  13 +-
 include/drm/bridge/dw_dp.h                         |   1 +
 include/drm/display/drm_dp.h                       |  13 +-
 include/drm/display/drm_hdmi_state_helper.h        |   4 +-
 include/drm/drm_atomic.h                           |   5 +-
 include/drm/drm_atomic_helper.h                    |   7 +
 include/drm/drm_atomic_state_helper.h              |  18 +-
 include/drm/drm_bridge.h                           |  37 +-
 include/drm/drm_colorop.h                          |   2 +
 include/drm/drm_connector.h                        | 118 +++
 include/drm/drm_crtc.h                             |  16 +
 include/drm/drm_debugfs.h                          |   2 +-
 include/drm/drm_drv.h                              |   6 -
 include/drm/drm_gem.h                              |   3 -
 include/drm/drm_gem_shmem_helper.h                 |   4 +
 include/drm/drm_gpuvm.h                            |   4 +-
 include/drm/drm_managed.h                          |   2 +-
 include/drm/drm_mipi_dsi.h                         |   2 +
 include/drm/drm_mode_config.h                      |   1 +
 include/drm/drm_plane.h                            |  16 +
 include/drm/drm_print.h                            |   2 +-
 include/drm/gpu_scheduler.h                        |   3 +-
 include/linux/dma-fence-unwrap.h                   |   6 +-
 include/linux/dma-fence.h                          |   4 +-
 include/linux/font.h                               |   3 +
 include/linux/gpu_buddy.h                          |  15 +
 include/linux/sysfb.h                              |   4 +-
 include/uapi/drm/drm_mode.h                        |   1 +
 include/uapi/drm/ethosu_accel.h                    |  60 +-
 include/uapi/drm/panthor_drm.h                     |  26 +-
 kernel/cgroup/dmem.c                               |  15 +
 lib/fonts/fonts.c                                  |  31 +
 265 files changed, 9889 insertions(+), 3258 deletions(-)
 create mode 100644 Documentation/devicetree/bindings/display/panel/anbernic,td4310.yaml
 create mode 100644 Documentation/devicetree/bindings/display/panel/chipone,icna3512.yaml
 create mode 100644 Documentation/devicetree/bindings/display/panel/ilitek,ili7807s.yaml
 create mode 100644 Documentation/devicetree/bindings/display/panel/ilitek,ili9488.yaml
 create mode 100644 Documentation/devicetree/bindings/display/panel/renesas,r63419.yaml
 create mode 100644 drivers/accel/ethosu/ethosu_perfmon.c
 create mode 100644 drivers/gpu/drm/panel/panel-anbernic-td4310.c
 create mode 100644 drivers/gpu/drm/panel/panel-chipone-icna35xx.c
 create mode 100644 drivers/gpu/drm/panel/panel-ilitek-ili7807s.c
 create mode 100644 drivers/gpu/drm/panel/panel-ilitek-ili9488.c
 create mode 100644 drivers/gpu/drm/panel/panel-renesas-r63419.c
 create mode 100644 drivers/gpu/drm/tests/drm_kunit_edid.c
$ git am -3 ../patches/0001-drm-bridge-microchip-lvds-Rename-drm_atomic_state-to.patch
Applying: drm/bridge: microchip-lvds: Rename drm_atomic_state to drm_atomic_commit
Using index info to reconstruct a base tree...
M	drivers/gpu/drm/bridge/microchip-lvds.c
Falling back to patching base and 3-way merge...
No changes -- Patch already applied.
Merging amdgpu/drm-next (50be7c9b5d5ea drm/amdgpu: Do not fiddle with the idle workers too much)
$ git merge -m Merge branch 'drm-next' of https://gitlab.freedesktop.org/agd5f/linux.git amdgpu/drm-next
Auto-merging drivers/gpu/drm/amd/amdgpu/amdgpu_amdkfd.c
Auto-merging drivers/gpu/drm/amd/amdgpu/amdgpu_amdkfd.h
Auto-merging drivers/gpu/drm/amd/amdgpu/amdgpu_amdkfd_gpuvm.c
Auto-merging drivers/gpu/drm/amd/amdgpu/amdgpu_cs.c
Auto-merging drivers/gpu/drm/amd/amdgpu/amdgpu_ctx.c
CONFLICT (content): Merge conflict in drivers/gpu/drm/amd/amdgpu/amdgpu_ctx.c
Auto-merging drivers/gpu/drm/amd/amdgpu/amdgpu_dev_coredump.c
Auto-merging drivers/gpu/drm/amd/amdgpu/amdgpu_device.c
CONFLICT (content): Merge conflict in drivers/gpu/drm/amd/amdgpu/amdgpu_device.c
Auto-merging drivers/gpu/drm/amd/amdgpu/amdgpu_discovery.c
Auto-merging drivers/gpu/drm/amd/amdgpu/amdgpu_drv.c
Auto-merging drivers/gpu/drm/amd/amdgpu/amdgpu_gfx.c
Auto-merging drivers/gpu/drm/amd/amdgpu/amdgpu_gmc.c
Auto-merging drivers/gpu/drm/amd/amdgpu/amdgpu_mes.h
Auto-merging drivers/gpu/drm/amd/amdgpu/amdgpu_ttm.c
Auto-merging drivers/gpu/drm/amd/amdgpu/amdgpu_ttm.h
Auto-merging drivers/gpu/drm/amd/amdgpu/amdgpu_userq.c
Auto-merging drivers/gpu/drm/amd/amdgpu/gfx_v10_0.c
Auto-merging drivers/gpu/drm/amd/amdgpu/gfx_v11_0.c
Auto-merging drivers/gpu/drm/amd/amdgpu/gfx_v12_0.c
Auto-merging drivers/gpu/drm/amd/amdgpu/gfx_v12_1.c
Auto-merging drivers/gpu/drm/amd/amdgpu/gfx_v8_0.c
Auto-merging drivers/gpu/drm/amd/amdgpu/gfx_v9_0.c
Auto-merging drivers/gpu/drm/amd/amdgpu/gfx_v9_4_3.c
Auto-merging drivers/gpu/drm/amd/amdgpu/jpeg_v4_0_3.c
Auto-merging drivers/gpu/drm/amd/amdgpu/jpeg_v5_0_1.c
Auto-merging drivers/gpu/drm/amd/amdgpu/mes_v11_0.c
Auto-merging drivers/gpu/drm/amd/amdgpu/mes_v12_0.c
Auto-merging drivers/gpu/drm/amd/amdgpu/mes_v12_1.c
Auto-merging drivers/gpu/drm/amd/amdgpu/sdma_v4_4_2.c
Auto-merging drivers/gpu/drm/amd/amdgpu/sdma_v6_0.c
Auto-merging drivers/gpu/drm/amd/amdgpu/sdma_v7_0.c
Auto-merging drivers/gpu/drm/amd/amdgpu/sdma_v7_1.c
Auto-merging drivers/gpu/drm/amd/amdgpu/soc21.c
Auto-merging drivers/gpu/drm/amd/amdgpu/soc24.c
Auto-merging drivers/gpu/drm/amd/amdgpu/vcn_v4_0.c
Auto-merging drivers/gpu/drm/amd/amdkfd/kfd_chardev.c
Auto-merging drivers/gpu/drm/amd/amdkfd/kfd_device.c
Auto-merging drivers/gpu/drm/amd/amdkfd/kfd_mqd_manager.h
Auto-merging drivers/gpu/drm/amd/amdkfd/kfd_mqd_manager_v9.c
Auto-merging drivers/gpu/drm/amd/amdkfd/kfd_process.c
Auto-merging drivers/gpu/drm/amd/amdkfd/kfd_process_queue_manager.c
Auto-merging drivers/gpu/drm/amd/amdkfd/kfd_smi_events.c
CONFLICT (content): Merge conflict in drivers/gpu/drm/amd/amdkfd/kfd_smi_events.c
Auto-merging drivers/gpu/drm/amd/amdkfd/kfd_svm.c
Auto-merging drivers/gpu/drm/amd/display/amdgpu_dm/amdgpu_dm.c
CONFLICT (content): Merge conflict in drivers/gpu/drm/amd/display/amdgpu_dm/amdgpu_dm.c
Auto-merging drivers/gpu/drm/amd/display/amdgpu_dm/amdgpu_dm_helpers.c
Auto-merging drivers/gpu/drm/amd/display/amdgpu_dm/amdgpu_dm_plane.c
Auto-merging drivers/gpu/drm/amd/display/dc/core/dc.c
Auto-merging drivers/gpu/drm/amd/display/dc/dccg/dcn42/dcn42_dccg.h
Auto-merging drivers/gpu/drm/amd/display/dc/link/link_detection.c
Auto-merging drivers/gpu/drm/amd/include/mes_v11_api_def.h
Auto-merging drivers/gpu/drm/amd/pm/amdgpu_pm.c
Auto-merging drivers/gpu/drm/amd/pm/swsmu/smu13/smu_v13_0_0_ppt.c
Auto-merging drivers/gpu/drm/amd/pm/swsmu/smu13/smu_v13_0_7_ppt.c
Auto-merging drivers/gpu/drm/drm_connector.c
Auto-merging drivers/gpu/drm/drm_displayid_internal.h
Auto-merging drivers/gpu/drm/drm_edid.c
Auto-merging include/drm/drm_connector.h
Resolved 'drivers/gpu/drm/amd/amdgpu/amdgpu_ctx.c' using previous resolution.
Resolved 'drivers/gpu/drm/amd/amdgpu/amdgpu_device.c' using previous resolution.
Resolved 'drivers/gpu/drm/amd/amdkfd/kfd_smi_events.c' using previous resolution.
Resolved 'drivers/gpu/drm/amd/display/amdgpu_dm/amdgpu_dm.c' using previous resolution.
Automatic merge failed; fix conflicts and then commit the result.
$ git commit --no-edit -v -a
[master 38de4fb7f9a1b] Merge branch 'drm-next' of https://gitlab.freedesktop.org/agd5f/linux.git
$ git diff -M --stat --summary HEAD^..
 drivers/gpu/drm/amd/amdgpu/Makefile                |    2 +-
 drivers/gpu/drm/amd/amdgpu/amdgpu.h                |   52 +-
 drivers/gpu/drm/amd/amdgpu/amdgpu_aca.c            |  985 ---
 drivers/gpu/drm/amd/amdgpu/amdgpu_aca.h            |  232 -
 drivers/gpu/drm/amd/amdgpu/amdgpu_acpi.c           |   68 +-
 drivers/gpu/drm/amd/amdgpu/amdgpu_amdkfd.c         |   14 +
 drivers/gpu/drm/amd/amdgpu/amdgpu_amdkfd.h         |   28 +-
 .../gpu/drm/amd/amdgpu/amdgpu_amdkfd_gc_9_4_3.c    |   63 +-
 drivers/gpu/drm/amd/amdgpu/amdgpu_amdkfd_gpuvm.c   |   20 +-
 drivers/gpu/drm/amd/amdgpu/amdgpu_atombios.c       |    2 +-
 drivers/gpu/drm/amd/amdgpu/amdgpu_atpx_handler.c   |   33 +-
 drivers/gpu/drm/amd/amdgpu/amdgpu_bios.c           |   10 +-
 drivers/gpu/drm/amd/amdgpu/amdgpu_bo_list.c        |  184 +-
 drivers/gpu/drm/amd/amdgpu/amdgpu_bo_list.h        |   22 +-
 drivers/gpu/drm/amd/amdgpu/amdgpu_cper.c           |  116 +-
 drivers/gpu/drm/amd/amdgpu/amdgpu_cper.h           |    8 -
 drivers/gpu/drm/amd/amdgpu/amdgpu_cs.c             |   67 +-
 drivers/gpu/drm/amd/amdgpu/amdgpu_ctx.c            |  215 +-
 drivers/gpu/drm/amd/amdgpu/amdgpu_ctx.h            |   14 +-
 drivers/gpu/drm/amd/amdgpu/amdgpu_debugfs.c        |    7 +
 drivers/gpu/drm/amd/amdgpu/amdgpu_dev_coredump.c   |    1 +
 drivers/gpu/drm/amd/amdgpu/amdgpu_device.c         |  188 +-
 drivers/gpu/drm/amd/amdgpu/amdgpu_discovery.c      |  312 +-
 drivers/gpu/drm/amd/amdgpu/amdgpu_discovery.h      |    6 +
 drivers/gpu/drm/amd/amdgpu/amdgpu_drv.c            |   27 +-
 drivers/gpu/drm/amd/amdgpu/amdgpu_fence.c          |   53 +-
 drivers/gpu/drm/amd/amdgpu/amdgpu_gfx.c            |  284 +-
 drivers/gpu/drm/amd/amdgpu/amdgpu_gfx.h            |   24 +-
 drivers/gpu/drm/amd/amdgpu/amdgpu_gmc.c            |    9 +-
 drivers/gpu/drm/amd/amdgpu/amdgpu_gmc.h            |    1 -
 drivers/gpu/drm/amd/amdgpu/amdgpu_ip.c             |  151 +-
 drivers/gpu/drm/amd/amdgpu/amdgpu_ip.h             |    8 +-
 drivers/gpu/drm/amd/amdgpu/amdgpu_job.c            |   13 +-
 drivers/gpu/drm/amd/amdgpu/amdgpu_jpeg.c           |    9 +-
 drivers/gpu/drm/amd/amdgpu/amdgpu_jpeg.h           |    3 +
 drivers/gpu/drm/amd/amdgpu/amdgpu_kms.c            |   38 +-
 drivers/gpu/drm/amd/amdgpu/amdgpu_mca.c            |  486 --
 drivers/gpu/drm/amd/amdgpu/amdgpu_mca.h            |  107 -
 drivers/gpu/drm/amd/amdgpu/amdgpu_mes.c            |   70 +-
 drivers/gpu/drm/amd/amdgpu/amdgpu_mes.h            |   15 +
 drivers/gpu/drm/amd/amdgpu/amdgpu_mmhub.h          |   23 -
 drivers/gpu/drm/amd/amdgpu/amdgpu_object.h         |   40 -
 drivers/gpu/drm/amd/amdgpu/amdgpu_preempt_mgr.c    |   14 +-
 drivers/gpu/drm/amd/amdgpu/amdgpu_psp_ta.c         |    5 +-
 drivers/gpu/drm/amd/amdgpu/amdgpu_ras.c            |  860 +--
 drivers/gpu/drm/amd/amdgpu/amdgpu_ras.h            |   40 +-
 drivers/gpu/drm/amd/amdgpu/amdgpu_ras_eeprom.c     |  368 +-
 drivers/gpu/drm/amd/amdgpu/amdgpu_ras_eeprom.h     |    3 -
 drivers/gpu/drm/amd/amdgpu/amdgpu_ring.c           |  188 +
 drivers/gpu/drm/amd/amdgpu/amdgpu_ring.h           |    8 +
 drivers/gpu/drm/amd/amdgpu/amdgpu_rlc.c            |   39 +
 drivers/gpu/drm/amd/amdgpu/amdgpu_rlc.h            |   10 +
 drivers/gpu/drm/amd/amdgpu/amdgpu_sa.h             |   77 +
 drivers/gpu/drm/amd/amdgpu/amdgpu_sched.c          |    8 +-
 drivers/gpu/drm/amd/amdgpu/amdgpu_sdma.c           |   19 +-
 drivers/gpu/drm/amd/amdgpu/amdgpu_sdma.h           |   28 -
 drivers/gpu/drm/amd/amdgpu/amdgpu_trace.h          |  150 +
 drivers/gpu/drm/amd/amdgpu/amdgpu_ttm.c            |    2 +-
 drivers/gpu/drm/amd/amdgpu/amdgpu_ttm.h            |    1 +
 drivers/gpu/drm/amd/amdgpu/amdgpu_umc.c            |  263 +-
 drivers/gpu/drm/amd/amdgpu/amdgpu_umc.h            |   26 -
 drivers/gpu/drm/amd/amdgpu/amdgpu_userq.c          |  165 +-
 drivers/gpu/drm/amd/amdgpu/amdgpu_userq.h          |   16 +-
 drivers/gpu/drm/amd/amdgpu/amdgpu_userq_fence.c    |   10 +-
 drivers/gpu/drm/amd/amdgpu/amdgpu_vcn.c            |   76 +-
 drivers/gpu/drm/amd/amdgpu/amdgpu_vcn.h            |    3 +
 drivers/gpu/drm/amd/amdgpu/amdgpu_xcp.c            |   42 +-
 drivers/gpu/drm/amd/amdgpu/amdgpu_xgmi.c           |  299 +-
 drivers/gpu/drm/amd/amdgpu/aqua_vanjaram.c         |   61 +-
 drivers/gpu/drm/amd/amdgpu/atom.c                  |   66 +-
 drivers/gpu/drm/amd/amdgpu/atom.h                  |    3 +-
 drivers/gpu/drm/amd/amdgpu/cik.c                   |    7 -
 drivers/gpu/drm/amd/amdgpu/dce_v10_0.c             |   66 -
 drivers/gpu/drm/amd/amdgpu/dce_v6_0.c              |   57 -
 drivers/gpu/drm/amd/amdgpu/dce_v8_0.c              |   57 -
 drivers/gpu/drm/amd/amdgpu/gfx_v10_0.c             |    2 +
 drivers/gpu/drm/amd/amdgpu/gfx_v11_0.c             |  334 +-
 drivers/gpu/drm/amd/amdgpu/gfx_v12_0.c             |  251 +-
 drivers/gpu/drm/amd/amdgpu/gfx_v12_1.c             |    4 +
 drivers/gpu/drm/amd/amdgpu/gfx_v8_0.c              |  232 +-
 drivers/gpu/drm/amd/amdgpu/gfx_v9_0.c              |    2 +
 drivers/gpu/drm/amd/amdgpu/gfx_v9_4_3.c            | 1093 +--
 drivers/gpu/drm/amd/amdgpu/gmc_v8_0.c              |  125 -
 drivers/gpu/drm/amd/amdgpu/gmc_v9_0.c              |   19 +-
 drivers/gpu/drm/amd/amdgpu/jpeg_v4_0_3.c           |   88 +-
 drivers/gpu/drm/amd/amdgpu/jpeg_v5_0_1.c           |   92 +-
 drivers/gpu/drm/amd/amdgpu/jpeg_v5_0_2.c           |    3 -
 drivers/gpu/drm/amd/amdgpu/mes_userqueue.c         |  147 +-
 drivers/gpu/drm/amd/amdgpu/mes_userqueue.h         |    9 +
 drivers/gpu/drm/amd/amdgpu/mes_v11_0.c             |  240 +-
 drivers/gpu/drm/amd/amdgpu/mes_v12_0.c             |  267 +-
 drivers/gpu/drm/amd/amdgpu/mes_v12_1.c             |   25 +-
 drivers/gpu/drm/amd/amdgpu/mmhub_v1_8.c            |  231 +-
 drivers/gpu/drm/amd/amdgpu/nv.c                    |    6 -
 drivers/gpu/drm/amd/amdgpu/sdma_v3_0.c             |   62 -
 drivers/gpu/drm/amd/amdgpu/sdma_v4_4_2.c           |  196 +-
 drivers/gpu/drm/amd/amdgpu/sdma_v6_0.c             |   18 -
 drivers/gpu/drm/amd/amdgpu/sdma_v7_0.c             |   18 -
 drivers/gpu/drm/amd/amdgpu/sdma_v7_1.c             |   18 -
 drivers/gpu/drm/amd/amdgpu/si.c                    |    7 -
 drivers/gpu/drm/amd/amdgpu/soc15.c                 |    9 -
 drivers/gpu/drm/amd/amdgpu/soc15_common.h          |   61 +-
 drivers/gpu/drm/amd/amdgpu/soc21.c                 |   12 -
 drivers/gpu/drm/amd/amdgpu/soc24.c                 |   11 -
 drivers/gpu/drm/amd/amdgpu/soc_v1_0.c              |   14 +-
 drivers/gpu/drm/amd/amdgpu/tonga_ih.c              |   40 -
 drivers/gpu/drm/amd/amdgpu/umc_v12_0.c             |  585 +-
 drivers/gpu/drm/amd/amdgpu/umc_v12_0.h             |   28 -
 drivers/gpu/drm/amd/amdgpu/uvd_v6_0.c              |   45 -
 drivers/gpu/drm/amd/amdgpu/vce_v3_0.c              |   69 -
 drivers/gpu/drm/amd/amdgpu/vcn_v2_5.c              |   12 +-
 drivers/gpu/drm/amd/amdgpu/vcn_v4_0.c              |   45 +-
 drivers/gpu/drm/amd/amdgpu/vcn_v4_0_3.c            |   87 +-
 drivers/gpu/drm/amd/amdgpu/vcn_v4_0_5.c            |    6 +-
 drivers/gpu/drm/amd/amdgpu/vcn_v5_0_1.c            |   90 +-
 drivers/gpu/drm/amd/amdgpu/vcn_v5_0_2.c            |    3 -
 drivers/gpu/drm/amd/amdgpu/vi.c                    |   22 -
 drivers/gpu/drm/amd/amdkfd/kfd_chardev.c           |   12 +-
 drivers/gpu/drm/amd/amdkfd/kfd_device.c            |   24 +
 .../gpu/drm/amd/amdkfd/kfd_device_queue_manager.c  |  223 +-
 .../gpu/drm/amd/amdkfd/kfd_device_queue_manager.h  |    2 +
 drivers/gpu/drm/amd/amdkfd/kfd_events.c            |  224 +-
 drivers/gpu/drm/amd/amdkfd/kfd_events.h            |    4 -
 drivers/gpu/drm/amd/amdkfd/kfd_mqd_manager.c       |   16 +
 drivers/gpu/drm/amd/amdkfd/kfd_mqd_manager.h       |    2 +
 drivers/gpu/drm/amd/amdkfd/kfd_mqd_manager_v9.c    |   14 -
 drivers/gpu/drm/amd/amdkfd/kfd_priv.h              |   25 +-
 drivers/gpu/drm/amd/amdkfd/kfd_process.c           |   76 +-
 .../gpu/drm/amd/amdkfd/kfd_process_queue_manager.c |    8 +-
 drivers/gpu/drm/amd/amdkfd/kfd_smi_events.c        |    4 +-
 drivers/gpu/drm/amd/amdkfd/kfd_svm.c               |    8 +-
 drivers/gpu/drm/amd/amdkfd/kfd_topology.c          |   11 +-
 drivers/gpu/drm/amd/amdxcp/amdgpu_xcp_drv.c        |   18 +-
 drivers/gpu/drm/amd/display/amdgpu_dm/Makefile     |    6 +-
 drivers/gpu/drm/amd/display/amdgpu_dm/amdgpu_dm.c  | 7222 +-------------------
 drivers/gpu/drm/amd/display/amdgpu_dm/amdgpu_dm.h  |   79 +-
 .../drm/amd/display/amdgpu_dm/amdgpu_dm_audio.c    |  323 +
 .../amdgpu_dm_audio.h}                             |   47 +-
 .../amd/display/amdgpu_dm/amdgpu_dm_backlight.c    |  726 ++
 .../amd/display/amdgpu_dm/amdgpu_dm_backlight.h    |   75 +
 .../drm/amd/display/amdgpu_dm/amdgpu_dm_color.c    |  183 +-
 .../drm/amd/display/amdgpu_dm/amdgpu_dm_color.h    |    8 +-
 .../drm/amd/display/amdgpu_dm/amdgpu_dm_colorop.c  |    1 +
 .../amd/display/amdgpu_dm/amdgpu_dm_connector.c    | 3601 ++++++++++
 .../amd/display/amdgpu_dm/amdgpu_dm_connector.h    |  162 +
 .../gpu/drm/amd/display/amdgpu_dm/amdgpu_dm_crc.c  |  102 +-
 .../gpu/drm/amd/display/amdgpu_dm/amdgpu_dm_crc.h  |    6 +
 .../gpu/drm/amd/display/amdgpu_dm/amdgpu_dm_crtc.c |   22 +-
 .../gpu/drm/amd/display/amdgpu_dm/amdgpu_dm_crtc.h |    6 +
 .../drm/amd/display/amdgpu_dm/amdgpu_dm_debugfs.c  |   78 +-
 .../gpu/drm/amd/display/amdgpu_dm/amdgpu_dm_dmub.c |  943 +++
 .../gpu/drm/amd/display/amdgpu_dm/amdgpu_dm_dmub.h |   68 +
 .../gpu/drm/amd/display/amdgpu_dm/amdgpu_dm_hdcp.c |  115 +-
 .../gpu/drm/amd/display/amdgpu_dm/amdgpu_dm_hdcp.h |   12 +
 .../drm/amd/display/amdgpu_dm/amdgpu_dm_helpers.c  |   66 +-
 .../drm/amd/display/amdgpu_dm/amdgpu_dm_helpers.h  |   20 +
 .../gpu/drm/amd/display/amdgpu_dm/amdgpu_dm_irq.c  | 1548 ++++-
 .../gpu/drm/amd/display/amdgpu_dm/amdgpu_dm_irq.h  |   27 +
 .../display/amdgpu_dm/amdgpu_dm_kunit_helpers.h    |    1 +
 .../amd/display/amdgpu_dm/amdgpu_dm_mst_types.c    |  189 +-
 .../amd/display/amdgpu_dm/amdgpu_dm_mst_types.h    |   25 +
 .../drm/amd/display/amdgpu_dm/amdgpu_dm_plane.c    |  133 +-
 .../drm/amd/display/amdgpu_dm/amdgpu_dm_plane.h    |   51 +
 .../drm/amd/display/amdgpu_dm/amdgpu_dm_pp_smu.c   |  327 +-
 .../drm/amd/display/amdgpu_dm/amdgpu_dm_pp_smu.h   |   61 +
 .../gpu/drm/amd/display/amdgpu_dm/amdgpu_dm_psr.c  |   51 +-
 .../gpu/drm/amd/display/amdgpu_dm/amdgpu_dm_psr.h  |    5 +
 .../drm/amd/display/amdgpu_dm/amdgpu_dm_quirks.c   |    2 +
 .../drm/amd/display/amdgpu_dm/amdgpu_dm_replay.c   |   10 +-
 .../drm/amd/display/amdgpu_dm/amdgpu_dm_services.c |    7 +
 .../gpu/drm/amd/display/amdgpu_dm/amdgpu_dm_wb.c   |   16 +-
 .../gpu/drm/amd/display/amdgpu_dm/amdgpu_dm_wb.h   |   13 +
 .../drm/amd/display/amdgpu_dm/tests/.kunitconfig   |    6 +
 .../gpu/drm/amd/display/amdgpu_dm/tests/Makefile   |   18 +
 .../display/amdgpu_dm/tests/amdgpu_dm_audio_test.c |  490 ++
 .../amdgpu_dm/tests/amdgpu_dm_backlight_test.c     | 1242 ++++
 .../display/amdgpu_dm/tests/amdgpu_dm_color_test.c |   64 +-
 .../amdgpu_dm/tests/amdgpu_dm_colorop_test.c       |  140 +-
 .../amdgpu_dm/tests/amdgpu_dm_connector_test.c     | 2158 ++++++
 .../display/amdgpu_dm/tests/amdgpu_dm_crc_test.c   |  122 +
 .../display/amdgpu_dm/tests/amdgpu_dm_crtc_test.c  |  523 ++
 .../display/amdgpu_dm/tests/amdgpu_dm_dmub_test.c  |  582 ++
 .../display/amdgpu_dm/tests/amdgpu_dm_hdcp_test.c  |  297 +-
 .../amdgpu_dm/tests/amdgpu_dm_helpers_test.c       |  634 ++
 .../display/amdgpu_dm/tests/amdgpu_dm_irq_test.c   |  909 +++
 .../display/amdgpu_dm/tests/amdgpu_dm_ism_test.c   |   39 +-
 .../amdgpu_dm/tests/amdgpu_dm_kunit_helpers.c      |  142 +
 .../amdgpu_dm/tests/amdgpu_dm_kunit_test_helpers.h |   32 +
 .../amdgpu_dm/tests/amdgpu_dm_mst_types_test.c     | 1092 +++
 .../display/amdgpu_dm/tests/amdgpu_dm_plane_test.c | 1228 ++++
 .../amdgpu_dm/tests/amdgpu_dm_pp_smu_test.c        | 2454 +++++++
 .../display/amdgpu_dm/tests/amdgpu_dm_psr_test.c   |  518 +-
 .../amdgpu_dm/tests/amdgpu_dm_quirks_test.c        |  103 +
 .../amdgpu_dm/tests/amdgpu_dm_replay_test.c        |  432 +-
 .../amdgpu_dm/tests/amdgpu_dm_services_test.c      |  313 +
 .../amd/display/amdgpu_dm/tests/amdgpu_dm_test.c   |  949 +++
 .../display/amdgpu_dm/tests/amdgpu_dm_wb_test.c    |  392 ++
 .../amd/display/dc/clk_mgr/dcn401/dcn401_clk_mgr.c |   57 +-
 .../amd/display/dc/clk_mgr/dcn401/dcn401_clk_mgr.h |    9 +
 drivers/gpu/drm/amd/display/dc/core/dc.c           |  293 +-
 .../gpu/drm/amd/display/dc/core/dc_hw_sequencer.c  |  174 +-
 drivers/gpu/drm/amd/display/dc/core/dc_resource.c  |   11 +-
 drivers/gpu/drm/amd/display/dc/core/dc_surface.c   |   44 +-
 drivers/gpu/drm/amd/display/dc/dc.h                |  238 +-
 drivers/gpu/drm/amd/display/dc/dc_dmub_srv.c       |   41 +-
 drivers/gpu/drm/amd/display/dc/dc_dmub_srv.h       |   43 +-
 drivers/gpu/drm/amd/display/dc/dc_dp_types.h       |    1 +
 drivers/gpu/drm/amd/display/dc/dc_helper.c         |  226 -
 drivers/gpu/drm/amd/display/dc/dc_stream.h         |   29 +
 drivers/gpu/drm/amd/display/dc/dc_types.h          |   67 +-
 .../gpu/drm/amd/display/dc/dccg/dcn42/dcn42_dccg.c |   59 +-
 .../gpu/drm/amd/display/dc/dccg/dcn42/dcn42_dccg.h |    1 +
 drivers/gpu/drm/amd/display/dc/dce/dce_aux.c       |    9 +-
 .../drm/amd/display/dc/dce110/dce110_compressor.c  |    2 -
 .../drm/amd/display/dc/dce110/dce110_mem_input_v.c |    2 -
 .../drm/amd/display/dc/dce112/dce112_compressor.c  |    8 +-
 .../gpu/drm/amd/display/dc/dcn30/dcn30_cm_common.c |  184 +
 .../display/dc/dio/dcn31/dcn31_dio_link_encoder.c  |    4 +
 .../display/dc/dio/dcn31/dcn31_dio_link_encoder.h  |    2 +
 drivers/gpu/drm/amd/display/dc/dm_services.h       |    4 -
 .../gpu/drm/amd/display/dc/dml/calcs/dcn_calcs.c   |    2 +-
 .../amd/display/dc/dml/dcn31/display_mode_vba_31.c |    2 +-
 .../display/dc/dml/dcn314/display_mode_vba_314.c   |    2 +-
 .../display/dc/dml2_0/dml21/dml21_wrapper_fpu.c    |    8 +-
 .../dml21/inc/bounding_boxes/dcn42b_soc_bb.h       |   40 +-
 .../dml2_0/dml21/inc/dml_top_soc_parameter_types.h |   13 +
 .../dml21/src/dml2_core/dml2_core_dcn4_calcs.c     |   41 +-
 .../dml2_0/dml21/src/dml2_core/dml2_core_factory.c |    2 -
 .../dml21/src/dml2_core/dml2_core_shared_types.h   |    2 -
 .../dml21/src/inc/dml2_internal_shared_types.h     |    1 -
 .../drm/amd/display/dc/dpp/dcn10/dcn10_dpp_cm.c    |    5 -
 .../drm/amd/display/dc/dwb/dcn30/dcn30_cm_common.h |    4 +
 .../amd/display/dc/gpio/dce80/hw_translate_dce80.c |    5 +-
 .../amd/display/dc/gpio/dcn10/hw_translate_dcn10.c |  484 +-
 .../amd/display/dc/gpio/dcn20/hw_translate_dcn20.c |  434 +-
 .../amd/display/dc/gpio/dcn21/hw_translate_dcn21.c |  419 +-
 .../amd/display/dc/gpio/dcn30/hw_translate_dcn30.c |  434 +-
 .../display/dc/gpio/dcn315/hw_translate_dcn315.c   |  420 +-
 .../amd/display/dc/gpio/dcn32/hw_translate_dcn32.c |  386 +-
 .../display/dc/gpio/dcn401/hw_translate_dcn401.c   |  394 +-
 .../amd/display/dc/gpio/dcn42/hw_translate_dcn42.c |  191 +-
 drivers/gpu/drm/amd/display/dc/gpio/hw_translate.c |   86 +
 drivers/gpu/drm/amd/display/dc/gpio/hw_translate.h |   21 +
 .../drm/amd/display/dc/hubbub/dcn31/dcn31_hubbub.c |    8 +-
 .../drm/amd/display/dc/hubbub/dcn35/dcn35_hubbub.c |    2 +-
 .../drm/amd/display/dc/hubp/dcn401/dcn401_hubp.c   |    2 +-
 .../gpu/drm/amd/display/dc/hubp/dcn42/dcn42_hubp.c |    6 +
 .../drm/amd/display/dc/hwss/dce110/dce110_hwseq.c  |    8 +-
 .../drm/amd/display/dc/hwss/dce60/dce60_hwseq.c    |    8 +-
 .../drm/amd/display/dc/hwss/dcn10/dcn10_hwseq.c    |   62 +-
 .../drm/amd/display/dc/hwss/dcn20/dcn20_hwseq.c    |   76 +-
 .../drm/amd/display/dc/hwss/dcn201/dcn201_hwseq.c  |    2 +-
 .../drm/amd/display/dc/hwss/dcn30/dcn30_hwseq.c    |   10 +-
 .../drm/amd/display/dc/hwss/dcn32/dcn32_hwseq.c    |   36 +-
 .../drm/amd/display/dc/hwss/dcn35/dcn35_hwseq.c    |    3 -
 .../drm/amd/display/dc/hwss/dcn401/dcn401_hwseq.c  |  341 +-
 .../drm/amd/display/dc/hwss/dcn401/dcn401_hwseq.h  |   12 +-
 .../drm/amd/display/dc/hwss/dcn401/dcn401_init.c   |    2 +
 .../drm/amd/display/dc/hwss/dcn42/dcn42_hwseq.c    |  327 +-
 .../drm/amd/display/dc/hwss/dcn42/dcn42_hwseq.h    |    5 +-
 drivers/gpu/drm/amd/display/dc/hwss/hw_sequencer.h |   82 +
 .../drm/amd/display/dc/hwss/hw_sequencer_private.h |    3 +-
 drivers/gpu/drm/amd/display/dc/inc/hw/clk_mgr.h    |   12 +
 drivers/gpu/drm/amd/display/dc/inc/hw/dccg.h       |    1 +
 drivers/gpu/drm/amd/display/dc/inc/hw/hubp.h       |    2 +-
 drivers/gpu/drm/amd/display/dc/inc/link_service.h  |    1 +
 drivers/gpu/drm/amd/display/dc/inc/reg_helper.h    |   19 -
 .../drm/amd/display/dc/inc/soc_and_ip_translator.h |   14 -
 .../gpu/drm/amd/display/dc/link/link_detection.c   |    2 +-
 drivers/gpu/drm/amd/display/dc/link/link_factory.c |    7 +-
 .../drm/amd/display/dc/link/protocols/link_ddc.c   |   20 +-
 .../drm/amd/display/dc/link/protocols/link_ddc.h   |    2 +
 .../display/dc/link/protocols/link_dp_capability.c |   14 +-
 .../dc/link/protocols/link_dp_panel_replay.c       |    3 +-
 .../dc/link/protocols/link_edp_panel_control.c     |    8 +-
 .../gpu/drm/amd/display/dc/mpc/dcn20/dcn20_mpc.c   |    4 -
 .../gpu/drm/amd/display/dc/opp/dcn20/dcn20_opp.c   |   51 +-
 .../gpu/drm/amd/display/dc/optc/dcn10/dcn10_optc.c |    5 -
 .../gpu/drm/amd/display/dc/optc/dcn20/dcn20_optc.c |    5 -
 .../gpu/drm/amd/display/dc/optc/dcn31/dcn31_optc.c |    5 -
 .../drm/amd/display/dc/optc/dcn314/dcn314_optc.c   |    5 -
 .../gpu/drm/amd/display/dc/optc/dcn32/dcn32_optc.c |    5 -
 .../gpu/drm/amd/display/dc/optc/dcn35/dcn35_optc.c |    5 -
 .../drm/amd/display/dc/optc/dcn401/dcn401_optc.c   |    5 -
 .../drm/amd/display/dc/pg/dcn42/dcn42_pg_cntl.c    |  258 +-
 .../drm/amd/display/dc/pg/dcn42/dcn42_pg_cntl.h    |   22 +-
 .../amd/display/dc/resource/dcn30/dcn30_resource.c |    1 -
 .../display/dc/resource/dcn302/dcn302_resource.c   |    1 -
 .../display/dc/resource/dcn303/dcn303_resource.c   |    1 -
 .../amd/display/dc/resource/dcn31/dcn31_resource.c |    5 +-
 .../display/dc/resource/dcn314/dcn314_resource.c   |    4 +-
 .../display/dc/resource/dcn315/dcn315_resource.c   |    5 +-
 .../display/dc/resource/dcn316/dcn316_resource.c   |    5 +-
 .../amd/display/dc/resource/dcn32/dcn32_resource.c |    1 -
 .../display/dc/resource/dcn321/dcn321_resource.c   |    1 -
 .../amd/display/dc/resource/dcn35/dcn35_resource.c |    6 +-
 .../display/dc/resource/dcn351/dcn351_resource.c   |    6 +-
 .../amd/display/dc/resource/dcn36/dcn36_resource.c |    6 +-
 .../amd/display/dc/resource/dcn42/dcn42_resource.c |    5 +-
 .../display/dc/resource/dcn42b/dcn42b_resource.c   |    6 +-
 .../amd/display/dc/soc_and_ip_translator/Makefile  |    3 +
 .../dcn42/dcn42_soc_and_ip_translator.c            |   18 +-
 .../dcn42/dcn42_soc_and_ip_translator.h            |    1 +
 .../dcn42b/dcn42b_soc_and_ip_translator.c          |   42 +
 .../dcn42b/dcn42b_soc_and_ip_translator.h          |   17 +
 .../soc_and_ip_translator/soc_and_ip_translator.c  |    5 +-
 drivers/gpu/drm/amd/display/dc/sspl/spl_debug.h    |    4 +-
 drivers/gpu/drm/amd/display/dmub/inc/dmub_cmd.h    |  289 +-
 .../drm/amd/display/include/ddc_service_types.h    |    1 +
 drivers/gpu/drm/amd/display/include/gpio_types.h   |   48 +
 drivers/gpu/drm/amd/display/modules/power/Makefile |    2 +-
 drivers/gpu/drm/amd/display/modules/power/power.c  |   12 +-
 .../gpu/drm/amd/display/modules/power/power_abm.c  |   14 +-
 .../drm/amd/display/modules/power/power_replay.c   |    9 +-
 drivers/gpu/drm/amd/include/amd_shared.h           |    3 -
 .../amd/include/asic_reg/sdma/sdma_4_4_2_offset.h  |    4 +
 drivers/gpu/drm/amd/include/kgd_kfd_interface.h    |    3 +
 drivers/gpu/drm/amd/include/mes_v11_api_def.h      |    5 +-
 drivers/gpu/drm/amd/include/mes_v12_api_def.h      |    5 +-
 drivers/gpu/drm/amd/include/soc15_hw_ip.h          |    1 +
 drivers/gpu/drm/amd/include/v9_structs.h           |    4 +-
 drivers/gpu/drm/amd/pm/amdgpu_pm.c                 |  116 +-
 drivers/gpu/drm/amd/pm/powerplay/amd_powerplay.c   |   21 +-
 .../gpu/drm/amd/pm/powerplay/hwmgr/ppatomctrl.c    |   38 +-
 .../gpu/drm/amd/pm/powerplay/hwmgr/ppatomfwctrl.c  |   11 +-
 .../amd/pm/powerplay/hwmgr/process_pptables_v1_0.c |  753 +-
 .../drm/amd/pm/powerplay/hwmgr/processpptables.c   |  450 +-
 .../gpu/drm/amd/pm/powerplay/hwmgr/smu7_hwmgr.c    |   60 +-
 .../gpu/drm/amd/pm/powerplay/hwmgr/vega10_hwmgr.c  |   83 +-
 .../pm/powerplay/hwmgr/vega10_processpptables.c    |  761 ++-
 .../pm/powerplay/hwmgr/vega12_processpptables.c    |    7 +
 .../pm/powerplay/hwmgr/vega20_processpptables.c    |    7 +
 drivers/gpu/drm/amd/pm/powerplay/inc/hwmgr.h       |   17 +
 drivers/gpu/drm/amd/pm/swsmu/amdgpu_smu.c          |   34 +-
 drivers/gpu/drm/amd/pm/swsmu/inc/amdgpu_smu.h      |   37 +-
 drivers/gpu/drm/amd/pm/swsmu/inc/smu_v11_0.h       |    2 -
 drivers/gpu/drm/amd/pm/swsmu/inc/smu_v13_0.h       |    6 -
 drivers/gpu/drm/amd/pm/swsmu/inc/smu_v14_0.h       |    4 -
 drivers/gpu/drm/amd/pm/swsmu/inc/smu_v15_0.h       |    4 -
 drivers/gpu/drm/amd/pm/swsmu/smu11/arcturus_ppt.c  |    8 +-
 drivers/gpu/drm/amd/pm/swsmu/smu11/navi10_ppt.c    |    8 +-
 .../drm/amd/pm/swsmu/smu11/sienna_cichlid_ppt.c    |    8 +-
 drivers/gpu/drm/amd/pm/swsmu/smu11/smu_v11_0.c     |   82 +-
 drivers/gpu/drm/amd/pm/swsmu/smu12/renoir_ppt.c    |    1 -
 drivers/gpu/drm/amd/pm/swsmu/smu13/aldebaran_ppt.c |    1 -
 drivers/gpu/drm/amd/pm/swsmu/smu13/smu_v13_0.c     |   94 +-
 .../gpu/drm/amd/pm/swsmu/smu13/smu_v13_0_0_ppt.c   |    7 +-
 .../gpu/drm/amd/pm/swsmu/smu13/smu_v13_0_12_ppt.c  |    8 +-
 .../gpu/drm/amd/pm/swsmu/smu13/smu_v13_0_6_ppt.c   |  653 --
 .../gpu/drm/amd/pm/swsmu/smu13/smu_v13_0_7_ppt.c   |    7 +-
 drivers/gpu/drm/amd/pm/swsmu/smu14/smu_v14_0.c     |   85 +-
 .../gpu/drm/amd/pm/swsmu/smu14/smu_v14_0_2_ppt.c   |    9 +-
 drivers/gpu/drm/amd/pm/swsmu/smu15/smu_v15_0.c     |   85 +-
 drivers/gpu/drm/amd/pm/swsmu/smu_cmn.c             |  140 +
 drivers/gpu/drm/amd/pm/swsmu/smu_cmn.h             |   13 +
 drivers/gpu/drm/amd/ras/ras_mgr/amdgpu_ras_cmd.c   |    3 -
 .../drm/amd/ras/ras_mgr/amdgpu_ras_eeprom_i2c.c    |    2 +-
 drivers/gpu/drm/amd/ras/ras_mgr/amdgpu_ras_mgr.c   |   76 +-
 drivers/gpu/drm/amd/ras/ras_mgr/amdgpu_ras_mgr.h   |    2 +
 .../gpu/drm/amd/ras/ras_mgr/amdgpu_ras_mp1_v13_0.c |   14 +
 drivers/gpu/drm/amd/ras/ras_mgr/amdgpu_ras_sys.c   |   19 +
 drivers/gpu/drm/amd/ras/ras_mgr/ras_sys.h          |    3 +
 drivers/gpu/drm/amd/ras/rascore/ras.h              |    5 +
 drivers/gpu/drm/amd/ras/rascore/ras_aca_v1_0.c     |   13 +-
 drivers/gpu/drm/amd/ras/rascore/ras_core.c         |   15 +
 drivers/gpu/drm/amd/ras/rascore/ras_eeprom.c       |    3 +
 drivers/gpu/drm/amd/ras/rascore/ras_eeprom_fw.c    |    2 +-
 drivers/gpu/drm/amd/ras/rascore/ras_mp1.c          |   19 +-
 drivers/gpu/drm/amd/ras/rascore/ras_mp1.h          |    3 +
 drivers/gpu/drm/amd/ras/rascore/ras_mp1_v13_0.c    |   13 +
 drivers/gpu/drm/amd/ras/rascore/ras_process.c      |    5 +-
 drivers/gpu/drm/amd/ras/rascore/ras_umc.c          |   32 +-
 drivers/gpu/drm/amd/ras/rascore/ras_umc.h          |    6 +
 drivers/gpu/drm/amd/ras/rascore/ras_umc_v12_0.h    |    2 +
 drivers/gpu/drm/radeon/r600_dpm.c                  |   21 +-
 include/uapi/drm/amdgpu_drm.h                      |   21 +
 376 files changed, 33042 insertions(+), 21336 deletions(-)
 delete mode 100644 drivers/gpu/drm/amd/amdgpu/amdgpu_aca.c
 delete mode 100644 drivers/gpu/drm/amd/amdgpu/amdgpu_aca.h
 create mode 100644 drivers/gpu/drm/amd/amdgpu/amdgpu_sa.h
 create mode 100644 drivers/gpu/drm/amd/display/amdgpu_dm/amdgpu_dm_audio.c
 rename drivers/gpu/drm/amd/display/{modules/power/power_helpers.c => amdgpu_dm/amdgpu_dm_audio.h} (50%)
 create mode 100644 drivers/gpu/drm/amd/display/amdgpu_dm/amdgpu_dm_backlight.c
 create mode 100644 drivers/gpu/drm/amd/display/amdgpu_dm/amdgpu_dm_backlight.h
 create mode 100644 drivers/gpu/drm/amd/display/amdgpu_dm/amdgpu_dm_connector.c
 create mode 100644 drivers/gpu/drm/amd/display/amdgpu_dm/amdgpu_dm_connector.h
 create mode 100644 drivers/gpu/drm/amd/display/amdgpu_dm/amdgpu_dm_dmub.c
 create mode 100644 drivers/gpu/drm/amd/display/amdgpu_dm/amdgpu_dm_dmub.h
 create mode 100644 drivers/gpu/drm/amd/display/amdgpu_dm/amdgpu_dm_helpers.h
 create mode 100644 drivers/gpu/drm/amd/display/amdgpu_dm/amdgpu_dm_pp_smu.h
 create mode 100644 drivers/gpu/drm/amd/display/amdgpu_dm/tests/amdgpu_dm_audio_test.c
 create mode 100644 drivers/gpu/drm/amd/display/amdgpu_dm/tests/amdgpu_dm_backlight_test.c
 create mode 100644 drivers/gpu/drm/amd/display/amdgpu_dm/tests/amdgpu_dm_connector_test.c
 create mode 100644 drivers/gpu/drm/amd/display/amdgpu_dm/tests/amdgpu_dm_crtc_test.c
 create mode 100644 drivers/gpu/drm/amd/display/amdgpu_dm/tests/amdgpu_dm_dmub_test.c
 create mode 100644 drivers/gpu/drm/amd/display/amdgpu_dm/tests/amdgpu_dm_helpers_test.c
 create mode 100644 drivers/gpu/drm/amd/display/amdgpu_dm/tests/amdgpu_dm_irq_test.c
 create mode 100644 drivers/gpu/drm/amd/display/amdgpu_dm/tests/amdgpu_dm_kunit_helpers.c
 create mode 100644 drivers/gpu/drm/amd/display/amdgpu_dm/tests/amdgpu_dm_kunit_test_helpers.h
 create mode 100644 drivers/gpu/drm/amd/display/amdgpu_dm/tests/amdgpu_dm_mst_types_test.c
 create mode 100644 drivers/gpu/drm/amd/display/amdgpu_dm/tests/amdgpu_dm_plane_test.c
 create mode 100644 drivers/gpu/drm/amd/display/amdgpu_dm/tests/amdgpu_dm_pp_smu_test.c
 create mode 100644 drivers/gpu/drm/amd/display/amdgpu_dm/tests/amdgpu_dm_quirks_test.c
 create mode 100644 drivers/gpu/drm/amd/display/amdgpu_dm/tests/amdgpu_dm_services_test.c
 create mode 100644 drivers/gpu/drm/amd/display/amdgpu_dm/tests/amdgpu_dm_test.c
 create mode 100644 drivers/gpu/drm/amd/display/amdgpu_dm/tests/amdgpu_dm_wb_test.c
 create mode 100644 drivers/gpu/drm/amd/display/dc/soc_and_ip_translator/dcn42b/dcn42b_soc_and_ip_translator.c
 create mode 100644 drivers/gpu/drm/amd/display/dc/soc_and_ip_translator/dcn42b/dcn42b_soc_and_ip_translator.h
$ git am -3 ../patches/0001-amdgpu-Fix-up-drm_atomic_commit-rename.patch
Applying: amdgpu: Fix up drm_atomic_commit rename
Using index info to reconstruct a base tree...
M	drivers/gpu/drm/amd/display/amdgpu_dm/amdgpu_dm.c
Falling back to patching base and 3-way merge...
Auto-merging drivers/gpu/drm/amd/display/amdgpu_dm/amdgpu_dm.c
No changes -- Patch already applied.
Merging drm-intel/for-linux-next (cd0121502ce61 drm/i915/psr: Block DC3CO entry during active frame)
$ git merge -m Merge branch 'for-linux-next' of https://gitlab.freedesktop.org/drm/i915/kernel.git drm-intel/for-linux-next
Auto-merging drivers/gpu/drm/i915/display/intel_bios.c
Auto-merging drivers/gpu/drm/i915/display/intel_dp.c
Auto-merging drivers/gpu/drm/i915/display/intel_plane.c
Auto-merging drivers/gpu/drm/i915/display/intel_vrr.c
Auto-merging drivers/gpu/drm/xe/xe_device.c
Merge made by the 'ort' strategy.
 .../gpu/intel-display/dp-link-training.rst         |    8 +
 Documentation/gpu/intel-display/index.rst          |    1 +
 drivers/gpu/drm/drm_modes.c                        |   23 +
 drivers/gpu/drm/i915/Makefile                      |    5 +-
 drivers/gpu/drm/i915/display/g4x_dp.c              |   15 +-
 drivers/gpu/drm/i915/display/g4x_hdmi.c            |    4 +-
 drivers/gpu/drm/i915/display/icl_dsi.c             |    5 +-
 drivers/gpu/drm/i915/display/intel_alpm.c          |   15 +-
 drivers/gpu/drm/i915/display/intel_bios.c          |   62 +-
 drivers/gpu/drm/i915/display/intel_bw.c            |  168 ++-
 drivers/gpu/drm/i915/display/intel_cdclk.c         |   54 +-
 drivers/gpu/drm/i915/display/intel_cmtg.c          |  280 ++++-
 drivers/gpu/drm/i915/display/intel_cmtg.h          |   19 +-
 drivers/gpu/drm/i915/display/intel_cmtg_regs.h     |   24 +-
 drivers/gpu/drm/i915/display/intel_color.c         |  115 +-
 drivers/gpu/drm/i915/display/intel_crt.c           |    9 +-
 drivers/gpu/drm/i915/display/intel_cursor.c        |    2 +-
 drivers/gpu/drm/i915/display/intel_cx0_phy.c       |   11 +
 drivers/gpu/drm/i915/display/intel_cx0_phy.h       |    1 -
 drivers/gpu/drm/i915/display/intel_ddi.c           |   29 +-
 drivers/gpu/drm/i915/display/intel_de.c            |   40 +-
 drivers/gpu/drm/i915/display/intel_display.c       |  170 +--
 drivers/gpu/drm/i915/display/intel_display.h       |    7 +
 drivers/gpu/drm/i915/display/intel_display_core.h  |   14 +-
 .../gpu/drm/i915/display/intel_display_debugfs.c   |    2 +
 .../gpu/drm/i915/display/intel_display_device.c    |   14 +
 .../gpu/drm/i915/display/intel_display_device.h    |    3 +-
 .../gpu/drm/i915/display/intel_display_driver.c    |  202 +++-
 .../gpu/drm/i915/display/intel_display_driver.h    |   17 +-
 drivers/gpu/drm/i915/display/intel_display_irq.c   |   19 +
 drivers/gpu/drm/i915/display/intel_display_irq.h   |    2 +
 .../gpu/drm/i915/display/intel_display_limits.h    |    2 +
 drivers/gpu/drm/i915/display/intel_display_power.c |  185 +++-
 drivers/gpu/drm/i915/display/intel_display_power.h |   40 +
 .../drm/i915/display/intel_display_power_well.c    |   76 +-
 .../drm/i915/display/intel_display_power_well.h    |    1 +
 drivers/gpu/drm/i915/display/intel_display_regs.h  |   49 +-
 drivers/gpu/drm/i915/display/intel_display_types.h |   57 +-
 drivers/gpu/drm/i915/display/intel_display_wa.c    |    2 +
 drivers/gpu/drm/i915/display/intel_display_wa.h    |    1 +
 drivers/gpu/drm/i915/display/intel_dmc.c           |   15 +-
 drivers/gpu/drm/i915/display/intel_dmc_regs.h      |    2 +
 drivers/gpu/drm/i915/display/intel_dmc_wl.c        |    2 +-
 drivers/gpu/drm/i915/display/intel_dp.c            |  504 ++-------
 drivers/gpu/drm/i915/display/intel_dp.h            |   16 +-
 drivers/gpu/drm/i915/display/intel_dp_link_caps.c  |  675 ++++++++++++
 drivers/gpu/drm/i915/display/intel_dp_link_caps.h  |   47 +
 .../gpu/drm/i915/display/intel_dp_link_training.c  | 1093 +++++++++++++++-----
 .../gpu/drm/i915/display/intel_dp_link_training.h  |   15 +
 drivers/gpu/drm/i915/display/intel_dp_mst.c        |    8 +-
 drivers/gpu/drm/i915/display/intel_dp_test.c       |    7 +-
 drivers/gpu/drm/i915/display/intel_dp_tunnel.c     |    6 +-
 drivers/gpu/drm/i915/display/intel_dsb.c           |   32 +-
 drivers/gpu/drm/i915/display/intel_dvo.c           |    5 +-
 drivers/gpu/drm/i915/display/intel_gmbus.c         |  148 +--
 drivers/gpu/drm/i915/display/intel_gmbus.h         |   22 +-
 drivers/gpu/drm/i915/display/intel_hdmi.c          |   71 +-
 drivers/gpu/drm/i915/display/intel_hdmi.h          |    2 +
 drivers/gpu/drm/i915/display/intel_initial_plane.c |    2 +-
 drivers/gpu/drm/i915/display/intel_lpe_audio.c     |    4 +-
 drivers/gpu/drm/i915/display/intel_lt_phy.c        |   20 +-
 drivers/gpu/drm/i915/display/intel_lvds.c          |    5 +-
 drivers/gpu/drm/i915/display/intel_panel.c         |  170 ++-
 drivers/gpu/drm/i915/display/intel_panel.h         |    6 +-
 drivers/gpu/drm/i915/display/intel_parent.c        |    6 +-
 drivers/gpu/drm/i915/display/intel_parent.h        |    4 +-
 drivers/gpu/drm/i915/display/intel_plane.c         |   52 +-
 drivers/gpu/drm/i915/display/intel_plane.h         |    5 +-
 drivers/gpu/drm/i915/display/intel_psr.c           |  283 ++---
 drivers/gpu/drm/i915/display/intel_psr.h           |    1 +
 drivers/gpu/drm/i915/display/intel_psr_regs.h      |    1 +
 drivers/gpu/drm/i915/display/intel_sdvo.c          |    7 +-
 drivers/gpu/drm/i915/display/intel_tv.c            |    5 +-
 drivers/gpu/drm/i915/display/intel_vrr.c           |   29 +-
 drivers/gpu/drm/i915/display/intel_vrr.h           |    4 +-
 drivers/gpu/drm/i915/display/vlv_dsi.c             |    5 +-
 drivers/gpu/drm/i915/gem/i915_gem_object.h         |    7 -
 drivers/gpu/drm/i915/gem/i915_gem_pages.c          |  128 ---
 drivers/gpu/drm/i915/gem/i915_gem_panic.c          |  147 +++
 drivers/gpu/drm/i915/gem/i915_gem_panic.h          |   11 +
 drivers/gpu/drm/i915/gt/intel_gsc.c                |    2 +-
 drivers/gpu/drm/i915/gvt/edid.c                    |   14 +-
 drivers/gpu/drm/i915/i915_driver.c                 |  181 +---
 drivers/gpu/drm/i915/i915_panic.c                  |   35 -
 drivers/gpu/drm/i915/i915_panic.h                  |    9 -
 drivers/gpu/drm/xe/Makefile                        |    1 +
 drivers/gpu/drm/xe/display/xe_display.c            |  284 ++---
 drivers/gpu/drm/xe/display/xe_display.h            |   12 +-
 drivers/gpu/drm/xe/display/xe_panic.c              |   26 +-
 drivers/gpu/drm/xe/xe_device.c                     |    4 +-
 drivers/gpu/drm/xe/xe_pm.c                         |    2 +
 include/drm/drm_modes.h                            |    1 +
 include/drm/intel/display_parent_interface.h       |    4 +-
 include/drm/intel/mchbar_regs.h                    |    2 -
 94 files changed, 3849 insertions(+), 2053 deletions(-)
 create mode 100644 Documentation/gpu/intel-display/dp-link-training.rst
 create mode 100644 drivers/gpu/drm/i915/display/intel_dp_link_caps.c
 create mode 100644 drivers/gpu/drm/i915/display/intel_dp_link_caps.h
 create mode 100644 drivers/gpu/drm/i915/gem/i915_gem_panic.c
 create mode 100644 drivers/gpu/drm/i915/gem/i915_gem_panic.h
 delete mode 100644 drivers/gpu/drm/i915/i915_panic.c
 delete mode 100644 drivers/gpu/drm/i915/i915_panic.h
Merging drm-msm/msm-next (9a967125427e0 drm/msm/adreno: add Adreno 810 GPU support)
$ git merge -m Merge branch 'msm-next' of https://gitlab.freedesktop.org/drm/msm.git drm-msm/msm-next
Already up to date.
Merging drm-msm-lumag/msm-next-lumag (8de061ca149c9 drm/msm: Restore second parameter name in purge() and evict())
$ git merge -m Merge branch 'msm-next-lumag' of https://gitlab.freedesktop.org/lumag/msm.git drm-msm-lumag/msm-next-lumag
Already up to date.
Merging drm-xe/drm-xe-next (3a8bfa1f2af71 drm/xe: Documentation: fix chars used for subsection)
$ git merge -m Merge branch 'drm-xe-next' of https://gitlab.freedesktop.org/drm/xe/kernel.git drm-xe/drm-xe-next
Auto-merging drivers/gpu/drm/xe/Makefile
Auto-merging drivers/gpu/drm/xe/tests/xe_rtp_test.c
CONFLICT (content): Merge conflict in drivers/gpu/drm/xe/tests/xe_rtp_test.c
Auto-merging drivers/gpu/drm/xe/xe_device.c
Auto-merging drivers/gpu/drm/xe/xe_drm_client.c
Auto-merging drivers/gpu/drm/xe/xe_drm_ras.c
Auto-merging drivers/gpu/drm/xe/xe_guc_submit.c
Auto-merging drivers/gpu/drm/xe/xe_guc_tlb_inval.c
Auto-merging drivers/gpu/drm/xe/xe_hw_engine.c
CONFLICT (content): Merge conflict in drivers/gpu/drm/xe/xe_hw_engine.c
Auto-merging drivers/gpu/drm/xe/xe_hw_error.c
Auto-merging drivers/gpu/drm/xe/xe_oa.c
Auto-merging drivers/gpu/drm/xe/xe_pt.c
Auto-merging drivers/gpu/drm/xe/xe_reg_whitelist.c
CONFLICT (content): Merge conflict in drivers/gpu/drm/xe/xe_reg_whitelist.c
Auto-merging drivers/gpu/drm/xe/xe_reg_whitelist.h
Auto-merging drivers/gpu/drm/xe/xe_rtp.c
Auto-merging drivers/gpu/drm/xe/xe_rtp.h
Auto-merging drivers/gpu/drm/xe/xe_rtp_types.h
Auto-merging drivers/gpu/drm/xe/xe_svm.c
Auto-merging drivers/gpu/drm/xe/xe_tuning.c
CONFLICT (content): Merge conflict in drivers/gpu/drm/xe/xe_tuning.c
Auto-merging drivers/gpu/drm/xe/xe_userptr.c
Auto-merging drivers/gpu/drm/xe/xe_wa.c
CONFLICT (content): Merge conflict in drivers/gpu/drm/xe/xe_wa.c
Auto-merging kernel/events/core.c
Resolved 'drivers/gpu/drm/xe/tests/xe_rtp_test.c' using previous resolution.
Resolved 'drivers/gpu/drm/xe/xe_hw_engine.c' using previous resolution.
Resolved 'drivers/gpu/drm/xe/xe_reg_whitelist.c' using previous resolution.
Resolved 'drivers/gpu/drm/xe/xe_tuning.c' using previous resolution.
Resolved 'drivers/gpu/drm/xe/xe_wa.c' using previous resolution.
Automatic merge failed; fix conflicts and then commit the result.
$ git commit --no-edit -v -a
[master bcbcd9b05fb17] Merge branch 'drm-xe-next' of https://gitlab.freedesktop.org/drm/xe/kernel.git
$ git diff -M --stat --summary HEAD^..
 .../ABI/testing/sysfs-driver-intel-xe-hwmon        |   7 +
 drivers/gpu/drm/xe/Kconfig.profile                 |  71 ++++--
 drivers/gpu/drm/xe/Makefile                        |   1 +
 drivers/gpu/drm/xe/tests/Makefile                  |   1 +
 drivers/gpu/drm/xe/tests/xe_pci.c                  |  54 ++---
 drivers/gpu/drm/xe/tests/xe_rtp_tables_test.c      | 112 +++++++++
 drivers/gpu/drm/xe/tests/xe_rtp_test.c             |  52 +++++
 drivers/gpu/drm/xe/tests/xe_wa_test.c              |   3 -
 drivers/gpu/drm/xe/xe_debugfs.c                    |   1 -
 drivers/gpu/drm/xe/xe_device.c                     |  30 ++-
 drivers/gpu/drm/xe/xe_device.h                     |  17 +-
 drivers/gpu/drm/xe/xe_device_types.h               |  10 +-
 drivers/gpu/drm/xe/xe_drm_client.c                 |   5 +-
 drivers/gpu/drm/xe/xe_drm_ras.c                    |  41 ++--
 drivers/gpu/drm/xe/xe_eu_stall.c                   |   5 +-
 drivers/gpu/drm/xe/xe_exec.c                       |  22 +-
 drivers/gpu/drm/xe/xe_exec_queue_types.h           |   2 -
 drivers/gpu/drm/xe/xe_execlist.c                   |   7 -
 drivers/gpu/drm/xe/xe_ggtt.c                       |   8 +-
 drivers/gpu/drm/xe/xe_gt.c                         |  14 +-
 drivers/gpu/drm/xe/xe_gt_mcr.c                     |  19 +-
 drivers/gpu/drm/xe/xe_guc_submit.c                 |  18 +-
 drivers/gpu/drm/xe/xe_guc_tlb_inval.c              |   6 -
 drivers/gpu/drm/xe/xe_hw_engine.c                  | 218 ++++++++---------
 drivers/gpu/drm/xe/xe_hw_error.c                   |  23 +-
 drivers/gpu/drm/xe/xe_i2c.c                        |   3 -
 drivers/gpu/drm/xe/xe_lrc.c                        |   8 +-
 drivers/gpu/drm/xe/xe_mmio.c                       | 100 +++++---
 drivers/gpu/drm/xe/xe_module.c                     |   3 -
 drivers/gpu/drm/xe/xe_module.h                     |   1 -
 drivers/gpu/drm/xe/xe_oa.c                         |  25 +-
 drivers/gpu/drm/xe/xe_observation.c                |  32 ++-
 drivers/gpu/drm/xe/xe_observation.h                |   3 +-
 drivers/gpu/drm/xe/xe_pci.c                        | 176 +++++++++-----
 drivers/gpu/drm/xe/xe_pci_error.c                  | 122 ++++++++++
 drivers/gpu/drm/xe/xe_pci_error.h                  |  13 ++
 drivers/gpu/drm/xe/xe_pci_types.h                  |   1 +
 drivers/gpu/drm/xe/xe_pcode.c                      |   8 +-
 drivers/gpu/drm/xe/xe_pcode.h                      |   2 +-
 drivers/gpu/drm/xe/xe_pt.c                         |  20 +-
 drivers/gpu/drm/xe/xe_pxp.c                        |  35 ++-
 drivers/gpu/drm/xe/xe_query.c                      |   7 +-
 drivers/gpu/drm/xe/xe_ras.c                        | 260 +++++++++++++++++++++
 drivers/gpu/drm/xe/xe_ras.h                        |   5 +
 drivers/gpu/drm/xe/xe_ras_types.h                  |  51 ++++
 drivers/gpu/drm/xe/xe_reg_whitelist.c              |   5 +-
 drivers/gpu/drm/xe/xe_reg_whitelist.h              |   4 +
 drivers/gpu/drm/xe/xe_rtp.c                        |  10 +-
 drivers/gpu/drm/xe/xe_rtp.h                        |  19 ++
 drivers/gpu/drm/xe/xe_rtp_types.h                  |  33 ++-
 drivers/gpu/drm/xe/xe_step.c                       |  38 +--
 drivers/gpu/drm/xe/xe_step.h                       |   8 +-
 drivers/gpu/drm/xe/xe_sysctrl_mailbox.c            |  28 +++
 drivers/gpu/drm/xe/xe_sysctrl_mailbox.h            |   3 +
 drivers/gpu/drm/xe/xe_sysctrl_mailbox_types.h      |   4 +
 drivers/gpu/drm/xe/xe_tile.c                       |   4 +-
 drivers/gpu/drm/xe/xe_tuning.c                     |   3 +-
 drivers/gpu/drm/xe/xe_tuning.h                     |   6 +
 drivers/gpu/drm/xe/xe_vm_madvise.c                 |  19 +-
 drivers/gpu/drm/xe/xe_wa.c                         |  15 +-
 drivers/gpu/drm/xe/xe_wa.h                         |   7 +
 drivers/gpu/drm/xe/xe_wa_oob.rules                 |   1 +
 include/drm/intel/pciids.h                         |   5 +-
 include/linux/perf_event.h                         |  31 ++-
 include/uapi/drm/xe_drm.h                          |  17 +-
 kernel/events/core.c                               |  18 ++
 66 files changed, 1454 insertions(+), 446 deletions(-)
 create mode 100644 drivers/gpu/drm/xe/tests/xe_rtp_tables_test.c
 create mode 100644 drivers/gpu/drm/xe/xe_pci_error.c
 create mode 100644 drivers/gpu/drm/xe/xe_pci_error.h
$ git am -3 ../patches/0001-drm-xe-Fix-up-merge-issue.patch
Applying: drm: xe: Fix up merge issue
Using index info to reconstruct a base tree...
M	drivers/gpu/drm/xe/xe_ttm_vram_mgr.c
Falling back to patching base and 3-way merge...
Auto-merging drivers/gpu/drm/xe/xe_ttm_vram_mgr.c
No changes -- Patch already applied.
Merging drm-rust/for-linux-next (78900738d981c gpu: nova: fix rust-analyzer generation)
$ git merge -m Merge branch 'for-linux-next' of https://gitlab.freedesktop.org/drm/rust/kernel.git drm-rust/for-linux-next
Merge made by the 'ort' strategy.
 Documentation/gpu/nova/core/fsp.rst                | 142 ++++++
 Documentation/gpu/nova/index.rst                   |   1 +
 drivers/gpu/Makefile                               |  58 ++-
 drivers/gpu/drm/Makefile                           |   2 +-
 drivers/gpu/drm/nova/Makefile                      |   5 +-
 drivers/gpu/drm/tyr/regs.rs                        |  14 +-
 drivers/gpu/nova-core/.gitignore                   |   1 +
 drivers/gpu/nova-core/Makefile                     |   5 +-
 drivers/gpu/nova-core/bitfield.rs                  | 329 ------------
 drivers/gpu/nova-core/falcon.rs                    | 195 ++++---
 drivers/gpu/nova-core/falcon/fsp.rs                |  44 +-
 drivers/gpu/nova-core/falcon/gsp.rs                |  32 +-
 drivers/gpu/nova-core/falcon/hal.rs                |  14 +-
 drivers/gpu/nova-core/falcon/hal/ga102.rs          |  29 +-
 drivers/gpu/nova-core/falcon/hal/tu102.rs          |  24 +-
 drivers/gpu/nova-core/fb.rs                        |   4 +-
 drivers/gpu/nova-core/fb/hal/gb202.rs              |  28 +-
 drivers/gpu/nova-core/fb/hal/gh100.rs              |  31 +-
 drivers/gpu/nova-core/fb/regs.rs                   |  25 +
 drivers/gpu/nova-core/firmware.rs                  |  25 +-
 drivers/gpu/nova-core/firmware/booter.rs           |  25 +-
 drivers/gpu/nova-core/firmware/fwsec.rs            |  19 +-
 drivers/gpu/nova-core/firmware/fwsec/bootloader.rs |  16 +-
 drivers/gpu/nova-core/fsp.rs                       | 103 ++--
 drivers/gpu/nova-core/gpu.rs                       | 136 +++--
 drivers/gpu/nova-core/gsp.rs                       |  38 +-
 drivers/gpu/nova-core/gsp/boot.rs                  |  54 +-
 drivers/gpu/nova-core/gsp/cmdq.rs                  |   3 +-
 drivers/gpu/nova-core/gsp/commands.rs              |  13 +-
 drivers/gpu/nova-core/gsp/fw.rs                    |  19 +-
 drivers/gpu/nova-core/gsp/fw/commands.rs           |  42 +-
 drivers/gpu/nova-core/gsp/hal.rs                   |  27 +-
 drivers/gpu/nova-core/gsp/hal/gh100.rs             |  52 +-
 drivers/gpu/nova-core/gsp/hal/tu102.rs             | 118 +++--
 drivers/gpu/nova-core/gsp/regs.rs                  |  11 +
 drivers/gpu/nova-core/gsp/sequencer.rs             |  31 +-
 drivers/gpu/nova-core/mctp.rs                      |  86 ++--
 drivers/gpu/nova-core/nova_core.rs                 |   5 +-
 drivers/gpu/nova-core/nova_core_exports.c          |  15 +
 drivers/gpu/nova-core/regs.rs                      |  70 ++-
 drivers/gpu/nova-core/vbios.rs                     |  64 +--
 rust/kernel/drm/device.rs                          |   2 +-
 rust/kernel/drm/gem/mod.rs                         |   2 +-
 rust/kernel/drm/gem/shmem.rs                       | 558 ++++++++++++++++++++-
 rust/kernel/drm/gpuvm/mod.rs                       |  12 +-
 rust/kernel/drm/gpuvm/sm_ops.rs                    |   4 +-
 rust/kernel/faux.rs                                |  18 +-
 47 files changed, 1520 insertions(+), 1031 deletions(-)
 create mode 100644 Documentation/gpu/nova/core/fsp.rst
 create mode 100644 drivers/gpu/nova-core/.gitignore
 delete mode 100644 drivers/gpu/nova-core/bitfield.rs
 create mode 100644 drivers/gpu/nova-core/fb/regs.rs
 create mode 100644 drivers/gpu/nova-core/gsp/regs.rs
 create mode 100644 drivers/gpu/nova-core/nova_core_exports.c
$ git am -3 ../patches/0001-drm-nova-Fix-up-merge-issue.patch
Applying: drm: nova: Fix up merge issue
Using index info to reconstruct a base tree...
M	drivers/gpu/nova-core/gsp/cmdq.rs
Falling back to patching base and 3-way merge...
Auto-merging drivers/gpu/nova-core/gsp/cmdq.rs
No changes -- Patch already applied.
Merging drm-nova/nova-next (93296e9d9528f gpu: nova-core: vbios: store reference to Device where relevant)
$ git merge -m Merge branch 'nova-next' of https://gitlab.freedesktop.org/drm/nova.git drm-nova/nova-next
Already up to date.
Merging etnaviv/etnaviv/next (6bde14ba5f7ef drm/etnaviv: add optional reset support)
$ git merge -m Merge branch 'etnaviv/next' of https://git.pengutronix.de/git/lst/linux etnaviv/etnaviv/next
Already up to date.
Merging fbdev/for-next (dc59e4fea9d83 Linux 7.2-rc1)
$ git merge -m Merge branch 'for-next' of https://git.kernel.org/pub/scm/linux/kernel/git/deller/linux-fbdev.git fbdev/for-next
Already up to date.
$ git am -3 ../patches/0001-fix-up-for-drm-hyperv-Remove-reference-to-hyperv_fb-.patch
Applying: fix up for "drm/hyperv: Remove reference to hyperv_fb driver"
$ git reset HEAD^
Unstaged changes after reset:
M	drivers/gpu/drm/hyperv/Kconfig
$ git add -A .
$ git commit -v -a --amend
warning: notes ref refs/notes/commits is invalid
[master 09ca5fab511a0] Merge branch 'for-linux-next' of https://gitlab.freedesktop.org/drm/rust/kernel.git
 Date: Mon Jul 6 14:53:13 2026 +0100
Merging regmap/for-next (1c790e0326461 Merge remote-tracking branch 'regmap/for-7.3' into regmap-next)
$ git merge -m Merge branch 'for-next' of https://git.kernel.org/pub/scm/linux/kernel/git/broonie/regmap.git regmap/for-next
Merge made by the 'ort' strategy.
 drivers/base/regmap/internal.h        |  2 +-
 drivers/base/regmap/regcache-flat.c   |  4 +---
 drivers/base/regmap/regcache-maple.c  |  8 +++-----
 drivers/base/regmap/regcache-rbtree.c |  8 +++-----
 drivers/base/regmap/regmap-irq.c      | 22 ++++++++++++++++++++++
 include/linux/regmap.h                |  2 ++
 6 files changed, 32 insertions(+), 14 deletions(-)
Merging sound/for-next (bd8f218761898 ALSA: core: propagate actual error code from register_chrdev)
$ git merge -m Merge branch 'for-next' of https://git.kernel.org/pub/scm/linux/kernel/git/tiwai/sound.git sound/for-next
Auto-merging include/sound/hda_codec.h
Auto-merging sound/hda/codecs/realtek/alc269.c
Merge made by the 'ort' strategy.
 include/sound/hda_codec.h                     |   1 +
 sound/core/control.c                          |   4 +-
 sound/core/oss/mixer_oss.c                    |   4 +-
 sound/core/oss/pcm_oss.c                      |   4 +-
 sound/core/pcm_native.c                       |  16 +-
 sound/core/rawmidi.c                          |   4 +-
 sound/core/seq/seq_clientmgr.c                |   5 +-
 sound/core/sound.c                            |  14 +-
 sound/core/timer.c                            |   5 +-
 sound/hda/codecs/hdmi/hdmi.c                  |   4 +-
 sound/hda/codecs/helpers/razer_blade16_2025.c | 820 ++++++++++++++++++++++++++
 sound/hda/codecs/realtek/alc269.c             |  21 +
 sound/hda/common/codec.c                      |   5 +-
 sound/hda/controllers/intel.c                 |  11 +
 sound/hda/core/controller.c                   |  10 +-
 sound/hda/core/stream.c                       |  40 +-
 sound/usb/card.c                              |  70 ++-
 sound/usb/mixer_quirks.c                      |  20 +
 sound/usb/quirks-table.h                      |  67 +++
 19 files changed, 1050 insertions(+), 75 deletions(-)
 create mode 100644 sound/hda/codecs/helpers/razer_blade16_2025.c
Merging ieee1394/for-next (dc59e4fea9d83 Linux 7.2-rc1)
$ git merge -m Merge branch 'for-next' of https://git.kernel.org/pub/scm/linux/kernel/git/ieee1394/linux1394.git ieee1394/for-next
Already up to date.
Merging sound-asoc/for-next (be44d21728b66 Merge remote-tracking branch 'asoc/for-7.3' into asoc-next)
$ git merge -m Merge branch 'for-next' of https://git.kernel.org/pub/scm/linux/kernel/git/broonie/sound.git sound-asoc/for-next
Auto-merging sound/soc/codecs/rt1320-sdw.c
Auto-merging sound/soc/codecs/rt700-sdw.c
Auto-merging sound/soc/codecs/sma1303.c
Auto-merging sound/soc/fsl/mpc5200_psc_ac97.c
Auto-merging sound/soc/mediatek/mt8365/mt8365-mt6357.c
Merge made by the 'ort' strategy.
 .../devicetree/bindings/sound/cirrus,cs35l36.yaml  | 240 ++++++
 .../devicetree/bindings/sound/cs35l36.txt          | 168 -----
 .../bindings/sound/loongson,ls-audio-card.yaml     |  53 +-
 .../bindings/sound/loongson,ls2k1000-i2s.yaml      |  22 +-
 .../bindings/sound/mediatek,mtk-btcvsd-snd.yaml    |  59 ++
 .../devicetree/bindings/sound/mtk-btcvsd-snd.txt   |  24 -
 include/sound/soc_sdw_utils.h                      |  31 +-
 include/sound/sof/dai-amd.h                        |   1 +
 include/sound/sof/dai.h                            |   3 +
 include/uapi/sound/sof/tokens.h                    |   1 +
 sound/soc/amd/acp-config.c                         |  12 +
 sound/soc/amd/acp/acp-sdw-legacy-mach.c            |   2 +-
 sound/soc/amd/acp/acp-sdw-sof-mach.c               |   2 +-
 sound/soc/amd/mach-config.h                        |   1 +
 sound/soc/au1x/psc-ac97.c                          |   4 +-
 sound/soc/codecs/Kconfig                           |  32 +-
 sound/soc/codecs/es8328.c                          |   5 +
 sound/soc/codecs/es8389.c                          | 236 +++++-
 sound/soc/codecs/es8389.h                          |  11 +-
 sound/soc/codecs/hdac_hda.c                        |   4 +-
 sound/soc/codecs/hdac_hdmi.c                       |  10 +-
 sound/soc/codecs/lpass-va-macro.c                  | 131 ++--
 sound/soc/codecs/lpass-wsa-macro.c                 | 139 ++--
 sound/soc/codecs/max98090.c                        |   1 +
 sound/soc/codecs/max98390.c                        |   8 +-
 sound/soc/codecs/rt1320-sdw.c                      | 816 +++++++++++++++++----
 sound/soc/codecs/rt1320-sdw.h                      |  12 +
 sound/soc/codecs/rt5677.c                          |  17 +
 sound/soc/codecs/rt700-sdw.c                       |   6 +-
 sound/soc/codecs/sma1303.c                         |   2 +
 sound/soc/codecs/tlv320aic26.c                     |   6 +
 sound/soc/fsl/fsl_asrc.c                           |  10 +-
 sound/soc/fsl/fsl_audmix.c                         |  35 +-
 sound/soc/fsl/fsl_easrc.c                          |  36 +-
 sound/soc/fsl/fsl_esai.c                           |  16 +-
 sound/soc/fsl/fsl_spdif.c                          |   8 +-
 sound/soc/fsl/fsl_ssi.c                            |  13 +-
 sound/soc/fsl/fsl_xcvr.c                           |  29 +-
 sound/soc/fsl/imx-audio-rpmsg.c                    |  25 +-
 sound/soc/fsl/imx-pcm-rpmsg.c                      |  69 +-
 sound/soc/fsl/mpc5200_dma.c                        |  56 +-
 sound/soc/fsl/mpc5200_psc_ac97.c                   |  34 +-
 sound/soc/fsl/mpc5200_psc_i2s.c                    |   1 +
 sound/soc/intel/atom/sst-atom-controls.c           |  67 +-
 sound/soc/intel/atom/sst-mfld-platform-pcm.c       |  59 +-
 sound/soc/intel/atom/sst/sst_ipc.c                 |   5 +-
 sound/soc/intel/atom/sst/sst_pci.c                 |   4 +-
 sound/soc/intel/atom/sst/sst_pvt.c                 |   9 +-
 sound/soc/intel/avs/apl.c                          |   8 +-
 sound/soc/intel/avs/control.c                      |   7 +-
 sound/soc/intel/avs/core.c                         |   4 +-
 sound/soc/intel/avs/debug.h                        |  10 +-
 sound/soc/intel/avs/debugfs.c                      |  19 +-
 sound/soc/intel/avs/ipc.c                          |  59 +-
 sound/soc/intel/avs/loader.c                       |  15 +-
 sound/soc/intel/avs/path.c                         |  30 +-
 sound/soc/intel/avs/utils.c                        |  45 +-
 sound/soc/intel/boards/sof_sdw.c                   |   2 +-
 sound/soc/loongson/loongson_card.c                 | 171 ++++-
 sound/soc/loongson/loongson_i2s_plat.c             |  42 +-
 sound/soc/mediatek/Kconfig                         |   2 +-
 sound/soc/mediatek/mt8173/mt8173-rt5650.c          |   2 +-
 sound/soc/mediatek/mt8365/mt8365-mt6357.c          |   9 +-
 sound/soc/meson/Makefile                           |   2 +
 sound/soc/meson/aiu-encoder-i2s.c                  | 281 +++++--
 sound/soc/meson/aiu-formatter-i2s.c                | 104 +++
 sound/soc/meson/aiu.c                              |  32 +-
 sound/soc/meson/aiu.h                              |   4 +
 sound/soc/meson/g12a-toacodec.c                    |   2 +-
 sound/soc/meson/g12a-tohdmitx.c                    |   2 +-
 sound/soc/meson/gx-formatter.c                     | 282 +++++++
 sound/soc/meson/gx-formatter.h                     |  56 ++
 sound/soc/meson/gx-interface.h                     |  48 ++
 sound/soc/meson/t9015.c                            |   6 +-
 sound/soc/renesas/fsi.c                            |   9 +-
 sound/soc/samsung/aries_wm8994.c                   |   1 +
 sound/soc/samsung/i2s.c                            |  33 +-
 sound/soc/samsung/spdif.c                          |   8 +-
 sound/soc/sdw_utils/soc_sdw_bridge_cs35l56.c       |   4 +-
 sound/soc/sdw_utils/soc_sdw_utils.c                |   7 +-
 sound/soc/sof/amd/Kconfig                          |  10 +
 sound/soc/sof/amd/Makefile                         |   2 +
 sound/soc/sof/amd/acp-dsp-offset.h                 |  17 +
 sound/soc/sof/amd/acp-ipc.c                        |  13 +-
 sound/soc/sof/amd/acp-loader.c                     |  37 +-
 sound/soc/sof/amd/acp.c                            | 267 ++++++-
 sound/soc/sof/amd/acp.h                            |  20 +
 sound/soc/sof/amd/acp7x.c                          | 185 +++++
 sound/soc/sof/amd/pci-acp7x.c                      | 116 +++
 sound/soc/sof/ipc3-pcm.c                           |   6 +
 sound/soc/sof/ipc3-topology.c                      |  39 +-
 sound/soc/sof/ipc4-topology.c                      |   2 +
 sound/soc/sof/nocodec.c                            |  16 +-
 sound/soc/sof/topology.c                           |  15 +-
 sound/soc/ti/j721e-evm.c                           |   4 +-
 95 files changed, 3482 insertions(+), 1108 deletions(-)
 create mode 100644 Documentation/devicetree/bindings/sound/cirrus,cs35l36.yaml
 delete mode 100644 Documentation/devicetree/bindings/sound/cs35l36.txt
 create mode 100644 Documentation/devicetree/bindings/sound/mediatek,mtk-btcvsd-snd.yaml
 delete mode 100644 Documentation/devicetree/bindings/sound/mtk-btcvsd-snd.txt
 create mode 100644 sound/soc/meson/aiu-formatter-i2s.c
 create mode 100644 sound/soc/meson/gx-formatter.c
 create mode 100644 sound/soc/meson/gx-formatter.h
 create mode 100644 sound/soc/meson/gx-interface.h
 create mode 100644 sound/soc/sof/amd/acp7x.c
 create mode 100644 sound/soc/sof/amd/pci-acp7x.c
Merging modules/modules-next (36d6b929bb0c7 rust: module_param: add missing newline to pr_warn_once)
$ git merge -m Merge branch 'modules-next' of https://git.kernel.org/pub/scm/linux/kernel/git/modules/linux.git modules/modules-next
Already up to date.
Merging input/next (c8f174900926d Input: sur40 - fix MAX_CONTACTS value based on PixelSense specification)
$ git merge -m Merge branch 'next' of https://git.kernel.org/pub/scm/linux/kernel/git/dtor/input.git input/next
Auto-merging Documentation/devicetree/bindings/input/microchip,cap11xx.yaml
Merge made by the 'ort' strategy.
 .../devicetree/bindings/input/imagis,isa1200.yaml  | 141 ++++++
 .../bindings/input/microchip,cap11xx.yaml          |  92 +++-
 .../devicetree/bindings/input/syna,rmi4.yaml       |  11 +-
 drivers/input/keyboard/cap11xx.c                   | 275 +++++++----
 drivers/input/misc/Kconfig                         |  12 +
 drivers/input/misc/Makefile                        |   1 +
 drivers/input/misc/isa1200.c                       | 533 +++++++++++++++++++++
 drivers/input/mouse/synaptics.c                    |   1 +
 drivers/input/touchscreen/mms114.c                 | 245 +++++-----
 drivers/input/touchscreen/sur40.c                  |   4 +-
 10 files changed, 1085 insertions(+), 230 deletions(-)
 create mode 100644 Documentation/devicetree/bindings/input/imagis,isa1200.yaml
 create mode 100644 drivers/input/misc/isa1200.c
Merging block/for-next (39dffa2bee1ba Merge branch 'io_uring-7.2' into for-next)
$ git merge -m Merge branch 'for-next' of https://git.kernel.org/pub/scm/linux/kernel/git/axboe/linux.git block/for-next
Merge made by the 'ort' strategy.
 block/blk-mq.c                 |  3 ++-
 block/blk-wbt.c                | 21 ++++++++++++++++++++-
 block/blk-zoned.c              | 42 ++++++++++++++++++++++++++++--------------
 block/blk.h                    |  4 ++--
 block/genhd.c                  |  2 +-
 drivers/block/ublk_drv.c       | 13 ++++++++++++-
 include/linux/io_uring_types.h |  2 ++
 io_uring/io-wq.c               |  5 +++++
 io_uring/io_uring.c            |  2 ++
 io_uring/memmap.c              |  2 +-
 io_uring/msg_ring.c            | 34 +++++++++++++++++++++++++++-------
 io_uring/sqpoll.c              |  7 ++++++-
 io_uring/uring_cmd.c           |  4 ++--
 13 files changed, 110 insertions(+), 31 deletions(-)
$ git am -3 ../patches/0001-Revert-block-remove-bio_last_bvec_all.patch
Applying: Revert "block: remove bio_last_bvec_all"
$ git reset HEAD^
Unstaged changes after reset:
M	Documentation/block/biovecs.rst
M	include/linux/bio.h
$ git add -A .
$ git commit -v -a --amend
warning: notes ref refs/notes/commits is invalid
[master d997703d9c51b] Merge branch 'for-next' of https://git.kernel.org/pub/scm/linux/kernel/git/axboe/linux.git
 Date: Mon Jul 6 14:53:25 2026 +0100
Merging device-mapper/for-next (55c99f2d901c7 dm-zoned-metadata: Use strscpy() to copy device name)
$ git merge -m Merge branch 'for-next' of https://git.kernel.org/pub/scm/linux/kernel/git/device-mapper/linux-dm.git device-mapper/for-next
Already up to date.
Merging libata/for-next (e64e6b5dc8675 ata: libata-scsi: scale DSM TRIM payload by MAX PAGES PER DSM COMMAND)
$ git merge -m Merge branch 'for-next' of https://git.kernel.org/pub/scm/linux/kernel/git/libata/linux libata/for-next
Merge made by the 'ort' strategy.
 drivers/ata/libata-core.c |   6 +-
 drivers/ata/libata-scsi.c | 418 +++++++++++++++++++++++++++++++++++-----------
 drivers/ata/libata.h      |   2 +-
 include/linux/ata.h       |  13 ++
 4 files changed, 335 insertions(+), 104 deletions(-)
Merging pcmcia/pcmcia-next (b3c26ea81ccc5 pcmcia: remove obsolete host controller drivers)
$ git merge -m Merge branch 'pcmcia-next' of https://git.kernel.org/pub/scm/linux/kernel/git/brodo/linux.git pcmcia/pcmcia-next
Already up to date.
Merging mmc/next (dc59e4fea9d83 Linux 7.2-rc1)
$ git merge -m Merge branch 'next' of https://git.kernel.org/pub/scm/linux/kernel/git/ulfh/mmc.git mmc/next
Already up to date.
Merging mfd/for-mfd-next (f658393698772 MAINTAINERS: Add a mailing list entry to MFD)
$ git merge -m Merge branch 'for-mfd-next' of https://git.kernel.org/pub/scm/linux/kernel/git/lee/mfd.git mfd/for-mfd-next
Auto-merging MAINTAINERS
Auto-merging drivers/mfd/cs42l43-i2c.c
Auto-merging drivers/mfd/cs42l43-sdw.c
Merge made by the 'ort' strategy.
 Documentation/devicetree/bindings/Makefile         |   2 +-
 .../bindings/mfd/marvell,88pm886-a1.yaml           |   2 +-
 .../devicetree/bindings/mfd/qcom,spmi-pmic.yaml    |   1 +
 .../devicetree/bindings/mfd/syscon-common.yaml     |  34 ++++++
 Documentation/devicetree/bindings/mfd/syscon.yaml  | 116 -------------------
 MAINTAINERS                                        |  11 ++
 drivers/mfd/88pm886.c                              |  21 +++-
 drivers/mfd/Kconfig                                |   1 -
 drivers/mfd/axp20x.c                               |   2 +-
 drivers/mfd/cs42l43-i2c.c                          |   2 -
 drivers/mfd/cs42l43-sdw.c                          |   7 --
 drivers/mfd/cs42l43.c                              |  15 +--
 drivers/mfd/ipaq-micro.c                           |   2 +-
 drivers/mfd/mt6397-core.c                          |   3 +
 drivers/mfd/rohm-bd71828.c                         | 125 +++++++++++++++------
 drivers/mfd/rohm-bd718x7.c                         | 123 ++++++++++++++------
 drivers/mfd/si476x-cmd.c                           |   1 -
 drivers/mfd/si476x-i2c.c                           |  46 +++-----
 include/linux/mfd/88pm886.h                        |   5 +
 include/linux/mfd/cs42l43.h                        |   2 -
 include/linux/mfd/si476x-core.h                    |   5 +-
 include/linux/mfd/si476x-platform.h                |   2 -
 22 files changed, 286 insertions(+), 242 deletions(-)
Merging backlight/for-backlight-next (dc59e4fea9d83 Linux 7.2-rc1)
$ git merge -m Merge branch 'for-backlight-next' of https://git.kernel.org/pub/scm/linux/kernel/git/lee/backlight.git backlight/for-backlight-next
Already up to date.
Merging battery/for-next (a888754e51e91 Documentation: ABI: sysfs-class-reboot-mode-reboot_modes: fix doc warnings)
$ git merge -m Merge branch 'for-next' of https://git.kernel.org/pub/scm/linux/kernel/git/sre/linux-power-supply.git battery/for-next
Already up to date.
Merging regulator/for-next (69d7343e4df1e Merge remote-tracking branch 'regulator/for-7.3' into regulator-next)
$ git merge -m Merge branch 'for-next' of https://git.kernel.org/pub/scm/linux/kernel/git/broonie/regulator.git regulator/for-next
Auto-merging drivers/regulator/adp5055-regulator.c
Auto-merging drivers/regulator/max77675-regulator.c
Auto-merging drivers/regulator/pv88080-regulator.c
Auto-merging drivers/regulator/rtq2208-regulator.c
Auto-merging drivers/regulator/tps6287x-regulator.c
Merge made by the 'ort' strategy.
 .../regulator/qcom,sdm845-refgen-regulator.yaml    |  31 +-
 .../bindings/regulator/richtek,rtq2208.yaml        |   4 +-
 .../bindings/regulator/rohm,bd71815-regulator.yaml |  27 +-
 .../bindings/regulator/rohm,bd71828-regulator.yaml |  20 +-
 .../bindings/regulator/rohm,bd71837-regulator.yaml |  16 +-
 .../bindings/regulator/rohm,bd71847-regulator.yaml |  16 +-
 .../bindings/regulator/rohm,bd72720-regulator.yaml |  40 +--
 .../bindings/regulator/rohm,pmic-states.yaml       |  57 ++++
 drivers/regulator/88pg86x.c                        |   4 +-
 drivers/regulator/Kconfig                          |   7 +
 drivers/regulator/Makefile                         |   1 +
 drivers/regulator/act8865-regulator.c              |   2 +-
 drivers/regulator/ad5398.c                         |   4 +-
 drivers/regulator/adp5055-regulator.c              |   4 +-
 drivers/regulator/as3722-regulator.c               |   1 -
 drivers/regulator/aw37503-regulator.c              |   4 +-
 drivers/regulator/da9121-regulator.c               |  20 +-
 drivers/regulator/da9210-regulator.c               |   4 +-
 drivers/regulator/da9211-regulator.c               |  18 +-
 drivers/regulator/fan53880.c                       |   4 +-
 drivers/regulator/isl6271a-regulator.c             |   2 +-
 drivers/regulator/isl9305.c                        |   4 +-
 drivers/regulator/lp3971.c                         |   2 +-
 drivers/regulator/lp3972.c                         |   2 +-
 drivers/regulator/lp872x.c                         |   4 +-
 drivers/regulator/lp8755.c                         |   4 +-
 drivers/regulator/ltc3589.c                        |   6 +-
 drivers/regulator/ltc3676.c                        |   2 +-
 drivers/regulator/max14577-regulator.c             | 103 +++++-
 drivers/regulator/max1586.c                        |   2 +-
 drivers/regulator/max20086-regulator.c             |   8 +-
 drivers/regulator/max20411-regulator.c             |   2 +-
 drivers/regulator/max77503-regulator.c             |   2 +-
 drivers/regulator/max77675-regulator.c             |   2 +-
 drivers/regulator/max77826-regulator.c             |   2 +-
 drivers/regulator/max77838-regulator.c             |   2 +-
 drivers/regulator/max77857-regulator.c             |   8 +-
 drivers/regulator/max8649.c                        |   2 +-
 drivers/regulator/max8893.c                        |   2 +-
 drivers/regulator/max8952.c                        |   2 +-
 drivers/regulator/max8973-regulator.c              |   6 +-
 drivers/regulator/max8998.c                        |   1 -
 drivers/regulator/mcp16502.c                       |   2 +-
 drivers/regulator/mp5416.c                         |   6 +-
 drivers/regulator/mp8859.c                         |   4 +-
 drivers/regulator/mp886x.c                         |   6 +-
 drivers/regulator/mpq7920.c                        |   4 +-
 drivers/regulator/mt6311-regulator.c               |   4 +-
 drivers/regulator/pf530x-regulator.c               |   8 +-
 drivers/regulator/pf8x00-regulator.c               |   8 +-
 drivers/regulator/pv88060-regulator.c              |   4 +-
 drivers/regulator/pv88080-regulator.c              |   8 +-
 drivers/regulator/pv88090-regulator.c              |   4 +-
 drivers/regulator/qcom-refgen-regulator.c          | 113 ++++++-
 drivers/regulator/rtq2208-regulator.c              |   7 +-
 drivers/regulator/sc2730-regulator.c               | 375 +++++++++++++++++++++
 drivers/regulator/sgm3804-regulator.c              |   2 +-
 drivers/regulator/slg51000-regulator.c             |   4 +-
 drivers/regulator/sy8106a-regulator.c              |   2 +-
 drivers/regulator/sy8824x.c                        |   8 +-
 drivers/regulator/sy8827n.c                        |   4 +-
 drivers/regulator/tps51632-regulator.c             |   4 +-
 drivers/regulator/tps62360-regulator.c             |  10 +-
 drivers/regulator/tps6286x-regulator.c             |  10 +-
 drivers/regulator/tps6287x-regulator.c             |  10 +-
 drivers/regulator/tps65023-regulator.c             |   6 +-
 drivers/regulator/tps65132-regulator.c             |   4 +-
 drivers/regulator/tps6594-regulator.c              |  19 +-
 include/linux/mfd/max14577-private.h               |   3 +
 69 files changed, 849 insertions(+), 244 deletions(-)
 create mode 100644 Documentation/devicetree/bindings/regulator/rohm,pmic-states.yaml
 create mode 100644 drivers/regulator/sc2730-regulator.c
Merging security/next (149b192e376d7 lsm: clarify security_task_prctl() hook documentation)
$ git merge -m Merge branch 'next' of https://git.kernel.org/pub/scm/linux/kernel/git/pcmoore/lsm.git security/next
Merge made by the 'ort' strategy.
 security/security.c | 5 ++---
 1 file changed, 2 insertions(+), 3 deletions(-)
Merging apparmor/apparmor-next (dda61023f976d apparmor: fix alternate loaders ability to load compressed policy)
$ git merge -m Merge branch 'apparmor-next' of https://git.kernel.org/pub/scm/linux/kernel/git/jj/linux-apparmor apparmor/apparmor-next
Merge made by the 'ort' strategy.
 security/apparmor/af_unix.c               |   1 +
 security/apparmor/apparmorfs.c            | 129 +++++++++++++++++++++++++++++-
 security/apparmor/domain.c                |   1 +
 security/apparmor/include/apparmorfs.h    |   3 +
 security/apparmor/include/capability.h    |   1 +
 security/apparmor/include/path.h          |   3 +
 security/apparmor/include/policy.h        |   4 +-
 security/apparmor/include/policy_unpack.h |   4 +-
 security/apparmor/include/procattr.h      |   2 +
 security/apparmor/include/task.h          |   5 ++
 security/apparmor/policy.c                |   8 +-
 security/apparmor/policy_unpack.c         |  24 +++++-
 12 files changed, 174 insertions(+), 11 deletions(-)
Merging integrity/next-integrity (35d6f5e788dae doc: security: Add documentation of exporting and deleting IMA measurements)
$ git merge -m Merge branch 'next-integrity' of https://git.kernel.org/pub/scm/linux/kernel/git/zohar/linux-integrity integrity/next-integrity
Already up to date.
Merging selinux/next (ae3d476caeba0 Automated merge of 'dev' into 'next')
$ git merge -m Merge branch 'next' of https://git.kernel.org/pub/scm/linux/kernel/git/pcmoore/selinux.git selinux/next
Merge made by the 'ort' strategy.
 security/selinux/avc.c         |  3 +--
 security/selinux/hooks.c       | 44 +++++++++++++++++++++++++++++-------------
 security/selinux/selinuxfs.c   | 19 ++++++++++++------
 security/selinux/ss/policydb.c | 11 ++++++++---
 security/selinux/ss/services.c | 18 ++++++++---------
 5 files changed, 62 insertions(+), 33 deletions(-)
Merging smack/next (a7c44fd9f80e3 smack: restrict smackfs/{direct,mapped} values to 0-255)
$ git merge -m Merge branch 'next' of https://github.com/cschaufler/smack-next smack/next
Auto-merging security/smack/smack_lsm.c
Merge made by the 'ort' strategy.
 security/smack/smack.h        |   6 +-
 security/smack/smack_access.c |   9 ++
 security/smack/smack_lsm.c    |  69 +++++++++----
 security/smack/smackfs.c      | 224 +++++++++++++-----------------------------
 4 files changed, 130 insertions(+), 178 deletions(-)
Merging tomoyo/master (110ef9f94f84d apparmor: temporarily disable in syzbot kernels.)
$ git merge -m Merge branch 'master' of git://git.code.sf.net/p/tomoyo/tomoyo.git tomoyo/master
Auto-merging fs/namespace.c
Auto-merging kernel/locking/lockdep.c
Auto-merging lib/Kconfig.debug
Auto-merging net/core/dev.c
Auto-merging net/socket.c
Merge made by the 'ort' strategy.
 drivers/block/loop.c      |  87 ++++++++++++++++++++-
 fs/namespace.c            |   5 ++
 include/linux/netdevice.h |  15 ++++
 include/net/dst.h         |  22 +++++-
 include/net/sock.h        |   8 +-
 kernel/locking/lockdep.c  |   2 +
 kernel/softirq.c          |   4 +
 kernel/workqueue.c        |   4 +
 lib/Kconfig.debug         |   7 ++
 net/bridge/br_nf_core.c   |   1 +
 net/core/dev.c            | 188 ++++++++++++++++++++++++++++++++++++++++++++++
 net/core/dst.c            |  85 +++++++++++++++++++++
 net/core/lock_debug.c     |   1 +
 net/socket.c              |  32 ++++++--
 security/apparmor/Kconfig |   1 +
 15 files changed, 449 insertions(+), 13 deletions(-)
Merging tpmdd-tpm/for-next-tpm (4ece5759c1a29 tpm: tpm_i2c_nuvoton: disable IRQ on wait timeout)
$ git merge -m Merge branch 'for-next-tpm' of https://git.kernel.org/pub/scm/linux/kernel/git/jarkko/linux-tpmdd.git tpmdd-tpm/for-next-tpm
Merge made by the 'ort' strategy.
 drivers/char/tpm/tpm_i2c_nuvoton.c | 6 ++++--
 1 file changed, 4 insertions(+), 2 deletions(-)
Merging tpmdd-keys/for-next-keys (51cb1aa1250c3 Merge tag 'loongarch-7.2' of git://git.kernel.org/pub/scm/linux/kernel/git/chenhuacai/linux-loongson)
$ git merge -m Merge branch 'for-next-keys' of https://git.kernel.org/pub/scm/linux/kernel/git/jarkko/linux-tpmdd.git tpmdd-keys/for-next-keys
Already up to date.
Merging watchdog/watchdog-next (bc54a071a02dc dt-bindings: watchdog: Document Qualcomm Maili watchdog)
$ git merge -m Merge branch 'watchdog-next' of https://git.kernel.org/pub/scm/linux/kernel/git/groeck/linux-staging.git watchdog/watchdog-next
Auto-merging drivers/watchdog/cros_ec_wdt.c
Auto-merging drivers/watchdog/max63xx_wdt.c
Auto-merging drivers/watchdog/max77620_wdt.c
Merge made by the 'ort' strategy.
 Documentation/devicetree/bindings/watchdog/qcom-wdt.yaml |  1 +
 Documentation/watchdog/watchdog-parameters.rst           |  4 ++--
 drivers/watchdog/cros_ec_wdt.c                           |  4 ++--
 drivers/watchdog/max63xx_wdt.c                           | 14 +++++++-------
 drivers/watchdog/max77620_wdt.c                          |  6 +++---
 5 files changed, 15 insertions(+), 14 deletions(-)
Merging iommu/next (dd8a3c6cd531d Merge branches 'apple/dart', 'arm/smmu/updates', 'arm/smmu/bindings', 'rockchip', 'verisilicon', 'riscv', 'intel/vt-d', 'amd/amd-vi' and 'core' into next)
$ git merge -m Merge branch 'next' of https://git.kernel.org/pub/scm/linux/kernel/git/iommu/linux.git iommu/next
Already up to date.
Merging audit/next (e46c818d8fa66 Automated merge of 'dev' into 'next')
$ git merge -m Merge branch 'next' of https://git.kernel.org/pub/scm/linux/kernel/git/pcmoore/audit.git audit/next
Merge made by the 'ort' strategy.
 include/asm-generic/audit_change_attr.h |  3 +++
 include/asm-generic/audit_read.h        | 31 +++++++++++++++++++++++++++++++
 include/asm-generic/audit_write.h       |  3 +++
 kernel/audit.c                          | 10 +++++-----
 4 files changed, 42 insertions(+), 5 deletions(-)
Merging devicetree/for-next (0108f362e4106 dt-bindings: sram: qcom,imem: Narrow allowed reboot modes)
$ git merge -m Merge branch 'for-next' of https://git.kernel.org/pub/scm/linux/kernel/git/robh/linux.git devicetree/for-next
Auto-merging Documentation/devicetree/bindings/arm/qcom.yaml
Auto-merging Documentation/devicetree/bindings/regulator/richtek,rtq2208.yaml
Merge made by the 'ort' strategy.
 .../devicetree/bindings/arm/qcom-soc.yaml          |   4 +-
 Documentation/devicetree/bindings/arm/qcom.yaml    |   4 +-
 .../bindings/arm/samsung/samsung-soc.yaml          |   4 +-
 Documentation/devicetree/bindings/arm/xen.txt      |  62 ------------
 Documentation/devicetree/bindings/arm/xen.yaml     | 110 +++++++++++++++++++++
 .../bindings/clock/qcom,dispcc-sm8x50.yaml         |   2 +-
 .../bindings/clock/qcom,gcc-apq8064.yaml           |   2 +-
 .../bindings/clock/qcom,gcc-apq8084.yaml           |   2 +-
 .../bindings/clock/qcom,gcc-ipq6018.yaml           |   2 +-
 .../bindings/clock/qcom,gcc-ipq8064.yaml           |   2 +-
 .../bindings/clock/qcom,gcc-mdm9607.yaml           |   2 +-
 .../bindings/clock/qcom,gcc-mdm9615.yaml           |   2 +-
 .../bindings/clock/qcom,gcc-msm8660.yaml           |   2 +-
 .../bindings/clock/qcom,gcc-msm8909.yaml           |   2 +-
 .../bindings/clock/qcom,gcc-msm8916.yaml           |   2 +-
 .../bindings/clock/qcom,gcc-msm8953.yaml           |   2 +-
 .../bindings/clock/qcom,gcc-msm8974.yaml           |   2 +-
 .../devicetree/bindings/clock/qcom,gcc-sdm660.yaml |   2 +-
 .../devicetree/bindings/clock/qcom,gpucc.yaml      |   2 +-
 .../bindings/clock/qcom,ipq5018-gcc.yaml           |   2 +-
 .../bindings/clock/qcom,ipq9574-gcc.yaml           |   2 +-
 .../bindings/clock/qcom,qca8k-nsscc.yaml           |   2 +-
 .../bindings/clock/qcom,qcm2290-gpucc.yaml         |   2 +-
 .../devicetree/bindings/clock/qcom,rpmcc.yaml      |   2 +-
 .../bindings/clock/qcom,sc7280-lpasscorecc.yaml    |   2 +-
 .../bindings/clock/qcom,sc8280xp-lpasscc.yaml      |   2 +-
 .../bindings/clock/qcom,sm6115-lpasscc.yaml        |   2 +-
 .../bindings/clock/qcom,sm8350-videocc.yaml        |   2 +-
 .../devicetree/bindings/clock/qcom,videocc.yaml    |   2 +-
 .../bindings/clock/samsung,exynos5260-clock.yaml   |   6 +-
 .../bindings/clock/samsung,exynos5410-clock.yaml   |   2 +-
 .../bindings/clock/samsung,exynos5433-clock.yaml   |   2 +-
 .../bindings/clock/samsung,exynos7-clock.yaml      |   2 +-
 .../bindings/clock/samsung,exynos850-clock.yaml    |   2 +-
 .../bindings/clock/samsung,exynosautov9-clock.yaml |   2 +-
 .../clock/samsung,exynosautov920-clock.yaml        |   2 +-
 .../bindings/clock/samsung,s5pv210-clock.yaml      |   2 +-
 .../bindings/display/msm/dsi-controller-main.yaml  |  20 ++--
 .../bindings/display/samsung/samsung,fimd.yaml     |   4 +-
 .../bindings/i2c/samsung,s3c2410-i2c.yaml          |   2 +-
 .../bindings/interconnect/qcom,msm8998-bwmon.yaml  |   2 +-
 .../bindings/interconnect/samsung,exynos-bus.yaml  |  14 +--
 .../devicetree/bindings/leds/qcom,pm8058-led.yaml  |   4 +-
 .../devicetree/bindings/leds/skyworks,aat1290.yaml |   6 +-
 .../devicetree/bindings/media/cec/cec-gpio.yaml    |   2 +-
 .../bindings/mmc/samsung,exynos-dw-mshc.yaml       |   2 +-
 .../bindings/phy/samsung,mipi-video-phy.yaml       |   4 +-
 .../devicetree/bindings/phy/samsung,usb2-phy.yaml  |   2 +-
 .../bindings/phy/samsung,usb3-drd-phy.yaml         |   2 +-
 .../bindings/pinctrl/samsung,pinctrl.yaml          |   2 +-
 .../bindings/power/renesas,rcar-sysc.yaml          |   2 +-
 .../bindings/power/reset/restart-handler.yaml      |   8 +-
 .../bindings/regulator/maxim,max77802.yaml         |   4 +-
 .../bindings/regulator/richtek,rtq2208.yaml        |   2 +-
 .../bindings/serial/qcom,msm-uartdm.yaml           |   2 +-
 .../devicetree/bindings/slimbus/slimbus.yaml       |   4 +-
 .../bindings/soc/qcom/qcom,apr-services.yaml       |   2 +-
 .../bindings/soc/qcom/qcom,rpmh-rsc.yaml           |   8 +-
 .../devicetree/bindings/soc/qcom/qcom,wcnss.yaml   |   2 +-
 .../bindings/soc/renesas/renesas-soc.yaml          |   4 +-
 .../devicetree/bindings/sound/qcom,q6asm-dais.yaml |   2 +-
 .../devicetree/bindings/sram/qcom,imem.yaml        |  20 ++++
 .../bindings/thermal/samsung,exynos-thermal.yaml   |   4 +-
 .../devicetree/bindings/usb/qcom,dwc3.yaml         |  12 +--
 .../devicetree/bindings/usb/qcom,snps-dwc3.yaml    |  12 +--
 65 files changed, 237 insertions(+), 169 deletions(-)
 delete mode 100644 Documentation/devicetree/bindings/arm/xen.txt
 create mode 100644 Documentation/devicetree/bindings/arm/xen.yaml
Merging dt-krzk/for-next (dc59e4fea9d83 Linux 7.2-rc1)
$ git merge -m Merge branch 'for-next' of https://git.kernel.org/pub/scm/linux/kernel/git/krzk/linux-dt.git dt-krzk/for-next
Already up to date.
Merging mailbox/for-next (36cac4b5101f8 mailbox: imx: Don't force-thread the primary handler)
$ git merge -m Merge branch 'for-next' of https://git.kernel.org/pub/scm/linux/kernel/git/jassibrar/mailbox.git mailbox/for-next
Already up to date.
Merging spi/for-next (a1766c1c03f82 Merge remote-tracking branch 'spi/for-7.3' into spi-next)
$ git merge -m Merge branch 'for-next' of https://git.kernel.org/pub/scm/linux/kernel/git/broonie/spi.git spi/for-next
Auto-merging drivers/spi/spi-atcspi200.c
Merge made by the 'ort' strategy.
 .../bindings/spi/cavium,octeon-3010-spi.yaml       | 61 ++++++++++++++++++++++
 .../devicetree/bindings/spi/spi-octeon.txt         | 33 ------------
 .../devicetree/bindings/spi/st,stm32-qspi.yaml     |  3 ++
 drivers/spi/spi-atcspi200.c                        |  5 +-
 drivers/spi/spi-bcm-qspi.c                         |  6 ++-
 drivers/spi/spi-bcm63xx-hsspi.c                    |  6 ++-
 drivers/spi/spi-bcm63xx.c                          |  5 +-
 drivers/spi/spi-bcmbca-hsspi.c                     |  6 ++-
 drivers/spi/spi-fsl-dspi.c                         | 21 ++++++--
 drivers/spi/spi-npcm-fiu.c                         | 15 +++---
 drivers/spi/spi-nxp-fspi.c                         | 31 +++++++----
 drivers/spi/spi-qpic-snand.c                       |  6 ++-
 12 files changed, 140 insertions(+), 58 deletions(-)
 create mode 100644 Documentation/devicetree/bindings/spi/cavium,octeon-3010-spi.yaml
 delete mode 100644 Documentation/devicetree/bindings/spi/spi-octeon.txt
Merging tip/master (aa6d9def48ea4 Merge branch into tip/master: 'x86/msr')
$ git merge -m Merge branch 'master' of https://git.kernel.org/pub/scm/linux/kernel/git/tip/tip.git tip/master
Auto-merging include/linux/cpuset.h
Auto-merging include/linux/sched.h
Auto-merging kernel/cgroup/cpuset.c
Auto-merging kernel/events/core.c
Auto-merging kernel/fork.c
Auto-merging kernel/irq/manage.c
Auto-merging tools/lib/bpf/usdt.c
Merge made by the 'ort' strategy.
 Documentation/arch/x86/amd-memory-encryption.rst   |    2 +-
 .../interrupt-controller/realtek,rtl-intc.yaml     |    5 +-
 arch/x86/events/amd/uncore.c                       |   31 +
 arch/x86/events/core.c                             |    3 +-
 arch/x86/events/intel/core.c                       |   60 +-
 arch/x86/events/intel/ds.c                         |   13 -
 arch/x86/events/intel/lbr.c                        |   14 +-
 arch/x86/events/intel/uncore.c                     |  227 ++--
 arch/x86/events/intel/uncore.h                     |   39 +-
 arch/x86/events/intel/uncore_discovery.c           |   21 +-
 arch/x86/events/intel/uncore_discovery.h           |    6 +-
 arch/x86/events/intel/uncore_nhmex.c               |    3 +-
 arch/x86/events/intel/uncore_snb.c                 |   82 +-
 arch/x86/events/intel/uncore_snbep.c               |   77 +-
 arch/x86/events/perf_event.h                       |    4 +-
 arch/x86/hyperv/hv_apic.c                          |   12 +-
 arch/x86/include/asm/linkage.h                     |    2 +-
 arch/x86/include/asm/microcode.h                   |    2 -
 arch/x86/include/asm/processor.h                   |    1 +
 arch/x86/include/asm/resctrl.h                     |    5 +-
 arch/x86/kernel/alternative.c                      |   12 +-
 arch/x86/kernel/apic/apic.c                        |   39 +-
 arch/x86/kernel/cpu/amd.c                          |   34 +-
 arch/x86/kernel/cpu/centaur.c                      |   35 +-
 arch/x86/kernel/cpu/common.c                       |   12 +-
 arch/x86/kernel/cpu/hygon.c                        |    5 +-
 arch/x86/kernel/cpu/intel.c                        |   43 +-
 arch/x86/kernel/cpu/mce/amd.c                      |   87 +-
 arch/x86/kernel/cpu/mce/core.c                     |    2 +-
 arch/x86/kernel/cpu/mce/p5.c                       |   16 +-
 arch/x86/kernel/cpu/mce/winchip.c                  |   10 +-
 arch/x86/kernel/cpu/microcode/intel.c              |   36 -
 arch/x86/kernel/cpu/resctrl/core.c                 |    7 +-
 arch/x86/kernel/cpu/resctrl/monitor.c              |   27 +-
 arch/x86/kernel/cpu/resctrl/pseudo_lock.c          |   12 +-
 arch/x86/kernel/cpu/transmeta.c                    |    9 +-
 arch/x86/kernel/cpu/zhaoxin.c                      |   12 +-
 arch/x86/kernel/fpu/core.c                         |   18 +-
 arch/x86/kernel/tsc.c                              |    6 +-
 arch/x86/kernel/tsc_msr.c                          |   15 +-
 arch/x86/kernel/uprobes.c                          |  408 ++++---
 arch/x86/lib/msr-smp.c                             |    8 +-
 arch/x86/mm/ident_map.c                            |    2 +-
 arch/x86/pci/mmconfig-shared.c                     |    8 +-
 arch/x86/platform/intel-quark/imr.c                |    4 +-
 arch/x86/platform/olpc/olpc-xo1-sci.c              |   11 +-
 arch/x86/ras/Kconfig                               |   23 -
 drivers/edac/ie31200_edac.c                        |   10 +-
 drivers/edac/mce_amd.c                             |    8 +-
 drivers/hwmon/hwmon-vid.c                          |   11 +-
 drivers/irqchip/irq-realtek-rtl.c                  |  152 ++-
 drivers/ras/Kconfig                                |   24 +-
 include/asm-generic/vdso/vsyscall.h                |    4 +-
 include/linux/cpuset.h                             |    6 +
 include/linux/sched.h                              |    4 +-
 include/linux/uprobes.h                            |    5 -
 include/vdso/datapage.h                            |    6 +-
 include/vdso/helpers.h                             |    4 +-
 include/vdso/processor.h                           |    4 +-
 include/vdso/vsyscall.h                            |    4 +-
 kernel/cgroup/cpuset.c                             |   22 +
 kernel/events/core.c                               |   41 +-
 kernel/events/uprobes.c                            |   10 -
 kernel/fork.c                                      |    1 -
 kernel/irq/irqdomain.c                             |    8 +-
 kernel/irq/manage.c                                |    6 +-
 kernel/sched/core.c                                |    5 +-
 kernel/sched/deadline.c                            |    6 +-
 kernel/sched/debug.c                               |   92 +-
 kernel/sched/fair.c                                | 1224 +++++++++++---------
 kernel/sched/pelt.c                                |    6 +-
 kernel/sched/psi.c                                 |    2 +-
 kernel/sched/rt.c                                  |    3 +-
 kernel/sched/sched.h                               |   49 +-
 kernel/smp.c                                       |   26 +-
 kernel/time/hrtimer.c                              |    7 -
 tools/lib/bpf/features.c                           |    4 +-
 tools/lib/bpf/usdt.c                               |   16 +-
 tools/testing/selftests/bpf/bench.c                |   20 +-
 tools/testing/selftests/bpf/benchs/bench_trigger.c |   38 +-
 .../selftests/bpf/benchs/run_bench_uprobes.sh      |    2 +-
 .../selftests/bpf/prog_tests/uprobe_syscall.c      |  325 +++++-
 tools/testing/selftests/bpf/prog_tests/usdt.c      |   74 +-
 tools/testing/selftests/bpf/progs/test_usdt.c      |   25 +
 tools/testing/selftests/bpf/usdt.h                 |    2 +-
 tools/testing/selftests/bpf/usdt_2.c               |   15 +-
 .../selftests/rseq/rseq-x86-thread-pointer.h       |    4 +-
 87 files changed, 2325 insertions(+), 1460 deletions(-)
 delete mode 100644 arch/x86/ras/Kconfig
$ git am -3 ../patches/0001-vdso-Merge-fixup-with-mm.patch
Applying: vdso: Merge fixup with mm
Using index info to reconstruct a base tree...
M	kernel/time/namespace_vdso.c
Falling back to patching base and 3-way merge...
No changes -- Patch already applied.
Merging kexec/kexec-next (af78cec42d1b0 Merge branch 'crashkernel-cma' into kexec-next)
$ git merge -m Merge branch 'kexec-next' of https://git.kernel.org/pub/scm/linux/kernel/git/liveupdate/linux.git kexec/kexec-next
Auto-merging Documentation/admin-guide/kernel-parameters.txt
Auto-merging arch/riscv/mm/init.c
Merge made by the 'ort' strategy.
 Documentation/admin-guide/kernel-parameters.txt |  16 ++--
 arch/arm64/kernel/machine_kexec_file.c          |  40 +++-------
 arch/arm64/mm/init.c                            |   5 +-
 arch/loongarch/kernel/machine_kexec_file.c      |  40 +++-------
 arch/powerpc/include/asm/kexec_ranges.h         |   1 -
 arch/powerpc/kexec/crash.c                      |   5 +-
 arch/powerpc/kexec/ranges.c                     | 101 +-----------------------
 arch/riscv/kernel/machine_kexec_file.c          |  39 +++------
 arch/riscv/mm/init.c                            |   5 +-
 arch/x86/kernel/crash.c                         |  89 +++------------------
 drivers/of/fdt.c                                |   9 ++-
 drivers/of/kexec.c                              |   9 +++
 include/linux/crash_core.h                      |   9 +++
 include/linux/crash_reserve.h                   |   4 +-
 include/linux/kexec.h                           |   2 +-
 kernel/crash_core.c                             |  89 ++++++++++++++++++++-
 kernel/kexec_file.c                             |  27 +++++++
 17 files changed, 208 insertions(+), 282 deletions(-)
Merging liveupdate/next (af78cec42d1b0 Merge branch 'crashkernel-cma' into kexec-next)
$ git merge -m Merge branch 'next' of https://git.kernel.org/pub/scm/linux/kernel/git/liveupdate/linux.git liveupdate/next
Already up to date.
Merging clockevents/timers/drivers/next (a9ac745bc320c clocksource: move NXP timer selection to drivers/clocksource)
$ git merge -m Merge branch 'timers/drivers/next' of https://git.kernel.org/pub/scm/linux/kernel/git/daniel.lezcano/linux.git clockevents/timers/drivers/next
Already up to date.
Merging edac/edac-for-next (23f1fdb15eeb9 Merge ras/edac-misc into for-next)
$ git merge -m Merge branch 'edac-for-next' of https://git.kernel.org/pub/scm/linux/kernel/git/ras/ras.git edac/edac-for-next
Auto-merging CREDITS
Auto-merging MAINTAINERS
Merge made by the 'ort' strategy.
 CREDITS                      |  4 +++
 MAINTAINERS                  | 10 ++-----
 drivers/edac/debugfs.c       | 65 +-------------------------------------------
 drivers/edac/edac_mc_sysfs.c |  2 +-
 include/linux/edac.h         |  3 --
 5 files changed, 9 insertions(+), 75 deletions(-)
Merging ftrace/for-next (030bb1d8bb077 Merge probes/for-next)
$ git merge -m Merge branch 'for-next' of https://git.kernel.org/pub/scm/linux/kernel/git/trace/linux-trace.git ftrace/for-next
Auto-merging MAINTAINERS
Auto-merging Makefile
Auto-merging arch/x86/Kconfig
Auto-merging init/Kconfig
Auto-merging init/main.c
Auto-merging lib/Makefile
Merge made by the 'ort' strategy.
 Documentation/admin-guide/bootconfig.rst           |  81 +++
 Documentation/trace/eprobetrace.rst                |   7 +-
 Documentation/trace/fprobetrace.rst                |  10 +
 Documentation/trace/kprobetrace.rst                |  11 +
 MAINTAINERS                                        |   1 +
 Makefile                                           |  27 +-
 arch/x86/Kconfig                                   |   1 +
 arch/x86/kernel/setup.c                            |  14 +-
 include/asm-generic/kprobes.h                      |   4 +-
 include/linux/bootconfig.h                         |  14 +
 init/Kconfig                                       |  36 ++
 init/main.c                                        |  52 +-
 kernel/trace/Kconfig                               |  12 +
 kernel/trace/trace.c                               |   8 +-
 kernel/trace/trace_eprobe.c                        |   2 +
 kernel/trace/trace_fprobe.c                        |   6 +-
 kernel/trace/trace_kprobe.c                        |   2 +
 kernel/trace/trace_probe.c                         | 612 +++++++++++++++++----
 kernel/trace/trace_probe.h                         | 102 ++--
 kernel/trace/trace_probe_tmpl.h                    |  27 +-
 kernel/trace/trace_uprobe.c                        |   3 +
 lib/Makefile                                       |  16 +
 lib/bootconfig.c                                   | 139 ++++-
 lib/embedded-cmdline.S                             |  16 +
 samples/trace_events/trace-events-sample.c         |  40 +-
 samples/trace_events/trace-events-sample.h         |  34 +-
 tools/bootconfig/Makefile                          |   4 +-
 tools/bootconfig/scripts/ftrace2bconf.sh           |   2 +
 .../ftrace/test.d/dynevent/btf_probe_event.tc      |  51 ++
 .../test.d/dynevent/btf_typecast_accepted.tc       | 103 ++++
 .../test.d/dynevent/eprobes_syntax_errors.tc       |  12 +-
 .../ftrace/test.d/dynevent/fprobe_syntax_errors.tc |  12 +
 .../ftrace/test.d/kprobe/kprobe_syntax_errors.tc   |  12 +
 .../ftrace/test.d/kprobe/uprobe_syntax_errors.tc   |   5 +
 34 files changed, 1274 insertions(+), 204 deletions(-)
 create mode 100644 lib/embedded-cmdline.S
 create mode 100644 tools/testing/selftests/ftrace/test.d/dynevent/btf_probe_event.tc
 create mode 100644 tools/testing/selftests/ftrace/test.d/dynevent/btf_typecast_accepted.tc
$ git am -3 ../patches/0001-ftrace-Fix-semantic-conflict-with-mm-tree.patch
Applying: ftrace: Fix semantic conflict with mm tree
Using index info to reconstruct a base tree...
M	kernel/trace/trace_printk.c
Falling back to patching base and 3-way merge...
Auto-merging kernel/trace/trace_printk.c
No changes -- Patch already applied.
Merging rcu/next (e853c1b28580e Merge branches 'rcutorture.2026.05.24' and 'misc.2026.05.24' into rcu-merge.2026.05.24)
$ git merge -m Merge branch 'next' of https://git.kernel.org/pub/scm/linux/kernel/git/rcu/linux rcu/next
Already up to date.
Merging paulmck/non-rcu/next (48f7a50c027dd stop_machine: Fix the documentation for a NULL cpus argument)
$ git merge -m Merge branch 'non-rcu/next' of https://git.kernel.org/pub/scm/linux/kernel/git/paulmck/linux-rcu.git paulmck/non-rcu/next
Already up to date.
Merging kvm/next (a204badd8432f Merge branch 'kvm-chainsaw' into HEAD)
$ git merge -m Merge branch 'next' of git://git.kernel.org/pub/scm/virt/kvm/kvm.git kvm/next
Auto-merging arch/x86/kvm/mmu/mmu.c
Auto-merging arch/x86/kvm/mmu/spte.c
Auto-merging arch/x86/kvm/pmu.c
Auto-merging arch/x86/kvm/svm/svm.c
Auto-merging arch/x86/kvm/vmx/vmx.c
Merge made by the 'ort' strategy.
 arch/x86/include/asm/kvm_host.h                    |  655 +---
 arch/x86/kvm/Makefile                              |    4 +-
 arch/x86/kvm/cpuid.c                               |    1 +
 arch/x86/kvm/fpu.h                                 |   26 +
 arch/x86/kvm/hyperv.c                              |    7 +-
 arch/x86/kvm/hyperv.h                              |    3 +-
 arch/x86/kvm/ioapic.c                              |    1 +
 arch/x86/kvm/ioapic.h                              |   12 +
 arch/x86/kvm/irq.c                                 |    7 +
 arch/x86/kvm/irq.h                                 |    6 +
 arch/x86/kvm/lapic.h                               |    8 +
 arch/x86/kvm/mmu.h                                 |  121 +-
 arch/x86/kvm/mmu/mmu.c                             |  541 +--
 arch/x86/kvm/mmu/mmu_internal.h                    |   66 -
 arch/x86/kvm/mmu/paging_tmpl.h                     |   88 +-
 arch/x86/kvm/mmu/spte.c                            |    4 +-
 arch/x86/kvm/mmu/spte.h                            |   69 +-
 arch/x86/kvm/mmu/tdp_mmu.c                         |    3 +-
 arch/x86/kvm/msrs.c                                | 2745 ++++++++++++++
 arch/x86/kvm/msrs.h                                |  156 +
 arch/x86/kvm/mtrr.c                                |    2 +-
 arch/x86/kvm/pmu.c                                 |   12 +
 arch/x86/kvm/regs.c                                |  874 +++++
 arch/x86/kvm/regs.h                                |   60 +
 arch/x86/kvm/svm/nested.c                          |   14 +-
 arch/x86/kvm/svm/svm.c                             |    6 +-
 arch/x86/kvm/tss.h                                 |    7 +
 arch/x86/kvm/vmx/nested.c                          |   16 +-
 arch/x86/kvm/vmx/vmx.c                             |   26 +-
 arch/x86/kvm/x86.c                                 | 3762 +-------------------
 arch/x86/kvm/x86.h                                 |  462 ++-
 tools/testing/selftests/kvm/Makefile.kvm           |    1 +
 tools/testing/selftests/kvm/include/x86/pmu.h      |    6 +
 .../testing/selftests/kvm/include/x86/processor.h  |   10 +
 tools/testing/selftests/kvm/include/x86/svm_util.h |    5 +-
 tools/testing/selftests/kvm/include/x86/vmx.h      |    4 +-
 tools/testing/selftests/kvm/lib/x86/memstress.c    |   19 +-
 tools/testing/selftests/kvm/lib/x86/processor.c    |   45 +-
 tools/testing/selftests/kvm/lib/x86/svm.c          |    6 +-
 tools/testing/selftests/kvm/lib/x86/vmx.c          |    6 +-
 tools/testing/selftests/kvm/x86/aperfmperf_test.c  |    9 +-
 .../selftests/kvm/x86/evmcs_smm_controls_test.c    |    5 +-
 tools/testing/selftests/kvm/x86/hyperv_evmcs.c     |    6 +-
 tools/testing/selftests/kvm/x86/hyperv_svm_test.c  |    6 +-
 tools/testing/selftests/kvm/x86/kvm_buslock_test.c |    9 +-
 .../selftests/kvm/x86/nested_close_kvm_test.c      |   12 +-
 .../selftests/kvm/x86/nested_dirty_log_test.c      |    8 +-
 .../selftests/kvm/x86/nested_emulation_test.c      |    4 +-
 .../selftests/kvm/x86/nested_exceptions_test.c     |    9 +-
 .../selftests/kvm/x86/nested_invalid_cr3_test.c    |   10 +-
 .../selftests/kvm/x86/nested_tdp_fault_test.c      |    9 +-
 .../selftests/kvm/x86/nested_tsc_adjust_test.c     |   10 +-
 .../selftests/kvm/x86/nested_tsc_scaling_test.c    |   10 +-
 .../selftests/kvm/x86/nested_vmsave_vmload_test.c  |    6 +-
 tools/testing/selftests/kvm/x86/smm_test.c         |    8 +-
 tools/testing/selftests/kvm/x86/state_test.c       |   11 +-
 tools/testing/selftests/kvm/x86/svm_int_ctl_test.c |    5 +-
 .../selftests/kvm/x86/svm_lbr_nested_state.c       |    6 +-
 .../selftests/kvm/x86/svm_nested_clear_efer_svme.c |    7 +-
 .../selftests/kvm/x86/svm_nested_pat_test.c        |    8 +-
 .../selftests/kvm/x86/svm_nested_shutdown_test.c   |    5 +-
 .../kvm/x86/svm_nested_soft_inject_test.c          |    6 +-
 .../selftests/kvm/x86/svm_nested_vmcb12_gpa.c      |   13 +-
 .../selftests/kvm/x86/svm_pmu_host_guest_test.c    |  215 ++
 tools/testing/selftests/kvm/x86/svm_vmcall_test.c  |    5 +-
 .../selftests/kvm/x86/triple_fault_event_test.c    |    9 +-
 .../selftests/kvm/x86/vmx_apic_access_test.c       |    5 +-
 .../selftests/kvm/x86/vmx_apicv_updates_test.c     |    4 +-
 .../kvm/x86/vmx_invalid_nested_guest_state.c       |    6 +-
 .../selftests/kvm/x86/vmx_nested_la57_state_test.c |    5 +-
 .../selftests/kvm/x86/vmx_preemption_timer_test.c  |    5 +-
 71 files changed, 5273 insertions(+), 5029 deletions(-)
 create mode 100644 arch/x86/kvm/msrs.c
 create mode 100644 arch/x86/kvm/msrs.h
 create mode 100644 arch/x86/kvm/regs.c
 create mode 100644 tools/testing/selftests/kvm/x86/svm_pmu_host_guest_test.c
Merging kvm-arm/next (1ee27dacbe5dc Merge branch kvm-arm64/nv-mmu-7.2 into kvmarm-master/next)
$ git merge -m Merge branch 'next' of https://git.kernel.org/pub/scm/linux/kernel/git/kvmarm/kvmarm.git kvm-arm/next
Already up to date.
Merging kvms390/next (babe08404e199 KVM: s390: Return failure in case of failure in kvm_s390_set_cmma_bits())
$ git merge -m Merge branch 'next' of https://git.kernel.org/pub/scm/linux/kernel/git/kvms390/linux.git kvms390/next
Already up to date.
Merging kvm-ppc/topic/ppc-kvm (5200f5f493f79 Linux 7.1-rc4)
$ git merge -m Merge branch 'topic/ppc-kvm' of https://git.kernel.org/pub/scm/linux/kernel/git/powerpc/linux.git kvm-ppc/topic/ppc-kvm
Already up to date.
Merging kvm-riscv/riscv_kvm_next (52738352a6f29 riscv: kvm: Use endian-specific __lelong for NACL shared memory)
$ git merge -m Merge branch 'riscv_kvm_next' of https://github.com/kvm-riscv/linux.git kvm-riscv/riscv_kvm_next
Already up to date.
Merging kvm-x86/next (50406d35f5635 Merge tag 'kvm-x86-selftests_l2_stacks-7.3' of https://github.com/kvm-x86/linux into HEAD)
$ git merge -m Merge branch 'next' of https://github.com/kvm-x86/linux.git kvm-x86/next
Already up to date.
$ git am -3 ../patches/0001-KVM-selftests-Fix-up-semantic-changes.patch
Applying: KVM: selftests: Fix up semantic changes
Using index info to reconstruct a base tree...
M	tools/testing/selftests/kvm/lib/kvm_util.c
Falling back to patching base and 3-way merge...
Auto-merging tools/testing/selftests/kvm/lib/kvm_util.c
No changes -- Patch already applied.
Merging xen-tip/linux-next (fcd245ea7528d x86/Xen: correct commentary and parameter naming of xen_exchange_memory())
$ git merge -m Merge branch 'linux-next' of https://git.kernel.org/pub/scm/linux/kernel/git/xen/tip.git xen-tip/linux-next
Already up to date.
Merging percpu/for-next (8f0b4cce4481f Linux 6.19-rc1)
$ git merge -m Merge branch 'for-next' of https://git.kernel.org/pub/scm/linux/kernel/git/dennis/percpu.git percpu/for-next
Already up to date.
Merging workqueues/for-next (ecf5aad9a4417 workqueue: annotate racy PWQ_STAT_CPU_TIME update in wq_worker_tick())
$ git merge -m Merge branch 'for-next' of https://git.kernel.org/pub/scm/linux/kernel/git/tj/wq.git workqueues/for-next
Auto-merging kernel/workqueue.c
Merge made by the 'ort' strategy.
 kernel/workqueue.c            | 134 ++++++++++++++++++++++++++++++++++++++----
 tools/workqueue/wq_dump.py    |  10 ++--
 tools/workqueue/wq_monitor.py |   6 +-
 3 files changed, 129 insertions(+), 21 deletions(-)
Merging sched-ext/for-next (57194a3172ba0 Merge branch 'for-7.3' into for-next)
$ git merge -m Merge branch 'for-next' of https://git.kernel.org/pub/scm/linux/kernel/git/tj/sched_ext.git sched-ext/for-next
Merge made by the 'ort' strategy.
 include/linux/sched/ext.h                |    4 +-
 kernel/rcu/tree.c                        |    3 +
 kernel/rcu/tree_exp.h                    |    5 +-
 kernel/rcu/tree_stall.h                  |   13 +-
 kernel/sched/build_policy.c              |    2 +
 kernel/sched/ext/arena.c                 |   13 +-
 kernel/sched/ext/ext.c                   | 1354 +++++-------------------------
 kernel/sched/ext/internal.h              |  209 ++++-
 kernel/sched/ext/sub.c                   |  668 +++++++++++++++
 kernel/sched/ext/sub.h                   |  161 ++++
 tools/sched_ext/include/scx/common.bpf.h |    5 +-
 tools/sched_ext/include/scx/compat.bpf.h |   17 -
 tools/sched_ext/include/scx/compat.h     |   10 +-
 tools/sched_ext/scx_cpu0.c               |    2 +-
 tools/sched_ext/scx_flatcg.bpf.c         |    5 +-
 tools/sched_ext/scx_sdt.c                |    2 +-
 tools/sched_ext/scx_simple.c             |    2 +-
 tools/sched_ext/scx_userland.c           |    2 +-
 18 files changed, 1293 insertions(+), 1184 deletions(-)
 create mode 100644 kernel/sched/ext/sub.c
 create mode 100644 kernel/sched/ext/sub.h
Merging drivers-x86/for-next (ff7836fa850c2 platform/x86/amd/hsmp: Gate the data plane on a fully initialized socket)
$ git merge -m Merge branch 'for-next' of https://git.kernel.org/pub/scm/linux/kernel/git/pdx86/platform-drivers-x86.git drivers-x86/for-next
Auto-merging drivers/platform/x86/msi-ec.c
Merge made by the 'ort' strategy.
 .../ABI/testing/sysfs-driver-uniwill-laptop        |  25 +
 .../admin-guide/laptops/uniwill-laptop.rst         |  27 +
 drivers/platform/surface/surface_aggregator_hub.c  |   9 +-
 .../platform/surface/surface_aggregator_tabletsw.c |   9 +-
 drivers/platform/x86/amd/hsmp/acpi.c               |  53 +-
 drivers/platform/x86/amd/hsmp/hsmp.c               |  13 +
 drivers/platform/x86/asus-armoury.c                |  20 +
 drivers/platform/x86/asus-wmi.c                    |  24 +
 drivers/platform/x86/dell/dell-wmi-base.c          |  19 +-
 drivers/platform/x86/dell/dell-wmi-ddv.c           |  22 +-
 drivers/platform/x86/dell/dell-wmi-privacy.c       |   4 +-
 .../x86/dell/dell-wmi-sysman/biosattr-interface.c  |   1 -
 drivers/platform/x86/hp/hp-wmi.c                   | 210 ++++---
 drivers/platform/x86/lenovo/ymc.c                  |   8 +-
 drivers/platform/x86/msi-ec.c                      |  81 +++
 drivers/platform/x86/msi-wmi.c                     |  97 ++--
 drivers/platform/x86/toshiba_bluetooth.c           |   6 +-
 drivers/platform/x86/uniwill/uniwill-acpi.c        | 609 ++++++++++++++++++++-
 drivers/platform/x86/uniwill/uniwill-wmi.h         |   2 +
 drivers/power/supply/surface_battery.c             |  11 +-
 drivers/power/supply/surface_charger.c             |   7 +-
 include/linux/platform_data/x86/asus-wmi.h         |   5 +
 22 files changed, 1104 insertions(+), 158 deletions(-)
$ git am -3 ../patches/0001-hid-Fix-up-mismerge.patch
Applying: hid: Fix up mismerge
$ git reset HEAD^
Unstaged changes after reset:
M	drivers/hid/hid-asus.c
$ git add -A .
$ git commit -v -a --amend
warning: notes ref refs/notes/commits is invalid
[master a0f2389910914] Merge branch 'for-next' of https://git.kernel.org/pub/scm/linux/kernel/git/pdx86/platform-drivers-x86.git
 Date: Mon Jul 6 14:54:08 2026 +0100
Merging chrome-platform/for-next (d1ceb2b232471 platform/chrome: sensorhub: Fix memory overread in ring handler)
$ git merge -m Merge branch 'for-next' of https://git.kernel.org/pub/scm/linux/kernel/git/chrome-platform/linux.git chrome-platform/for-next
Auto-merging drivers/platform/chrome/cros_ec_chardev.c
Auto-merging drivers/platform/chrome/cros_ec_debugfs.c
Auto-merging drivers/platform/chrome/cros_ec_lightbar.c
Auto-merging drivers/platform/chrome/cros_ec_sensorhub.c
Auto-merging drivers/platform/chrome/cros_ec_sysfs.c
Auto-merging drivers/platform/chrome/cros_ec_vbc.c
Auto-merging drivers/platform/chrome/cros_kbd_led_backlight.c
Auto-merging drivers/platform/chrome/cros_usbpd_logger.c
Auto-merging drivers/platform/chrome/cros_usbpd_notify.c
Auto-merging drivers/platform/chrome/wilco_ec/core.c
Auto-merging drivers/platform/chrome/wilco_ec/debugfs.c
Auto-merging drivers/platform/chrome/wilco_ec/telemetry.c
Merge made by the 'ort' strategy.
 drivers/platform/chrome/chromeos_of_hw_prober.c  |  2 +-
 drivers/platform/chrome/cros_ec_chardev.c        |  4 ++--
 drivers/platform/chrome/cros_ec_debugfs.c        |  4 ++--
 drivers/platform/chrome/cros_ec_lightbar.c       |  4 ++--
 drivers/platform/chrome/cros_ec_sensorhub.c      |  4 ++--
 drivers/platform/chrome/cros_ec_sensorhub_ring.c | 17 ++++++++++++++++-
 drivers/platform/chrome/cros_ec_sysfs.c          |  4 ++--
 drivers/platform/chrome/cros_ec_typec.c          |  6 ++++++
 drivers/platform/chrome/cros_ec_vbc.c            |  4 ++--
 drivers/platform/chrome/cros_kbd_led_backlight.c |  4 ++--
 drivers/platform/chrome/cros_usbpd_logger.c      |  4 ++--
 drivers/platform/chrome/cros_usbpd_notify.c      |  4 ++--
 drivers/platform/chrome/wilco_ec/core.c          |  4 ++--
 drivers/platform/chrome/wilco_ec/debugfs.c       |  4 ++--
 drivers/platform/chrome/wilco_ec/telemetry.c     |  4 ++--
 15 files changed, 47 insertions(+), 26 deletions(-)
Merging chrome-platform-firmware/for-firmware-next (dd06eb60e86a1 docs: ABI: testing: Fix typo)
$ git merge -m Merge branch 'for-firmware-next' of https://git.kernel.org/pub/scm/linux/kernel/git/chrome-platform/linux.git chrome-platform-firmware/for-firmware-next
Merge made by the 'ort' strategy.
 Documentation/ABI/testing/sysfs-firmware-gsmi | 2 +-
 1 file changed, 1 insertion(+), 1 deletion(-)
Merging hsi/for-next (254f49634ee16 Linux 7.1-rc1)
$ git merge -m Merge branch 'for-next' of https://git.kernel.org/pub/scm/linux/kernel/git/sre/linux-hsi.git hsi/for-next
Already up to date.
Merging leds-lj/for-leds-next (7ddc04d1bd08f leds: trigger: netdev: Extend speeds up to 100G)
$ git merge -m Merge branch 'for-leds-next' of https://git.kernel.org/pub/scm/linux/kernel/git/lee/leds.git leds-lj/for-leds-next
Auto-merging drivers/leds/rgb/leds-pwm-multicolor.c
Merge made by the 'ort' strategy.
 drivers/leds/rgb/leds-pwm-multicolor.c |  2 ++
 drivers/leds/trigger/ledtrig-netdev.c  | 46 +++++++++++++++++++++++++++++++++-
 include/linux/leds.h                   |  4 +++
 3 files changed, 51 insertions(+), 1 deletion(-)
Merging ipmi/for-next (6d920a75df9a8 ipmi: si: Fix NULL pointer dereference after failed registration)
$ git merge -m Merge branch 'for-next' of https://github.com/cminyard/linux-ipmi.git ipmi/for-next
Merge made by the 'ort' strategy.
 drivers/char/ipmi/ipmb_dev_int.c    | 5 +++--
 drivers/char/ipmi/ipmi_msghandler.c | 1 +
 2 files changed, 4 insertions(+), 2 deletions(-)
Merging driver-core/driver-core-next (5dcef303b29f0 rust: io: fix example in `register!` macro)
$ git merge -m Merge branch 'driver-core-next' of https://git.kernel.org/pub/scm/linux/kernel/git/driver-core/driver-core.git driver-core/driver-core-next
Merge made by the 'ort' strategy.
 drivers/base/isa.c         | 16 +++++++++-------
 drivers/base/module.c      |  2 +-
 fs/debugfs/file.c          |  3 ++-
 rust/kernel/io/register.rs |  2 +-
 4 files changed, 13 insertions(+), 10 deletions(-)
Merging usb/usb-next (dc59e4fea9d83 Linux 7.2-rc1)
$ git merge -m Merge branch 'usb-next' of https://git.kernel.org/pub/scm/linux/kernel/git/gregkh/usb.git usb/usb-next
Already up to date.
Merging thunderbolt/next (d49d71ebec8f0 thunderbolt: xdomain: Notify peers after enumeration)
$ git merge -m Merge branch 'next' of https://git.kernel.org/pub/scm/linux/kernel/git/westeri/thunderbolt.git thunderbolt/next
Auto-merging drivers/net/thunderbolt/main.c
Auto-merging drivers/thunderbolt/stream.c
Auto-merging drivers/thunderbolt/tb.c
Auto-merging include/linux/thunderbolt.h
Merge made by the 'ort' strategy.
 drivers/net/thunderbolt/main.c |  4 ++--
 drivers/thunderbolt/dma_test.c |  4 ++--
 drivers/thunderbolt/domain.c   |  4 +---
 drivers/thunderbolt/nhi.c      |  2 ++
 drivers/thunderbolt/pci.c      | 28 +++++++++++++++++++++++-----
 drivers/thunderbolt/stream.c   |  4 ++--
 drivers/thunderbolt/switch.c   | 11 ++++++++++-
 drivers/thunderbolt/tb.c       | 21 +++++++++++++++++++++
 drivers/thunderbolt/tb.h       |  1 +
 drivers/thunderbolt/xdomain.c  |  4 ++++
 include/linux/thunderbolt.h    |  8 +++++++-
 11 files changed, 75 insertions(+), 16 deletions(-)
Merging usb-serial/usb-next (dc59e4fea9d83 Linux 7.2-rc1)
$ git merge -m Merge branch 'usb-next' of https://git.kernel.org/pub/scm/linux/kernel/git/johan/usb-serial.git usb-serial/usb-next
Already up to date.
Merging tty/tty-next (e508a176d86f5 tty: goldfish: use guard() for locks)
$ git merge -m Merge branch 'tty-next' of https://git.kernel.org/pub/scm/linux/kernel/git/gregkh/tty.git tty/tty-next
Auto-merging drivers/tty/goldfish.c
Merge made by the 'ort' strategy.
 drivers/tty/goldfish.c   | 23 ++++++++++++++---------
 include/linux/goldfish.h | 24 ------------------------
 2 files changed, 14 insertions(+), 33 deletions(-)
Merging char-misc/char-misc-next (9e32d2a978473 rust: binder: enable `clippy::cast_lossless`)
$ git merge -m Merge branch 'char-misc-next' of https://git.kernel.org/pub/scm/linux/kernel/git/gregkh/char-misc.git char-misc/char-misc-next
Auto-merging drivers/android/binder/allocation.rs
Auto-merging drivers/android/binder/freeze.rs
Auto-merging drivers/android/binder/node.rs
Auto-merging drivers/android/binder/process.rs
Auto-merging drivers/android/binder/thread.rs
Auto-merging drivers/android/binder/transaction.rs
Merge made by the 'ort' strategy.
 drivers/android/binder/allocation.rs       |  4 ++--
 drivers/android/binder/defs.rs             |  8 +++++---
 drivers/android/binder/freeze.rs           |  2 +-
 drivers/android/binder/node.rs             | 14 ++++++++------
 drivers/android/binder/node/wrapper.rs     |  2 +-
 drivers/android/binder/page_range.rs       |  8 ++++----
 drivers/android/binder/process.rs          | 14 +++++++-------
 drivers/android/binder/rust_binder_main.rs | 10 ++--------
 drivers/android/binder/thread.rs           | 24 +++++++++++++-----------
 drivers/android/binder/trace.rs            |  4 +++-
 drivers/android/binder/transaction.rs      | 14 ++++++++------
 11 files changed, 54 insertions(+), 50 deletions(-)
$ git am -3 ../patches/0001-bus-mhi-Fix-up-interaction-with-net-next-tree.patch
Applying: bus: mhi: Fix up interaction with net-next tree
Using index info to reconstruct a base tree...
M	drivers/net/wireless/ath/ath12k/wifi7/mhi.c
Falling back to patching base and 3-way merge...
No changes -- Patch already applied.
Merging coresight/next (98495b5a4d77d coresight: ultrasoc-smb: Fix OOB write in smb_sync_perf_buffer())
$ git merge -m Merge branch 'next' of https://git.kernel.org/pub/scm/linux/kernel/git/coresight/linux.git coresight/next
Already up to date.
Merging fastrpc/for-next (17ec912dc87bf Merge branches 'fastrpc-fixes' and 'fastrpc-for-7.3' into fastrpc-for-next)
$ git merge -m Merge branch 'for-next' of https://git.kernel.org/pub/scm/linux/kernel/git/srini/fastrpc.git fastrpc/for-next
Auto-merging MAINTAINERS
Merge made by the 'ort' strategy.
 MAINTAINERS            |  2 +-
 drivers/misc/fastrpc.c | 46 ++++++++++++++++++++++++++++------------------
 2 files changed, 29 insertions(+), 19 deletions(-)
Merging fpga/for-next (43a1974da6bc7 fpga: microchip-spi: fix zero header_size OOB read in mpf_ops_parse_header())
$ git merge -m Merge branch 'for-next' of https://git.kernel.org/pub/scm/linux/kernel/git/fpga/linux-fpga.git fpga/for-next
Already up to date.
Merging icc/icc-next (94fe92d2f662b Merge branch 'icc-misc' into icc-next)
$ git merge -m Merge branch 'icc-next' of https://git.kernel.org/pub/scm/linux/kernel/git/djakov/icc.git icc/icc-next
Already up to date.
Merging iio/togreg (fef4337eb2888 iio: temperature: tmp117: add TI TMP119 support)
$ git merge -m Merge branch 'togreg' of https://git.kernel.org/pub/scm/linux/kernel/git/jic23/iio.git iio/togreg
Auto-merging Documentation/devicetree/bindings/vendor-prefixes.yaml
Auto-merging MAINTAINERS
Auto-merging drivers/iio/accel/adxl355_spi.c
Auto-merging drivers/iio/accel/adxl367_spi.c
Auto-merging drivers/iio/accel/adxl372_spi.c
Auto-merging drivers/iio/accel/adxl380_spi.c
Auto-merging drivers/iio/accel/bma220_spi.c
Auto-merging drivers/iio/accel/bma400_spi.c
Auto-merging drivers/iio/accel/bmc150-accel-core.c
Auto-merging drivers/iio/accel/bmc150-accel-spi.c
Auto-merging drivers/iio/accel/fxls8962af-core.c
Auto-merging drivers/iio/accel/fxls8962af-spi.c
Auto-merging drivers/iio/accel/hid-sensor-accel-3d.c
Auto-merging drivers/iio/accel/kxsd9-spi.c
Auto-merging drivers/iio/accel/st_accel_spi.c
Auto-merging drivers/iio/accel/stk8ba50.c
CONFLICT (content): Merge conflict in drivers/iio/accel/stk8ba50.c
Auto-merging drivers/iio/adc/Kconfig
Auto-merging drivers/iio/adc/ad4000.c
Auto-merging drivers/iio/adc/ad4080.c
Auto-merging drivers/iio/adc/ad4134.c
Auto-merging drivers/iio/adc/ad4851.c
Auto-merging drivers/iio/adc/ad7124.c
Auto-merging drivers/iio/adc/ad7173.c
Auto-merging drivers/iio/adc/ad7191.c
Auto-merging drivers/iio/adc/ad7192.c
Auto-merging drivers/iio/adc/ad7280a.c
Auto-merging drivers/iio/adc/ad7292.c
Auto-merging drivers/iio/adc/ad7298.c
Auto-merging drivers/iio/adc/hi8435.c
Auto-merging drivers/iio/adc/hx711.c
Auto-merging drivers/iio/adc/max1027.c
Auto-merging drivers/iio/adc/max1118.c
Auto-merging drivers/iio/adc/max14001.c
Auto-merging drivers/iio/adc/mcp320x.c
Auto-merging drivers/iio/adc/mcp3911.c
Auto-merging drivers/iio/adc/rohm-bd79112.c
Auto-merging drivers/iio/adc/rtq6056.c
Auto-merging drivers/iio/adc/ti-adc0832.c
Auto-merging drivers/iio/adc/ti-adc084s021.c
Auto-merging drivers/iio/adc/ti-adc108s102.c
Auto-merging drivers/iio/adc/ti-adc128s052.c
Auto-merging drivers/iio/adc/ti-adc161s626.c
Auto-merging drivers/iio/adc/ti-ads1018.c
Auto-merging drivers/iio/adc/ti-ads124s08.c
Auto-merging drivers/iio/adc/ti-ads131m02.c
Auto-merging drivers/iio/adc/ti-ads8688.c
Auto-merging drivers/iio/adc/ti-tlc4541.c
Auto-merging drivers/iio/amplifiers/ad8366.c
Auto-merging drivers/iio/chemical/bme680_spi.c
Auto-merging drivers/iio/dac/ad3530r.c
Auto-merging drivers/iio/dac/ad5446-spi.c
Auto-merging drivers/iio/dac/ad5706r.c
Auto-merging drivers/iio/dac/ad5758.c
Auto-merging drivers/iio/dac/ad7293.c
Auto-merging drivers/iio/dac/ad7303.c
Auto-merging drivers/iio/dac/ad9739a.c
Auto-merging drivers/iio/dac/ltc2664.c
Auto-merging drivers/iio/dac/ltc2688.c
Auto-merging drivers/iio/dac/max22007.c
Auto-merging drivers/iio/dac/max5522.c
Auto-merging drivers/iio/dac/mcp4821.c
Auto-merging drivers/iio/dac/ti-dac082s085.c
Auto-merging drivers/iio/filter/admv8818.c
Auto-merging drivers/iio/frequency/adf4350.c
Auto-merging drivers/iio/frequency/admv1013.c
Auto-merging drivers/iio/frequency/admv1014.c
Auto-merging drivers/iio/frequency/adrf6780.c
Auto-merging drivers/iio/gyro/fxas21002c_spi.c
Auto-merging drivers/iio/gyro/hid-sensor-gyro-3d.c
Auto-merging drivers/iio/gyro/st_gyro_spi.c
Auto-merging drivers/iio/humidity/hid-sensor-humidity.c
Auto-merging drivers/iio/imu/adis16475.c
Auto-merging drivers/iio/imu/adis16480.c
Auto-merging drivers/iio/imu/bmi160/bmi160_spi.c
Auto-merging drivers/iio/imu/bmi270/bmi270_spi.c
Auto-merging drivers/iio/imu/bmi323/bmi323_spi.c
Auto-merging drivers/iio/imu/fxos8700_spi.c
Auto-merging drivers/iio/imu/inv_icm42600/inv_icm42600_spi.c
Auto-merging drivers/iio/imu/inv_icm45600/inv_icm45600_spi.c
Auto-merging drivers/iio/imu/inv_mpu6050/inv_mpu_spi.c
Auto-merging drivers/iio/imu/st_lsm9ds0/st_lsm9ds0_spi.c
Auto-merging drivers/iio/light/hid-sensor-als.c
Auto-merging drivers/iio/light/hid-sensor-prox.c
Auto-merging drivers/iio/light/opt3001.c
Auto-merging drivers/iio/light/st_uvis25_spi.c
Auto-merging drivers/iio/magnetometer/bmc150_magn_spi.c
Auto-merging drivers/iio/magnetometer/mmc5983.c
Auto-merging drivers/iio/magnetometer/st_magn_spi.c
Auto-merging drivers/iio/orientation/hid-sensor-incl-3d.c
Auto-merging drivers/iio/orientation/hid-sensor-rotation.c
Auto-merging drivers/iio/position/hid-sensor-custom-intel-hinge.c
Auto-merging drivers/iio/potentiometer/max5481.c
Auto-merging drivers/iio/potentiometer/max5487.c
Auto-merging drivers/iio/potentiometer/mcp41010.c
Auto-merging drivers/iio/potentiometer/mcp4131.c
Auto-merging drivers/iio/pressure/abp2030pa_spi.c
Auto-merging drivers/iio/pressure/hid-sensor-press.c
Auto-merging drivers/iio/pressure/hsc030pa_spi.c
Auto-merging drivers/iio/pressure/mprls0025pa_spi.c
Auto-merging drivers/iio/pressure/ms5611_spi.c
Auto-merging drivers/iio/pressure/st_pressure_spi.c
Auto-merging drivers/iio/pressure/zpa2326_spi.c
Auto-merging drivers/iio/proximity/as3935.c
Auto-merging drivers/iio/proximity/vl53l1x-i2c.c
Auto-merging drivers/iio/resolver/ad2s1200.c
Auto-merging drivers/iio/temperature/hid-sensor-temperature.c
Auto-merging drivers/iio/temperature/ltc2983.c
Auto-merging drivers/iio/temperature/max31856.c
Auto-merging drivers/iio/temperature/max31865.c
Auto-merging drivers/iio/temperature/maxim_thermocouple.c
Auto-merging drivers/staging/iio/frequency/ad9832.c
Auto-merging drivers/staging/iio/frequency/ad9834.c
Auto-merging lib/vsprintf.c
Resolved 'drivers/iio/accel/stk8ba50.c' using previous resolution.
Automatic merge failed; fix conflicts and then commit the result.
$ git commit --no-edit -v -a
[master 6b991666401a8] Merge branch 'togreg' of https://git.kernel.org/pub/scm/linux/kernel/git/jic23/iio.git
$ git diff -M --stat --summary HEAD^..
 Documentation/ABI/testing/sysfs-bus-iio            |   10 +-
 Documentation/ABI/testing/sysfs-bus-iio-adc-ad7192 |    2 +-
 Documentation/ABI/testing/sysfs-bus-iio-frequency  |   11 +
 .../ABI/testing/sysfs-bus-iio-frequency-adf4350    |   10 -
 .../devicetree/bindings/iio/adc/avia-hx711.yaml    |   21 +
 .../devicetree/bindings/iio/dac/adi,ad5686.yaml    |   72 +-
 .../devicetree/bindings/iio/dac/adi,ad5696.yaml    |   73 +-
 .../bindings/iio/frequency/adi,adf41513.yaml       |  227 ++++
 .../iio/magnetometer/qstcorp,qmc5883l.yaml         |   52 +
 .../bindings/iio/temperature/ti,tmp117.yaml        |   16 +-
 .../devicetree/bindings/vendor-prefixes.yaml       |    2 +
 Documentation/iio/adf41513.rst                     |  199 ++++
 Documentation/iio/index.rst                        |    1 +
 MAINTAINERS                                        |   18 +-
 drivers/iio/TODO                                   |   13 +-
 drivers/iio/accel/adxl345_spi.c                    |    4 +-
 drivers/iio/accel/adxl355_spi.c                    |    4 +-
 drivers/iio/accel/adxl367_spi.c                    |    2 +-
 drivers/iio/accel/adxl372_spi.c                    |    4 +-
 drivers/iio/accel/adxl380_spi.c                    |    8 +-
 drivers/iio/accel/bma220_spi.c                     |    2 +-
 drivers/iio/accel/bma400_spi.c                     |    2 +-
 drivers/iio/accel/bmc150-accel-core.c              |    6 +-
 drivers/iio/accel/bmc150-accel-spi.c               |   18 +-
 drivers/iio/accel/bmi088-accel-spi.c               |    6 +-
 drivers/iio/accel/fxls8962af-core.c                |    2 +
 drivers/iio/accel/fxls8962af-spi.c                 |    4 +-
 drivers/iio/accel/hid-sensor-accel-3d.c            |    6 +-
 drivers/iio/accel/kxsd9-spi.c                      |    2 +-
 drivers/iio/accel/mma7455_spi.c                    |    4 +-
 drivers/iio/accel/sca3000.c                        |    8 +-
 drivers/iio/accel/sca3300.c                        |    4 +-
 drivers/iio/accel/st_accel_spi.c                   |   40 +-
 drivers/iio/accel/stk8312.c                        |   12 +-
 drivers/iio/accel/stk8ba50.c                       |    9 +-
 drivers/iio/adc/Kconfig                            |    3 +-
 drivers/iio/adc/ad4000.c                           |   62 +-
 drivers/iio/adc/ad4030.c                           |   14 +-
 drivers/iio/adc/ad4080.c                           |   22 +-
 drivers/iio/adc/ad4130.c                           |   12 +-
 drivers/iio/adc/ad4134.c                           |    2 +-
 drivers/iio/adc/ad4170-4.c                         |    6 +-
 drivers/iio/adc/ad4851.c                           |   18 +-
 drivers/iio/adc/ad7091r8.c                         |    6 +-
 drivers/iio/adc/ad7124.c                           |    4 +-
 drivers/iio/adc/ad7173.c                           |   26 +-
 drivers/iio/adc/ad7191.c                           |    2 +-
 drivers/iio/adc/ad7192.c                           |   10 +-
 drivers/iio/adc/ad7266.c                           |    4 +-
 drivers/iio/adc/ad7280a.c                          |    2 +-
 drivers/iio/adc/ad7292.c                           |    2 +-
 drivers/iio/adc/ad7298.c                           |    2 +-
 drivers/iio/adc/ad7380.c                           |   36 +-
 drivers/iio/adc/ad7476.c                           |   60 +-
 drivers/iio/adc/ad7606_spi.c                       |   22 +-
 drivers/iio/adc/ad7766.c                           |   12 +-
 drivers/iio/adc/ad7768-1.c                         |    8 +-
 drivers/iio/adc/ad7780.c                           |    8 +-
 drivers/iio/adc/ad7791.c                           |   10 +-
 drivers/iio/adc/ad7793.c                           |   18 +-
 drivers/iio/adc/ad7887.c                           |    2 +-
 drivers/iio/adc/ad7923.c                           |   14 +-
 drivers/iio/adc/ad7944.c                           |    6 +-
 drivers/iio/adc/ad7949.c                           |    6 +-
 drivers/iio/adc/ad9467.c                           |   14 +-
 drivers/iio/adc/ade9000.c                          |    2 +-
 drivers/iio/adc/hi8435.c                           |    2 +-
 drivers/iio/adc/hx711.c                            |   98 +-
 drivers/iio/adc/max1027.c                          |   12 +-
 drivers/iio/adc/max1118.c                          |    6 +-
 drivers/iio/adc/max11205.c                         |    4 +-
 drivers/iio/adc/max11410.c                         |    2 +-
 drivers/iio/adc/max1241.c                          |    8 +-
 drivers/iio/adc/max14001.c                         |    4 +-
 drivers/iio/adc/mcp320x.c                          |   26 +-
 drivers/iio/adc/mcp3564.c                          |   24 +-
 drivers/iio/adc/mcp3911.c                          |   14 +-
 drivers/iio/adc/rohm-bd79112.c                     |    2 +-
 drivers/iio/adc/rtq6056.c                          |    4 +-
 drivers/iio/adc/stm32-dfsdm-adc.c                  |   12 +-
 drivers/iio/adc/ti-adc0832.c                       |    8 +-
 drivers/iio/adc/ti-adc084s021.c                    |    2 +-
 drivers/iio/adc/ti-adc108s102.c                    |    2 +-
 drivers/iio/adc/ti-adc12138.c                      |    6 +-
 drivers/iio/adc/ti-adc128s052.c                    |   24 +-
 drivers/iio/adc/ti-adc161s626.c                    |    4 +-
 drivers/iio/adc/ti-ads1018.c                       |    4 +-
 drivers/iio/adc/ti-ads124s08.c                     |    4 +-
 drivers/iio/adc/ti-ads1298.c                       |    2 +-
 drivers/iio/adc/ti-ads131e08.c                     |    6 +-
 drivers/iio/adc/ti-ads131m02.c                     |   10 +-
 drivers/iio/adc/ti-ads7950.c                       |   24 +-
 drivers/iio/adc/ti-ads8688.c                       |    4 +-
 drivers/iio/adc/ti-lmp92064.c                      |    2 +-
 drivers/iio/adc/ti-tlc4541.c                       |    4 +-
 drivers/iio/adc/ti-tsc2046.c                       |   25 +-
 drivers/iio/addac/ad74115.c                        |    2 +-
 drivers/iio/amplifiers/ad8366.c                    |   26 +-
 drivers/iio/amplifiers/ada4250.c                   |    2 +-
 drivers/iio/chemical/bme680_spi.c                  |    2 +-
 drivers/iio/chemical/ens160_spi.c                  |    2 +-
 drivers/iio/chemical/scd30_core.c                  |    6 +-
 drivers/iio/dac/ad3530r.c                          |    8 +-
 drivers/iio/dac/ad5064.c                           |   32 +-
 drivers/iio/dac/ad5360.c                           |   16 +-
 drivers/iio/dac/ad5380.c                           |   32 +-
 drivers/iio/dac/ad5446-spi.c                       |   62 +-
 drivers/iio/dac/ad5449.c                           |   14 +-
 drivers/iio/dac/ad5504.c                           |    4 +-
 drivers/iio/dac/ad5624r_spi.c                      |   12 +-
 drivers/iio/dac/ad5686.c                           |   40 +-
 drivers/iio/dac/ad5686.h                           |    4 +
 drivers/iio/dac/ad5706r.c                          |    2 +-
 drivers/iio/dac/ad5755.c                           |   10 +-
 drivers/iio/dac/ad5758.c                           |    2 +-
 drivers/iio/dac/ad5761.c                           |    8 +-
 drivers/iio/dac/ad5764.c                           |    8 +-
 drivers/iio/dac/ad5766.c                           |    4 +-
 drivers/iio/dac/ad5770r.c                          |    2 +-
 drivers/iio/dac/ad5791.c                           |   10 +-
 drivers/iio/dac/ad7293.c                           |    2 +-
 drivers/iio/dac/ad7303.c                           |    2 +-
 drivers/iio/dac/ad8801.c                           |    4 +-
 drivers/iio/dac/ad9739a.c                          |    2 +-
 drivers/iio/dac/ltc1660.c                          |    4 +-
 drivers/iio/dac/ltc2632.c                          |   44 +-
 drivers/iio/dac/ltc2664.c                          |    4 +-
 drivers/iio/dac/ltc2688.c                          |    2 +-
 drivers/iio/dac/max22007.c                         |    2 +-
 drivers/iio/dac/max5522.c                          |   31 +-
 drivers/iio/dac/mcp4821.c                          |   12 +-
 drivers/iio/dac/mcp4922.c                          |    8 +-
 drivers/iio/dac/rohm-bd79703.c                     |    8 +-
 drivers/iio/dac/ti-dac082s085.c                    |   12 +-
 drivers/iio/dac/ti-dac7311.c                       |    6 +-
 drivers/iio/dac/ti-dac7612.c                       |    2 +-
 drivers/iio/filter/admv8818.c                      |    2 +-
 drivers/iio/frequency/Kconfig                      |   10 +
 drivers/iio/frequency/Makefile                     |    1 +
 drivers/iio/frequency/ad9523.c                     |    3 +-
 drivers/iio/frequency/adf41513.c                   | 1246 ++++++++++++++++++++
 drivers/iio/frequency/adf4350.c                    |    4 +-
 drivers/iio/frequency/adf4371.c                    |    4 +-
 drivers/iio/frequency/adf4377.c                    |   85 +-
 drivers/iio/frequency/admv1013.c                   |    2 +-
 drivers/iio/frequency/admv1014.c                   |    2 +-
 drivers/iio/frequency/adrf6780.c                   |    2 +-
 drivers/iio/gyro/adis16080.c                       |    4 +-
 drivers/iio/gyro/adis16136.c                       |    8 +-
 drivers/iio/gyro/adis16260.c                       |   12 +-
 drivers/iio/gyro/adxrs450.c                        |    4 +-
 drivers/iio/gyro/bmg160_spi.c                      |    7 +-
 drivers/iio/gyro/fxas21002c_spi.c                  |    2 +-
 drivers/iio/gyro/hid-sensor-gyro-3d.c              |    6 +-
 drivers/iio/gyro/st_gyro_spi.c                     |   18 +-
 drivers/iio/health/afe4403.c                       |    2 +-
 drivers/iio/humidity/hid-sensor-humidity.c         |    6 +-
 drivers/iio/humidity/hts221_spi.c                  |    2 +-
 drivers/iio/iio_core_trigger.h                     |    2 +-
 drivers/iio/imu/adis16400.c                        |   30 +-
 drivers/iio/imu/adis16460.c                        |    2 +-
 drivers/iio/imu/adis16475.c                        |   54 +-
 drivers/iio/imu/adis16480.c                        |   40 +-
 drivers/iio/imu/bmi160/bmi160_spi.c                |    4 +-
 drivers/iio/imu/bmi270/bmi270_spi.c                |    4 +-
 drivers/iio/imu/bmi323/bmi323_core.c               |    2 +-
 drivers/iio/imu/bmi323/bmi323_spi.c                |    2 +-
 drivers/iio/imu/fxos8700_spi.c                     |    2 +-
 drivers/iio/imu/inv_icm42600/inv_icm42600_spi.c    |   14 +-
 drivers/iio/imu/inv_icm45600/inv_icm45600_spi.c    |   16 +-
 drivers/iio/imu/inv_mpu6050/inv_mpu_spi.c          |   34 +-
 drivers/iio/imu/smi240.c                           |    2 +-
 drivers/iio/imu/st_lsm6dsx/st_lsm6dsx_spi.c        |   48 +-
 drivers/iio/imu/st_lsm9ds0/st_lsm9ds0_spi.c        |    4 +-
 drivers/iio/industrialio-core.c                    |   49 +-
 drivers/iio/light/hid-sensor-als.c                 |    6 +-
 drivers/iio/light/hid-sensor-prox.c                |    4 +-
 drivers/iio/light/opt3001.c                        |  381 +++---
 drivers/iio/light/st_uvis25_spi.c                  |    2 +-
 drivers/iio/light/tcs3472.c                        |  317 ++++-
 drivers/iio/magnetometer/Kconfig                   |   11 +
 drivers/iio/magnetometer/Makefile                  |    2 +
 drivers/iio/magnetometer/bmc150_magn.c             |   50 +-
 drivers/iio/magnetometer/bmc150_magn_spi.c         |    6 +-
 drivers/iio/magnetometer/hmc5843_spi.c             |    6 +-
 drivers/iio/magnetometer/mmc5983.c                 |    2 +-
 drivers/iio/magnetometer/qmc5883l.c                |  516 ++++++++
 drivers/iio/magnetometer/st_magn_spi.c             |   12 +-
 drivers/iio/orientation/hid-sensor-incl-3d.c       |    6 +-
 drivers/iio/orientation/hid-sensor-rotation.c      |    6 +-
 .../iio/position/hid-sensor-custom-intel-hinge.c   |    6 +-
 drivers/iio/potentiometer/max5481.c                |    8 +-
 drivers/iio/potentiometer/max5487.c                |    6 +-
 drivers/iio/potentiometer/mcp41010.c               |   12 +-
 drivers/iio/potentiometer/mcp4131.c                |  128 +-
 drivers/iio/potentiometer/x9250.c                  |    4 +-
 drivers/iio/pressure/abp2030pa_spi.c               |    2 +-
 drivers/iio/pressure/bmp280-core.c                 |   32 +-
 drivers/iio/pressure/bmp280-spi.c                  |   14 +-
 drivers/iio/pressure/hid-sensor-press.c            |    6 +-
 drivers/iio/pressure/hsc030pa_spi.c                |    2 +-
 drivers/iio/pressure/mpl115_spi.c                  |    2 +-
 drivers/iio/pressure/mprls0025pa_spi.c             |    2 +-
 drivers/iio/pressure/ms5611_spi.c                  |    4 +-
 drivers/iio/pressure/st_pressure_spi.c             |   24 +-
 drivers/iio/pressure/zpa2326_spi.c                 |    2 +-
 drivers/iio/proximity/as3935.c                     |    2 +-
 drivers/iio/proximity/vl53l1x-i2c.c                |   39 +-
 drivers/iio/resolver/ad2s1200.c                    |    4 +-
 drivers/iio/resolver/ad2s1210.c                    |    2 +-
 drivers/iio/resolver/ad2s90.c                      |    2 +-
 drivers/iio/temperature/hid-sensor-temperature.c   |    6 +-
 drivers/iio/temperature/ltc2983.c                  |   10 +-
 drivers/iio/temperature/max31856.c                 |    2 +-
 drivers/iio/temperature/max31865.c                 |    2 +-
 drivers/iio/temperature/maxim_thermocouple.c       |   18 +-
 drivers/iio/temperature/tmp117.c                   |   13 +
 drivers/iio/test/iio-test-format.c                 |   97 +-
 drivers/iio/test/iio-test-rescale.c                |    2 +-
 drivers/staging/iio/adc/ad7816.c                   |    6 +-
 drivers/staging/iio/addac/adt7316-spi.c            |   13 +-
 drivers/staging/iio/frequency/ad9832.c             |    4 +-
 drivers/staging/iio/frequency/ad9834.c             |    8 +-
 include/linux/iio/types.h                          |   20 +
 include/linux/kstrtox.h                            |    3 +
 include/linux/math64.h                             |   18 +
 lib/kstrtox.c                                      |  115 +-
 lib/kstrtox.h                                      |   17 +-
 lib/math/div64.c                                   |   15 +
 lib/math/test_mul_u64_u64_div_u64.c                |    1 +
 lib/test-kstrtox.c                                 |  182 +++
 lib/vsprintf.c                                     |    2 +-
 232 files changed, 4615 insertions(+), 1403 deletions(-)
 create mode 100644 Documentation/ABI/testing/sysfs-bus-iio-frequency
 create mode 100644 Documentation/devicetree/bindings/iio/frequency/adi,adf41513.yaml
 create mode 100644 Documentation/devicetree/bindings/iio/magnetometer/qstcorp,qmc5883l.yaml
 create mode 100644 Documentation/iio/adf41513.rst
 create mode 100644 drivers/iio/frequency/adf41513.c
 create mode 100644 drivers/iio/magnetometer/qmc5883l.c
Merging nfc/for-next (ed85d4cbbfaa4 nfc: llcp: bound SNL TLV parsing to the skb and add length checks)
$ git merge -m Merge branch 'for-next' of https://codeberg.org/linux-nfc/linux.git nfc/for-next
Auto-merging MAINTAINERS
Auto-merging net/nfc/nci/rsp.c
CONFLICT (content): Merge conflict in net/nfc/nci/rsp.c
Resolved 'net/nfc/nci/rsp.c' using previous resolution.
Automatic merge failed; fix conflicts and then commit the result.
$ git commit --no-edit -v -a
[master 6209372122c43] Merge branch 'for-next' of https://codeberg.org/linux-nfc/linux.git
$ git diff -M --stat --summary HEAD^..
 net/nfc/nci/rsp.c | 9 +++++++++
 1 file changed, 9 insertions(+)
Merging phy-next/next (dc59e4fea9d83 Linux 7.2-rc1)
$ git merge -m Merge branch 'next' of https://git.kernel.org/pub/scm/linux/kernel/git/phy/linux-phy.git phy-next/next
Already up to date.
Merging soundwire/next (90af3209742db soundwire: dmi-quirks: Disable ghost Realtek on Asus Expertbook)
$ git merge -m Merge branch 'next' of https://git.kernel.org/pub/scm/linux/kernel/git/vkoul/soundwire.git soundwire/next
Merge made by the 'ort' strategy.
 .../bindings/soundwire/qcom,soundwire.yaml           | 20 ++++++++++----------
 drivers/soundwire/dmi-quirks.c                       |  7 +++++++
 drivers/soundwire/qcom.c                             |  9 ++++++---
 3 files changed, 23 insertions(+), 13 deletions(-)
Merging extcon/extcon-next (254f49634ee16 Linux 7.1-rc1)
$ git merge -m Merge branch 'extcon-next' of https://git.kernel.org/pub/scm/linux/kernel/git/chanwoo/extcon.git extcon/extcon-next
Already up to date.
Merging gnss/gnss-next (5d6919055dec1 Linux 7.1-rc3)
$ git merge -m Merge branch 'gnss-next' of https://git.kernel.org/pub/scm/linux/kernel/git/johan/gnss.git gnss/gnss-next
Already up to date.
Merging vfio/next (785562e31dbcd vfio: selftests: Ensure libvfio output dirs are always created)
$ git merge -m Merge branch 'next' of https://github.com/awilliam/linux-vfio.git vfio/next
Already up to date.
Merging w1/for-next (169ae5e65e5aa w1: ds28e17: reject an oversize length on an I2C block read)
$ git merge -m Merge branch 'for-next' of https://git.kernel.org/pub/scm/linux/kernel/git/krzk/linux-w1.git w1/for-next
Merge made by the 'ort' strategy.
 Documentation/devicetree/bindings/w1/omap-hdq.txt | 22 -------
 Documentation/devicetree/bindings/w1/ti,hdq.yaml  | 70 +++++++++++++++++++++++
 Documentation/w1/masters/omap-hdq.rst             |  2 +-
 drivers/w1/masters/ds2482.c                       |  8 +++
 drivers/w1/slaves/w1_ds28e17.c                    |  8 +++
 5 files changed, 87 insertions(+), 23 deletions(-)
 delete mode 100644 Documentation/devicetree/bindings/w1/omap-hdq.txt
 create mode 100644 Documentation/devicetree/bindings/w1/ti,hdq.yaml
Merging spmi/spmi-next (3443eec9c55d1 spmi: use kzalloc_flex in main allocation)
$ git merge -m Merge branch 'spmi-next' of https://git.kernel.org/pub/scm/linux/kernel/git/sboyd/spmi.git spmi/spmi-next
Already up to date.
Merging staging/staging-next (dc59e4fea9d83 Linux 7.2-rc1)
$ git merge -m Merge branch 'staging-next' of https://git.kernel.org/pub/scm/linux/kernel/git/gregkh/staging.git staging/staging-next
Already up to date.
Merging counter-next/counter-next (dc59e4fea9d83 Linux 7.2-rc1)
$ git merge -m Merge branch 'counter-next' of https://git.kernel.org/pub/scm/linux/kernel/git/wbg/counter.git counter-next/counter-next
Already up to date.
Merging mux/for-next (59b723cd2adba Linux 6.12-rc6)
$ git merge -m Merge branch 'for-next' of https://gitlab.com/peda-linux/mux.git mux/for-next
Already up to date.
Merging dmaengine/next (0d3e3376b289c dmaengine: pl330: remove debugfs file on teardown)
$ git merge -m Merge branch 'next' of https://git.kernel.org/pub/scm/linux/kernel/git/vkoul/dmaengine.git dmaengine/next
Auto-merging drivers/crypto/atmel-aes.c
Merge made by the 'ort' strategy.
 .../devicetree/bindings/dma/mediatek,uart-dma.yaml |   1 +
 .../bindings/dma/xilinx/xlnx,axi-dma.yaml          |  13 +-
 Documentation/driver-api/dmaengine/client.rst      |   9 ++
 drivers/crypto/atmel-aes.c                         |  10 +-
 drivers/dma/dmaengine.c                            |   2 +
 drivers/dma/dw-axi-dmac/dw-axi-dmac-platform.c     |   2 +-
 drivers/dma/dw-edma/dw-edma-core.c                 |  41 ++++--
 drivers/dma/hisi_dma.c                             |   2 +-
 drivers/dma/mediatek/mtk-uart-apdma.c              |   2 +-
 drivers/dma/pl330.c                                |  19 ++-
 drivers/dma/tegra210-adma.c                        |  12 +-
 drivers/dma/xilinx/xilinx_dma.c                    |  64 +++++----
 drivers/dma/xilinx/zynqmp_dma.c                    |   6 +-
 drivers/nvme/target/pci-epf.c                      |  33 +----
 drivers/pci/endpoint/functions/pci-epf-mhi.c       |  52 +++----
 drivers/pci/endpoint/functions/pci-epf-test.c      |   8 +-
 include/linux/dmaengine.h                          | 149 +++++++++++++++++++--
 17 files changed, 282 insertions(+), 143 deletions(-)
Merging cgroup/for-next (ec98784b247b2 Merge branch 'for-7.3' into for-next)
$ git merge -m Merge branch 'for-next' of https://git.kernel.org/pub/scm/linux/kernel/git/tj/cgroup.git cgroup/for-next
Auto-merging Documentation/admin-guide/cgroup-v2.rst
Auto-merging kernel/cgroup/cpuset.c
Merge made by the 'ort' strategy.
 Documentation/admin-guide/cgroup-v2.rst            | 34 +++++++++++++--
 include/linux/cgroup-defs.h                        |  2 +-
 include/linux/cgroup.h                             |  2 +-
 kernel/cgroup/cpuset.c                             | 49 +++++++++++++---------
 tools/cgroup/iocost_monitor.py                     | 10 ++---
 .../selftests/cgroup/lib/include/cgroup_util.h     |  1 +
 tools/testing/selftests/cgroup/test_cpu.c          | 43 ++++++++++++++++---
 tools/testing/selftests/cgroup/test_cpuset_prs.sh  | 11 ++++-
 8 files changed, 115 insertions(+), 37 deletions(-)
Merging scsi/for-next (cf1af0ccca54d Merge branch 'misc' into for-next)
$ git merge -m Merge branch 'for-next' of https://git.kernel.org/pub/scm/linux/kernel/git/jejb/scsi.git scsi/for-next
Merge made by the 'ort' strategy.
Merging scsi-mkp/for-next (57a6ed0b41677 scsi: bfa: Reduce kernel stack usage in bfa_fcs_lport_fdmi_build_portattr_block())
$ git merge -m Merge branch 'for-next' of https://git.kernel.org/pub/scm/linux/kernel/git/mkp/scsi.git scsi-mkp/for-next
Auto-merging drivers/scsi/scsi_lib.c
Merge made by the 'ort' strategy.
 drivers/scsi/bfa/bfa_fcs_lport.c |  2 +-
 drivers/scsi/scsi_lib.c          |  8 --------
 drivers/scsi/scsi_priv.h         |  1 +
 drivers/xen/xen-scsiback.c       | 30 +++++++++++++++++++++++-------
 include/scsi/scsi_device.h       |  1 -
 5 files changed, 25 insertions(+), 17 deletions(-)
Merging vhost/linux-next (1f673033c0273 vduse: Add suspend)
$ git merge -m Merge branch 'linux-next' of https://git.kernel.org/pub/scm/linux/kernel/git/mst/vhost.git vhost/linux-next
Auto-merging drivers/vdpa/vdpa_user/vduse_dev.c
Merge made by the 'ort' strategy.
 drivers/vdpa/vdpa_user/vduse_dev.c | 136 +++++++++++++++++++++++++++++++++----
 include/uapi/linux/vduse.h         |  29 +++++++-
 2 files changed, 150 insertions(+), 15 deletions(-)
Merging rpmsg/for-next (8ca01dbc70b58 Merge branch 'rproc-next' into for-next)
$ git merge -m Merge branch 'for-next' of https://git.kernel.org/pub/scm/linux/kernel/git/remoteproc/linux.git rpmsg/for-next
Merge made by the 'ort' strategy.
 .../devicetree/bindings/remoteproc/qcom,adsp.yaml  |  82 +++++------
 .../remoteproc/qcom,kaanapali-soccp-pas.yaml       | 156 +++++++++++++++++++++
 .../bindings/remoteproc/qcom,milos-pas.yaml        |  26 +++-
 .../bindings/remoteproc/qcom,pas-common.yaml       |  28 ++--
 .../bindings/remoteproc/qcom,qcs404-pas.yaml       |  22 ++-
 .../bindings/remoteproc/qcom,sa8775p-pas.yaml      |  22 ++-
 .../bindings/remoteproc/qcom,sc7180-pas.yaml       |  28 ++++
 .../bindings/remoteproc/qcom,sc8280xp-pas.yaml     |  28 ++++
 .../bindings/remoteproc/qcom,sdx55-pas.yaml        |  24 +++-
 .../bindings/remoteproc/qcom,shikra-pas.yaml       |  20 +++
 .../bindings/remoteproc/qcom,sm6115-pas.yaml       |  28 ++++
 .../bindings/remoteproc/qcom,sm6350-pas.yaml       |  28 ++++
 .../bindings/remoteproc/qcom,sm6375-pas.yaml       |  28 ++++
 .../bindings/remoteproc/qcom,sm8150-pas.yaml       |  28 ++++
 .../bindings/remoteproc/qcom,sm8350-pas.yaml       |  28 ++++
 .../bindings/remoteproc/qcom,sm8550-pas.yaml       |  28 ++++
 drivers/firmware/xilinx/zynqmp.c                   |  93 ++++++++++++
 drivers/remoteproc/imx_dsp_rproc.c                 |  41 ++----
 drivers/remoteproc/imx_rproc.c                     |  40 +-----
 drivers/remoteproc/keystone_remoteproc.c           |   2 +-
 drivers/remoteproc/omap_remoteproc.c               |   2 +-
 drivers/remoteproc/qcom_common.h                   |   6 +
 drivers/remoteproc/qcom_q6v5.c                     |   3 +-
 drivers/remoteproc/qcom_q6v5_pas.c                 |  86 ++++++++++++
 drivers/remoteproc/qcom_sysmon.c                   |  19 +++
 drivers/remoteproc/rcar_rproc.c                    |  41 +-----
 drivers/remoteproc/remoteproc_internal.h           |  54 +++++++
 drivers/remoteproc/st_remoteproc.c                 |  31 +---
 drivers/remoteproc/stm32_rproc.c                   |  39 +-----
 drivers/remoteproc/xlnx_r5_remoteproc.c            | 138 +++---------------
 include/linux/firmware/xlnx-zynqmp.h               |  12 ++
 31 files changed, 843 insertions(+), 368 deletions(-)
 create mode 100644 Documentation/devicetree/bindings/remoteproc/qcom,kaanapali-soccp-pas.yaml
Merging gpio-brgl/gpio/for-next (8fe6fa0f223f4 gpio: sifive: add missing MODULE_DEVICE_TABLE())
$ git merge -m Merge branch 'gpio/for-next' of https://git.kernel.org/pub/scm/linux/kernel/git/brgl/linux.git gpio-brgl/gpio/for-next
Merge made by the 'ort' strategy.
 .../bindings/gpio/realtek,rtd1625-gpio.yaml        |  71 +++
 drivers/gpio/Kconfig                               |  14 +-
 drivers/gpio/Makefile                              |   1 +
 drivers/gpio/gpio-amd-fch.c                        |  22 +-
 drivers/gpio/gpio-mt7621.c                         |  40 +-
 drivers/gpio/gpio-mvebu.c                          |  40 +-
 drivers/gpio/gpio-nomadik.c                        |  64 +--
 drivers/gpio/gpio-pca9570.c                        |   2 +-
 drivers/gpio/gpio-rcar.c                           |   1 -
 drivers/gpio/gpio-rockchip.c                       |  16 +-
 drivers/gpio/gpio-rtd1625.c                        | 611 +++++++++++++++++++++
 drivers/gpio/gpio-sifive.c                         |   1 +
 drivers/gpio/gpio-tb10x.c                          |   5 +-
 drivers/gpio/gpiolib-cdev.c                        |   9 +-
 drivers/gpio/gpiolib-kunit.c                       | 280 +++++++++-
 15 files changed, 1063 insertions(+), 114 deletions(-)
 create mode 100644 Documentation/devicetree/bindings/gpio/realtek,rtd1625-gpio.yaml
 create mode 100644 drivers/gpio/gpio-rtd1625.c
Merging gpio-intel/for-next (dc59e4fea9d83 Linux 7.2-rc1)
$ git merge -m Merge branch 'for-next' of https://git.kernel.org/pub/scm/linux/kernel/git/andy/linux-gpio-intel.git gpio-intel/for-next
Already up to date.
Merging pinctrl/for-next (94cb9e8f27079 pinctrl: s32cc: implement GPIO functionality)
$ git merge -m Merge branch 'for-next' of https://git.kernel.org/pub/scm/linux/kernel/git/linusw/linux-pinctrl.git pinctrl/for-next
Auto-merging MAINTAINERS
Merge made by the 'ort' strategy.
 .../pinctrl/aspeed,ast2700-soc1-pinctrl.yaml       |   1 +
 .../bindings/pinctrl/nxp,s32g2-siul2-pinctrl.yaml  |  90 ++-
 MAINTAINERS                                        |   7 +
 drivers/pinctrl/aspeed/pinctrl-aspeed-g7-soc1.c    |   6 +-
 drivers/pinctrl/bcm/pinctrl-bcm2835.c              |   1 -
 drivers/pinctrl/freescale/pinctrl-imx1-core.c      |   7 +-
 drivers/pinctrl/nxp/Kconfig                        |   3 +-
 drivers/pinctrl/nxp/pinctrl-s32.h                  |  35 +-
 drivers/pinctrl/nxp/pinctrl-s32cc.c                | 768 ++++++++++++++++++---
 drivers/pinctrl/nxp/pinctrl-s32g2.c                |  47 +-
 drivers/pinctrl/pinctrl-tb10x.c                    |   2 +-
 11 files changed, 856 insertions(+), 111 deletions(-)
Merging pinctrl-intel/for-next (dc59e4fea9d83 Linux 7.2-rc1)
$ git merge -m Merge branch 'for-next' of https://git.kernel.org/pub/scm/linux/kernel/git/pinctrl/intel.git pinctrl-intel/for-next
Already up to date.
Merging pinctrl-renesas/renesas-pinctrl (5a653cedec948 pinctrl: renesas: rza2: Embed pins in the priv struct)
$ git merge -m Merge branch 'renesas-pinctrl' of https://git.kernel.org/pub/scm/linux/kernel/git/geert/renesas-drivers.git pinctrl-renesas/renesas-pinctrl
Merge made by the 'ort' strategy.
 drivers/pinctrl/renesas/pinctrl-rza2.c | 26 +++++++++++---------------
 1 file changed, 11 insertions(+), 15 deletions(-)
Merging pinctrl-samsung/for-next (dc59e4fea9d83 Linux 7.2-rc1)
$ git merge -m Merge branch 'for-next' of https://git.kernel.org/pub/scm/linux/kernel/git/pinctrl/samsung.git pinctrl-samsung/for-next
Already up to date.
Merging pinctrl-qcom/pinctrl-qcom/for-next (251b53103a2e5 pinctrl: qcom: Add the tlmm driver for Maili platform)
$ git merge -m Merge branch 'pinctrl-qcom/for-next' of https://git.kernel.org/pub/scm/linux/kernel/git/brgl/linux.git pinctrl-qcom/pinctrl-qcom/for-next
Auto-merging drivers/pinctrl/qcom/pinctrl-msm.c
Merge made by the 'ort' strategy.
 .../bindings/pinctrl/qcom,maili-tlmm.yaml          |  120 ++
 .../bindings/pinctrl/qcom,pmic-gpio.yaml           |    3 +
 drivers/pinctrl/qcom/Kconfig.msm                   |   10 +
 drivers/pinctrl/qcom/Makefile                      |    1 +
 drivers/pinctrl/qcom/pinctrl-maili.c               | 1625 ++++++++++++++++++++
 drivers/pinctrl/qcom/pinctrl-msm.c                 |    9 +-
 drivers/pinctrl/qcom/pinctrl-spmi-gpio.c           |    1 +
 drivers/pinctrl/qcom/tlmm-test.c                   |    3 -
 8 files changed, 1763 insertions(+), 9 deletions(-)
 create mode 100644 Documentation/devicetree/bindings/pinctrl/qcom,maili-tlmm.yaml
 create mode 100644 drivers/pinctrl/qcom/pinctrl-maili.c
Merging pwm/pwm/for-next (1a4920940ebfd pwm: Use named initializers for platform_device_id arrays)
$ git merge -m Merge branch 'pwm/for-next' of https://git.kernel.org/pub/scm/linux/kernel/git/ukleinek/linux.git pwm/pwm/for-next
Auto-merging drivers/pwm/pwm-adp5585.c
Auto-merging drivers/pwm/pwm-pxa.c
Merge made by the 'ort' strategy.
 drivers/pwm/pwm-adp5585.c    |  4 ++--
 drivers/pwm/pwm-mc33xs2410.c |  2 +-
 drivers/pwm/pwm-pxa.c        | 12 ++++++------
 3 files changed, 9 insertions(+), 9 deletions(-)
Merging ktest/for-next (932cdaf3e273a ktest: Add logfile to failure directory)
$ git merge -m Merge branch 'for-next' of https://git.kernel.org/pub/scm/linux/kernel/git/rostedt/linux-ktest.git ktest/for-next
Already up to date.
Merging kselftest/next (dc59e4fea9d83 Linux 7.2-rc1)
$ git merge -m Merge branch 'next' of https://git.kernel.org/pub/scm/linux/kernel/git/shuah/linux-kselftest.git kselftest/next
Already up to date.
Merging kunit/test (dc59e4fea9d83 Linux 7.2-rc1)
$ git merge -m Merge branch 'test' of https://git.kernel.org/pub/scm/linux/kernel/git/shuah/linux-kselftest.git kunit/test
Already up to date.
Merging kunit-next/kunit (643ec8ff7d8ed kunit: Add example of test suite that can be skipped at runtime)
$ git merge -m Merge branch 'kunit' of https://git.kernel.org/pub/scm/linux/kernel/git/shuah/linux-kselftest.git kunit-next/kunit
Merge made by the 'ort' strategy.
 include/kunit/test.h           |  1 +
 lib/kunit/debugfs.c            | 28 ++++++++++++++++++++--------
 lib/kunit/kunit-example-test.c | 29 +++++++++++++++++++++++++++++
 lib/kunit/test.c               | 17 ++++++++++++++++-
 rust/kernel/kunit.rs           |  1 +
 5 files changed, 67 insertions(+), 9 deletions(-)
Merging livepatching/for-next (0839c8963b7b2 Merge tag 'livepatching-for-7.2' of git://git.kernel.org/pub/scm/linux/kernel/git/livepatching/livepatching)
$ git merge -m Merge branch 'for-next' of https://git.kernel.org/pub/scm/linux/kernel/git/livepatching/livepatching.git livepatching/for-next
Already up to date.
Merging rtc/rtc-next (dc59e4fea9d83 Linux 7.2-rc1)
$ git merge -m Merge branch 'rtc-next' of https://git.kernel.org/pub/scm/linux/kernel/git/abelloni/linux.git rtc/rtc-next
Already up to date.
Merging nvdimm/libnvdimm-for-next (86e411b6ec277 MAINTAINERS: nvdimm: Include maintainer profile)
$ git merge -m Merge branch 'libnvdimm-for-next' of https://git.kernel.org/pub/scm/linux/kernel/git/nvdimm/nvdimm.git nvdimm/libnvdimm-for-next
Already up to date.
Merging at24/at24/for-next (dc59e4fea9d83 Linux 7.2-rc1)
$ git merge -m Merge branch 'at24/for-next' of https://git.kernel.org/pub/scm/linux/kernel/git/brgl/linux.git at24/at24/for-next
Already up to date.
Merging ntb/ntb-next (dc59e4fea9d83 Linux 7.2-rc1)
$ git merge -m Merge branch 'ntb-next' of https://github.com/jonmason/ntb.git ntb/ntb-next
Already up to date.
Merging seccomp/for-next/seccomp (41fa043273841 selftests/seccomp: Add hard-coded __NR_uprobe for x86_64)
$ git merge -m Merge branch 'for-next/seccomp' of https://git.kernel.org/pub/scm/linux/kernel/git/kees/linux.git seccomp/for-next/seccomp
Already up to date.
Merging slimbus/for-next (c922423ce66bc slimbus: qcom-ngd-ctrl: Use the unified QMI service ID instead of defining it locally)
$ git merge -m Merge branch 'for-next' of https://git.kernel.org/pub/scm/linux/kernel/git/srini/slimbus.git slimbus/for-next
Merge made by the 'ort' strategy.
 drivers/slimbus/qcom-ngd-ctrl.c | 5 ++---
 1 file changed, 2 insertions(+), 3 deletions(-)
Merging nvmem/for-next (a3122a19f00b7 nvmem: layouts: u-boot-env: check earlier for ethaddr length)
$ git merge -m Merge branch 'for-next' of https://git.kernel.org/pub/scm/linux/kernel/git/srini/nvmem.git nvmem/for-next
Auto-merging drivers/nvmem/nintendo-otp.c
Merge made by the 'ort' strategy.
 .../bindings/nvmem/airoha,smc-efuses.yaml          |  67 +++++++++++
 .../bindings/nvmem/microchip,lan9662-otpc.yaml     |   1 +
 .../devicetree/bindings/nvmem/qcom,qfprom.yaml     |   4 +
 drivers/nvmem/Kconfig                              |  22 +++-
 drivers/nvmem/Makefile                             |   2 +
 drivers/nvmem/airoha-smc-efuses.c                  | 125 +++++++++++++++++++++
 drivers/nvmem/core.c                               |   4 +
 drivers/nvmem/lan9662-otpc.c                       |  12 +-
 drivers/nvmem/layouts/u-boot-env.c                 |   5 +-
 drivers/nvmem/nintendo-otp.c                       |   9 +-
 drivers/nvmem/rockchip-otp.c                       |   9 +-
 11 files changed, 236 insertions(+), 24 deletions(-)
 create mode 100644 Documentation/devicetree/bindings/nvmem/airoha,smc-efuses.yaml
 create mode 100644 drivers/nvmem/airoha-smc-efuses.c
Merging hyperv/hyperv-next (a4ffc59238be8 mshv: add bounds check on vp_index in mshv_intercept_isr())
$ git merge -m Merge branch 'hyperv-next' of https://git.kernel.org/pub/scm/linux/kernel/git/hyperv/linux.git hyperv/hyperv-next
Already up to date.
Merging auxdisplay/for-next (dc59e4fea9d83 Linux 7.2-rc1)
$ git merge -m Merge branch 'for-next' of https://git.kernel.org/pub/scm/linux/kernel/git/andy/linux-auxdisplay.git auxdisplay/for-next
Already up to date.
Merging kgdb/kgdb/for-next (fdbdd0ccb30af kdb: remove redundant check for scancode 0xe0)
$ git merge -m Merge branch 'kgdb/for-next' of https://git.kernel.org/pub/scm/linux/kernel/git/danielt/linux.git kgdb/kgdb/for-next
Already up to date.
Merging hmm/hmm (19272b37aa4f8 Linux 6.16-rc1)
$ git merge -m Merge branch 'hmm' of https://git.kernel.org/pub/scm/linux/kernel/git/rdma/rdma.git hmm/hmm
Already up to date.
Merging cfi/cfi/next (dc59e4fea9d83 Linux 7.2-rc1)
$ git merge -m Merge branch 'cfi/next' of https://git.kernel.org/pub/scm/linux/kernel/git/mtd/linux.git cfi/cfi/next
Already up to date.
Merging mhi/mhi-next (32845111e8ea6 bus: mhi: host: pci_generic: Fix the physical function check)
$ git merge -m Merge branch 'mhi-next' of https://git.kernel.org/pub/scm/linux/kernel/git/mani/mhi.git mhi/mhi-next
Already up to date.
$ git am -3 ../patches/0001-fix-up-for-net-qrtr-Drop-the-MHI-auto_queue-feature-.patch
Applying: fix up for "net: qrtr: Drop the MHI auto_queue feature for IPCR DL channels"
Using index info to reconstruct a base tree...
M	drivers/net/wireless/ath/ath12k/wifi7/mhi.c
Falling back to patching base and 3-way merge...
No changes -- Patch already applied.
Merging memblock/for-next (717cd4552ae42 Merge branch 'numa_memblks-redundant-work' into for-next)
$ git merge -m Merge branch 'for-next' of https://git.kernel.org/pub/scm/linux/kernel/git/rppt/memblock.git memblock/for-next
Auto-merging arch/riscv/mm/init.c
Auto-merging drivers/base/arch_numa.c
Auto-merging mm/hugetlb.c
Auto-merging mm/mm_init.c
Merge made by the 'ort' strategy.
 arch/arm/mm/kasan_init.c               |  6 ----
 arch/arm64/mm/kasan_init.c             |  3 --
 arch/loongarch/kernel/numa.c           |  1 -
 arch/loongarch/mm/kasan_init.c         |  3 --
 arch/powerpc/mm/kasan/init_book3e_64.c |  3 --
 arch/powerpc/mm/kasan/init_book3s_64.c |  3 --
 arch/riscv/mm/init.c                   |  2 --
 arch/riscv/mm/kasan_init.c             |  3 --
 arch/x86/mm/amdtopology.c              |  1 -
 arch/x86/mm/numa.c                     |  1 -
 drivers/acpi/numa/srat.c               |  2 --
 drivers/base/arch_numa.c               |  4 ---
 drivers/of/of_numa.c                   |  5 +--
 mm/hugetlb.c                           |  7 ++--
 mm/memblock.c                          |  4 +--
 mm/mm_init.c                           | 63 +++-------------------------------
 mm/numa_memblks.c                      | 41 ++++++++++------------
 17 files changed, 27 insertions(+), 125 deletions(-)
Merging cxl/next (bdc0a9797abd9 Merge branch 'for-7.3/cxl-type2-support' into cxl-for-next)
$ git merge -m Merge branch 'next' of https://git.kernel.org/pub/scm/linux/kernel/git/cxl/cxl.git cxl/next
Merge made by the 'ort' strategy.
 Documentation/driver-api/cxl/linux/dax-driver.rst |  4 +-
 drivers/cxl/core/core.h                           |  2 +
 drivers/cxl/core/mbox.c                           | 65 +---------------------
 drivers/cxl/core/mce.c                            | 27 +++++----
 drivers/cxl/core/memdev.c                         | 67 +++++++++++++++++++++++
 drivers/cxl/core/pci.c                            |  1 +
 drivers/cxl/core/port.c                           |  1 +
 drivers/cxl/core/region.c                         | 43 +++++----------
 drivers/cxl/core/regs.c                           |  1 +
 drivers/cxl/cxl.h                                 |  8 +--
 drivers/cxl/cxlmem.h                              |  4 +-
 drivers/cxl/cxlpci.h                              | 12 ----
 drivers/cxl/pci.c                                 |  7 +--
 include/cxl/cxl.h                                 |  2 +
 include/cxl/pci.h                                 | 22 ++++++++
 15 files changed, 132 insertions(+), 134 deletions(-)
 create mode 100644 include/cxl/pci.h
Merging zstd/zstd-next (65d1f5507ed2c zstd: Import upstream v1.5.7)
$ git merge -m Merge branch 'zstd-next' of https://github.com/terrelln/linux.git zstd/zstd-next
Already up to date.
Merging efi/next (48a4282157823 efi/capsule-loader: fix incorrect sizeof in phys array reallocation)
$ git merge -m Merge branch 'next' of https://git.kernel.org/pub/scm/linux/kernel/git/efi/efi.git efi/next
Already up to date.
Merging unicode/for-next (bcfee135d5847 utf8: Remove unused utf8_normalize)
$ git merge -m Merge branch 'for-next' of https://git.kernel.org/pub/scm/linux/kernel/git/krisman/unicode.git unicode/for-next
Auto-merging fs/unicode/utf8-core.c
Merge made by the 'ort' strategy.
 fs/unicode/utf8-core.c  | 22 ----------------------
 include/linux/unicode.h |  3 ---
 2 files changed, 25 deletions(-)
Merging slab/slab/for-next (ea0c7a9244594 docs: ABI: sysfs-kernel-slab: mark cpu_partial attributes deprecated)
$ git merge -m Merge branch 'slab/for-next' of https://git.kernel.org/pub/scm/linux/kernel/git/vbabka/slab.git slab/slab/for-next
Auto-merging Documentation/admin-guide/kernel-parameters.txt
Merge made by the 'ort' strategy.
 Documentation/ABI/testing/sysfs-kernel-slab     | 18 ++++++----
 Documentation/admin-guide/kernel-parameters.txt |  5 +++
 mm/mempool.c                                    | 35 +++++++++++++------
 mm/slub.c                                       | 46 ++++++-------------------
 4 files changed, 51 insertions(+), 53 deletions(-)
$ git am -3 ../patches/0001-drm-panthor-I-love-Werror.patch
Applying: drm/panthor: I love -Werror
Using index info to reconstruct a base tree...
M	drivers/gpu/drm/panthor/panthor_mmu.c
Falling back to patching base and 3-way merge...
Auto-merging drivers/gpu/drm/panthor/panthor_mmu.c
No changes -- Patch already applied.
Merging random/master (bb9ff576fdff4 virt: vmgenid: remap memory as decrypted)
$ git merge -m Merge branch 'master' of https://git.kernel.org/pub/scm/linux/kernel/git/crng/random.git random/master
Merge made by the 'ort' strategy.
 drivers/virt/vmgenid.c | 3 ++-
 1 file changed, 2 insertions(+), 1 deletion(-)
Merging landlock/next (98c522eb8d64c landlock: Fix kernel-doc for the nested quiet layer flag)
$ git merge -m Merge branch 'next' of https://git.kernel.org/pub/scm/linux/kernel/git/mic/linux.git landlock/next
Merge made by the 'ort' strategy.
 security/landlock/net.c                     |  8 +++
 security/landlock/ruleset.h                 |  4 +-
 tools/testing/selftests/landlock/net_test.c | 94 +++++++++++++++++++++++++++++
 3 files changed, 104 insertions(+), 2 deletions(-)
Merging sysctl/sysctl-next (f63a9df7e3f9f sysctl: fix uninitialized variable in proc_do_large_bitmap)
$ git merge -m Merge branch 'sysctl-next' of https://git.kernel.org/pub/scm/linux/kernel/git/sysctl/sysctl.git sysctl/sysctl-next
Already up to date.
Merging execve/for-next/execve (9bf092c97b86a sched: update task_struct->comm comment)
$ git merge -m Merge branch 'for-next/execve' of https://git.kernel.org/pub/scm/linux/kernel/git/kees/linux.git execve/for-next/execve
Already up to date.
Merging bitmap/bitmap-for-next (40d3c88df9d82 bitops: make the *_bit_le functions use unsigned long)
$ git merge -m Merge branch 'bitmap-for-next' of https://github.com/norov/linux.git bitmap/bitmap-for-next
Merge made by the 'ort' strategy.
 drivers/firmware/psci/psci_checker.c | 15 ++-------------
 include/asm-generic/bitops/le.h      | 18 +++++++++---------
 include/linux/bitmap.h               |  4 ++--
 include/linux/bits.h                 |  6 +++---
 tools/include/linux/bits.h           |  6 +++---
 5 files changed, 19 insertions(+), 30 deletions(-)
Merging hte/for-next (005b25ad11717 hte: tegra194: Add Tegra264 GTE support)
$ git merge -m Merge branch 'for-next' of https://git.kernel.org/pub/scm/linux/kernel/git/pateldipen1984/linux.git hte/for-next
Already up to date.
Merging kspp/for-next/kspp (c2606fb910d7c Merge branch 'for-next/hardening' into for-next/kspp)
$ git merge -m Merge branch 'for-next/kspp' of https://git.kernel.org/pub/scm/linux/kernel/git/kees/linux.git kspp/for-next/kspp
Merge made by the 'ort' strategy.
Merging nolibc/for-next (a3b2181459a2c tools/nolibc: mark arg1 operand in __nolibc_syscall0() as write-only)
$ git merge -m Merge branch 'for-next' of https://git.kernel.org/pub/scm/linux/kernel/git/nolibc/linux-nolibc.git nolibc/for-next
Merge made by the 'ort' strategy.
 tools/include/nolibc/arch-sparc.h            |  2 +-
 tools/include/nolibc/unistd.h                | 58 ++++++++++++++++++++++++++++
 tools/testing/selftests/nolibc/nolibc-test.c | 53 +++++++++++++++++++++++++
 3 files changed, 112 insertions(+), 1 deletion(-)
Merging iommufd/for-next (dc59e4fea9d83 Linux 7.2-rc1)
$ git merge -m Merge branch 'for-next' of https://git.kernel.org/pub/scm/linux/kernel/git/jgg/iommufd.git iommufd/for-next
Already up to date.
Merging turbostat/next (1c996a37fd244 tools/power turbostat: pmt: Improve sscanf() hygiene)
$ git merge -m Merge branch 'next' of https://git.kernel.org/pub/scm/linux/kernel/git/lenb/linux.git turbostat/next
Merge made by the 'ort' strategy.
 tools/power/x86/turbostat/turbostat.8 |   6 +-
 tools/power/x86/turbostat/turbostat.c | 567 ++++++++++++++++------------------
 2 files changed, 266 insertions(+), 307 deletions(-)
Merging pwrseq/pwrseq/for-next (162ea02941a93 power: sequencing: pwrseq-pcie-m2: Add QCC2072 BT PCI device ID)
$ git merge -m Merge branch 'pwrseq/for-next' of https://git.kernel.org/pub/scm/linux/kernel/git/brgl/linux.git pwrseq/pwrseq/for-next
Auto-merging drivers/power/sequencing/pwrseq-pcie-m2.c
Merge made by the 'ort' strategy.
 drivers/power/sequencing/pwrseq-pcie-m2.c | 8 ++++++++
 1 file changed, 8 insertions(+)
Merging capabilities-next/caps-next (0715881360074 ipc: don't audit capability check in ipc_permissions())
$ git merge -m Merge branch 'caps-next' of https://git.kernel.org/pub/scm/linux/kernel/git/sergeh/linux.git capabilities-next/caps-next
Already up to date.
$ git am -3 ../patches/0001-sign-file-Fix-up-merge-issue.patch
Applying: sign-file: Fix up merge issue
Using index info to reconstruct a base tree...
M	scripts/sign-file.c
Falling back to patching base and 3-way merge...
Auto-merging scripts/sign-file.c
No changes -- Patch already applied.
Merging ipe/next (028ef9c96e961 Linux 7.0)
$ git merge -m Merge branch 'next' of https://git.kernel.org/pub/scm/linux/kernel/git/wufan/ipe.git ipe/next
Already up to date.
Merging kcsan/next (07a1a6562ce29 kcsan: Silence -Wmaybe-uninitialized when calling __kcsan_check_access())
$ git merge -m Merge branch 'next' of https://git.kernel.org/pub/scm/linux/kernel/git/melver/linux.git kcsan/next
Already up to date.
Merging crc/crc-next (dc59e4fea9d83 Linux 7.2-rc1)
$ git merge -m Merge branch 'crc-next' of https://git.kernel.org/pub/scm/linux/kernel/git/ebiggers/linux.git crc/crc-next
Already up to date.
Merging keys-next/keys-next (965e9a2cf23b0 pkcs7: Change a pr_warn() to pr_warn_once())
$ git merge -m Merge branch 'keys-next' of https://git.kernel.org/pub/scm/linux/kernel/git/dhowells/linux-fs.git keys-next/keys-next
Already up to date.
Merging fwctl/for-next (dc59e4fea9d83 Linux 7.2-rc1)
$ git merge -m Merge branch 'for-next' of https://git.kernel.org/pub/scm/linux/kernel/git/fwctl/fwctl.git fwctl/for-next
Already up to date.
Merging devsec-tsm/next (3177779ae17db virt: coco: change tsm_class to a const struct)
$ git merge -m Merge branch 'next' of https://git.kernel.org/pub/scm/linux/kernel/git/devsec/tsm.git devsec-tsm/next
Already up to date.
Merging hisilicon/for-next (6cdd694551d6a Merge branch 'next/dt64' into for-next)
$ git merge -m Merge branch 'for-next' of https://github.com/hisilicon/linux-hisi.git hisilicon/for-next
Merge made by the 'ort' strategy.
Merging device-id/device-id-rework (995832b2cebe6 Replace <linux/mod_devicetable.h> by more specific <linux/device-id/*.h> (c files))
$ git merge -m Merge branch 'device-id-rework' of https://git.kernel.org/pub/scm/linux/kernel/git/ukleinek/linux.git device-id/device-id-rework
Already up to date.
Merging kthread/for-next (fa39ec4f89f26 doc: Add housekeeping documentation)
$ git merge -m Merge branch 'for-next' of https://git.kernel.org/pub/scm/linux/kernel/git/frederic/linux-dynticks.git kthread/for-next
Already up to date.
